iteration,objective,L_upper,grad_L_upper,delta_L_delay_um,grad_delta_L_delay_um,Lc0,grad_Lc0,Lc1,grad_Lc1,Lc2,grad_Lc2,Lc3,grad_Lc3,channel1_transmission,channel1_crosstalk,channel1_insertion_loss_db,channel1_flatness_var,channel2_transmission,channel2_crosstalk,channel2_insertion_loss_db,channel2_flatness_var
0,149.3884735107422,26.0,78.7738037109375,15.0,-36.256622314453125,26.0,-12.034059524536133,2.0,14.035274505615234,18.0,-6.169328689575195,14.0,-0.16499900817871094,0.10093758255243301,0.7462934255599976,14.812638282775879,0.015606038272380829,0.37132877111434937,0.4996200501918793,4.326456546783447,0.0015201864298433065
1,26.019983291625977,25.950000000006348,797.5545654296875,15.049999999986209,-805.9329223632812,25.5,-2.2496767044067383,2.5,2.8276588916778564,18.049999999918953,-2.567091941833496,14.04999999696968,0.2772519588470459,0.43835338950157166,0.4238869249820709,5.02056884765625,0.07313989847898483,0.6053215265274048,0.2568560838699341,2.4096221923828125,0.03679608181118965
2,3.2481024265289307,25.909681745162985,56.00391387939453,15.088674211415881,-54.81122589111328,25.5,0.3833310604095459,2.5,-5.205544471740723,18.095229633390897,6.611014366149902,14.035150046510317,0.5957567095756531,0.6418727040290833,0.21881672739982605,1.9742196798324585,0.00859188474714756,0.7680639028549194,0.08086837828159332,1.1718966960906982,0.007097072433680296
3,4.987678527832031,25.876363821517756,-114.90641021728516,15.120666829609648,123.8809585571289,25.5,0.4729125499725342,2.5,6.310604095458984,18.097597545964636,1.258050560951233,14.001595790629661,0.47951412200927734,0.5882951617240906,0.2515629827976227,2.5125672817230225,0.027134573087096214,0.8122015595436096,0.018264302983880043,0.9206032156944275,0.005223307758569717
4,17.467161178588867,25.853465321497644,-598.6893310546875,15.142165922962949,534.0322265625,25.5,0.16221725940704346,2.5,-9.451336860656738,18.095661864754177,-11.178685188293457,13.962372366560702,0.03523373603820801,0.4534499943256378,0.3954475522041321,4.491455554962158,0.05607079342007637,0.8249664306640625,0.011364331468939781,0.8542472720146179,0.005916989408433437
5,17.052675247192383,25.854105302319148,-582.332763671875,15.14245057109232,516.0260009765625,25.5,0.17651909589767456,2.5,-10.101607322692871,18.115415213920233,-10.398120880126953,13.928091717946673,-1.5401091575622559,0.45876654982566833,0.39511507749557495,4.427215576171875,0.05687280744314194,0.8301533460617065,0.011187809519469738,0.8269234299659729,0.005946581717580557
6,7.831353664398193,25.86765132216528,-223.4485321044922,15.130459758056855,196.24826049804688,25.5,0.49181926250457764,2.508681719395908,-2.8331844806671143,18.144410957170834,-5.608315944671631,13.937063797335691,-0.5432974100112915,0.5510454177856445,0.30250081419944763,3.0409932136535645,0.044798459857702255,0.8316503167152405,0.012329218909144402,0.8224725723266602,0.00707846786826849
7,3.7433645725250244,25.884046906183144,-69.79617309570312,15.115714766072735,59.28034973144531,25.5,0.39894431829452515,2.5195087107270666,1.4019267559051514,18.176131325293433,-5.059659004211426,13.952059224695466,0.018496811389923096,0.6261897683143616,0.22682024538516998,2.1713714599609375,0.02155199646949768,0.8211098909378052,0.026609836146235466,0.8754484057426453,0.006126842461526394
8,2.7023942470550537,25.899934976755873,-0.7698814868927002,15.10142387334526,-5.113702774047852,25.5,0.36358559131622314,2.52743232372436,2.9165561199188232,18.209576514396453,-5.472304344177246,13.965027390781652,0.20399335026741028,0.6491628885269165,0.20493386685848236,1.9062974452972412,0.005805715918540955,0.7975988984107971,0.05510380491614342,0.99028080701828,0.0023968140594661236
9,3.3445067405700684,25.914055264573197,58.95375442504883,15.08884896973825,-71.05211639404297,25.5,0.38919341564178467,2.531147451463337,-0.2842763066291809,18.244774674611975,-5.884704113006592,13.973760231448418,0.02086162567138672,0.6285495162010193,0.22978757321834564,2.0581107139587402,0.006397834978997707,0.7654281258583069,0.09295789152383804,1.1719516515731812,0.003029301529750228
10,5.2232890129089355,25.92543742991562,130.9549560546875,15.079181919220517,-154.25851440429688,25.5,0.34774652123451233,2.534777542242374,-6.87851095199585,18.281708852800353,-5.498402118682861,13.981278931450195,-0.5907308459281921,0.5912512540817261,0.2749670147895813,2.429185628890991,0.019337669014930725,0.7337231040000916,0.13067589700222015,1.3861178159713745,0.010521098040044308
11,7.147128582000732,25.932928634466315,192.9013671875,15.073882972825043,-215.56417846679688,25.5,0.2457258701324463,2.5451140328096598,-10.993021011352539,18.319830165567115,-1.4420056343078613,13.995067502419584,-1.054503321647644,0.5611112117767334,0.31399568915367126,2.7716164588928223,0.0303278099745512,0.7088936567306519,0.1576472669839859,1.5567820072174072,0.014543259516358376
12,7.6794538497924805,25.935731431573778,207.6951446533203,15.073706116521594,-202.9087371826172,25.5,0.25964227318763733,2.563905812516328,-4.5782928466796875,18.355625291287822,7.659286022186279,14.017487599460374,-0.2714056968688965,0.5476058125495911,0.3233315050601959,2.8963406085968018,0.0302987489849329,0.6953948140144348,0.1645583063364029,1.625113844871521,0.010232302360236645
13,6.976619720458984,25.93413350252214,178.6028289794922,15.077730856480551,-143.38580322265625,25.5,0.37746182084083557,2.584852813040679,8.070516586303711,18.378064035550207,12.223764419555664,14.040499735017686,1.089057445526123,0.555780827999115,0.2970046401023865,2.790522813796997,0.025366181507706642,0.7044328451156616,0.14980585873126984,1.5574495792388916,0.0075013404712080956
14,5.669905185699463,25.92921325818222,128.9991455078125,15.084284019943285,-91.67816925048828,25.5,0.44733762741088867,2.59569439674673,11.156769752502441,18.384650565899403,9.644022941589355,14.048482941891132,1.6732463836669922,0.5837164521217346,0.2587226629257202,2.522860288619995,0.021797364577651024,0.7286720871925354,0.12178068608045578,1.409738540649414,0.007620275020599365
15,4.368919372558594,25.922262341547363,79.64519500732422,15.092083738315884,-52.60883331298828,25.5,0.4560900032520294,2.5954876917511824,8.413019180297852,18.381815026130635,6.374068737030029,14.040818106438666,1.4980477094650269,0.6136070489883423,0.22509993612766266,2.2450315952301025,0.017439590767025948,0.7547928094863892,0.09192495793104172,1.2528096437454224,0.007297630421817303
16,3.5014755725860596,25.914411097542793,39.12745666503906,15.10023460997743,-23.464237213134766,25.5,0.43919146060943604,2.588539868077516,4.583132743835449,18.373844194712905,4.004981994628906,14.023624052295576,0.8509183526039124,0.6334191560745239,0.20401093363761902,2.062488317489624,0.013227373361587524,0.7772939801216125,0.06637836992740631,1.1199700832366943,0.006606470327824354
17,3.165459394454956,25.906516598262655,5.879167079925537,15.108118112620517,0.1508285105228424,25.499451694906806,0.4305579662322998,2.578631441673668,1.2231680154800415,18.363253978554226,2.3830184936523438,14.002412324711452,-0.006169617176055908,0.6388469934463501,0.19796787202358246,2.0099399089813232,0.011594889685511589,0.7946563959121704,0.04680755361914635,1.0206726789474487,0.006194733083248138
18,3.301136016845703,25.89922985972662,-24.448396682739258,15.115274323246773,23.37828826904297,25.498079254273783,0.4469119906425476,2.5686513004665437,-1.3170900344848633,18.351617773080513,1.5314081907272339,13.983193571544643,-0.8045248985290527,0.6311303377151489,0.20505273342132568,2.077181100845337,0.013458329252898693,0.806948184967041,0.032964397221803665,0.952398419380188,0.0060561769641935825
19,3.762453556060791,25.8931017283085,-54.48192596435547,15.12127984344829,48.39692306518555,25.49591640673044,0.48138391971588135,2.560663598354308,-3.274773359298706,18.339727667660522,1.3140058517456055,13.971905527363704,-0.9760206341743469,0.6157096028327942,0.22044947743415833,2.220282793045044,0.017348304390907288,0.815674901008606,0.02403378114104271,0.9048718810081482,0.006007499061524868
20,4.3321661949157715,25.888643356681072,-81.88230895996094,15.125697800632143,72.24968719482422,25.49295444276398,0.5156073570251465,2.5561243953792174,-4.903742790222168,18.327774401045318,1.4685078859329224,13.968768396254646,-0.967609703540802,0.5996982455253601,0.2372639924287796,2.3758997917175293,0.021084407344460487,0.8220605850219727,0.018938666209578514,0.8711077570915222,0.006148036103695631
21,4.715477466583252,25.8862773751731,-99.16802215576172,15.128144995145547,87.66883850097656,25.489183683195595,0.5343136787414551,2.556058322920591,-6.156976222991943,18.315613275229833,1.8922945261001587,13.972555500010738,-0.9034322500228882,0.5899364352226257,0.2487965077161789,2.473771572113037,0.02309511788189411,0.8271253705024719,0.01667320355772972,0.8459160923957825,0.006671380717307329
22,4.6814141273498535,25.88618403211334,-99.49126434326172,15.128451048576334,87.91201782226562,25.484625799715893,0.5313711762428284,2.5609990569309744,-6.854407787322998,18.302877847653367,2.414717674255371,13.981920921146793,-0.824291467666626,0.5908179879188538,0.2511618733406067,2.4649410247802734,0.02279101125895977,0.8315286636352539,0.016552705317735672,0.8260225057601929,0.007709885947406292
23,4.248545169830322,25.888176934249007,-83.70365905761719,15.126791196864087,72.7903823852539,25.47934496366327,0.5076311826705933,2.570902047624561,-6.977528095245361,18.2891483806979,2.6005239486694336,13.995691912612651,-0.7518390417098999,0.602686882019043,0.2446727454662323,2.350051164627075,0.020474493503570557,0.8349298238754272,0.018313998356461525,0.8129563927650452,0.009226332418620586
24,3.658327341079712,25.891752736697196,-59.67228317260742,15.123661828599621,48.60199737548828,25.4734436484479,0.46909627318382263,2.585265760442694,-6.758489608764648,18.274334787869005,2.0310821533203125,14.012938227389592,-0.48879551887512207,0.6214795708656311,0.23300816118717194,2.1780076026916504,0.01698916219174862,0.8352578282356262,0.02196362428367138,0.8163100481033325,0.010832883417606354
25,3.1535489559173584,25.896278181801996,-35.09442901611328,15.11971948454505,22.480613708496094,25.467047786091893,0.4270884096622467,2.603415118724504,-6.471791744232178,18.25901314998651,0.7519274950027466,14.031750284108396,-0.42588239908218384,0.6405844688415527,0.2210446149110794,2.012363910675049,0.01332507748156786,0.8301892876625061,0.027424950152635574,0.8460196256637573,0.011731852777302265
26,2.8492932319641113,25.90115620007218,-13.609092712402344,15.11561640169092,-1.3777614831924438,25.460281206367117,0.39377662539482117,2.624729086380365,-6.233455181121826,18.244362606814622,-0.872833251953125,14.051616161855671,-0.2826988101005554,0.6538309454917908,0.2127595692873001,1.8996771574020386,0.010202733799815178,0.8189387917518616,0.03430312126874924,0.90436851978302,0.011120653711259365
27,2.7395079135894775,25.905897327171612,4.261709213256836,15.111909939267136,-21.373374938964844,25.453239375952702,0.37501102685928345,2.648706185086082,-5.893078804016113,18.23183942634076,-2.4212093353271484,14.071563659155514,0.01804530620574951,0.658826470375061,0.21000994741916656,1.8530254364013672,0.008011720143258572,0.8036260008811951,0.04192892089486122,0.9801034331321716,0.0088256960734725
28,2.754528760910034,25.910122847804608,18.299570083618164,15.10903244877793,-35.9149284362793,25.44597830239342,0.36928969621658325,2.6748441102889546,-5.065596580505371,18.22275957236011,-3.471931219100952,14.089615840404607,0.49328547716140747,0.6570204496383667,0.21232831478118896,1.858185887336731,0.0065969442948699,0.7885540723800659,0.04962090402841568,1.0521042346954346,0.00558724207803607
29,2.8100881576538086,25.913563022125036,27.245601654052734,15.107260354339022,-42.944305419921875,25.438520404010923,0.37234067916870117,2.7023786375068983,-3.471662998199463,18.217847256567627,-3.9073009490966797,14.102587778265656,0.9702709317207336,0.6511534452438354,0.217293843626976,1.8914674520492554,0.005268698092550039,0.7789707779884338,0.056839797645807266,1.0961328744888306,0.003072429681196809
30,2.8446099758148193,25.916079730079442,29.857393264770508,15.106673224837222,-42.3940544128418,25.43086632467482,0.3804529309272766,2.730082204602869,-1.5233958959579468,18.217140940434753,-4.200279712677002,14.107583929460603,1.1980829238891602,0.6442121267318726,0.22158503532409668,1.9301084280014038,0.003617966314777732,0.7785791158676147,0.06287733465433121,1.0956478118896484,0.002524969633668661
31,2.832758903503418,25.917687784887757,27.114158630371094,15.10716370204022,-36.553951263427734,25.42300482342224,0.38904839754104614,2.756512640210359,0.20588140189647675,18.220523448708374,-4.676120281219482,14.10413637727474,1.1387557983398438,0.6401075124740601,0.2229599505662918,1.953237533569336,0.0026551056653261185,0.7851877808570862,0.06638834625482559,1.059062123298645,0.0025918015744537115
32,2.7869415283203125,25.918523610058823,22.226957321166992,15.10850456550429,-27.153018951416016,25.414924205444436,0.3926183581352234,2.780424902101779,1.959847092628479,18.228044025304545,-4.450009822845459,14.093806047314008,0.878718376159668,0.6414707899093628,0.2212444394826889,1.9499348402023315,0.0037882477045059204,0.792462170124054,0.06604050099849701,1.0155560970306396,0.0015508139040321112
33,2.7611100673675537,25.91876323475867,17.881284713745117,15.110397862783207,-14.73753547668457,25.406625421910288,0.38979995250701904,2.800579150095524,4.320681571960449,18.239087961146545,-2.4450392723083496,14.078977457784422,0.5223344564437866,0.6461012959480286,0.21723446249961853,1.931097388267517,0.006214553024619818,0.7979317307472229,0.06223123520612717,0.9845955967903137,0.0012023102026432753
34,2.7966744899749756,25.918556799200076,14.233882904052734,15.112491454499581,-2.8468692302703857,25.398124612824276,0.3867185711860657,2.815270028418678,6.346332550048828,18.251480078371475,0.28781598806381226,14.062214641460296,0.1879083514213562,0.6497383117675781,0.2124481350183487,1.9175138473510742,0.008319469168782234,0.8032388687133789,0.05717764049768448,0.9644957780838013,0.0037018076982349157
35,2.855884313583374,25.918026723970893,10.46218490600586,15.11447038690719,4.839746952056885,25.389437363603733,0.3885266184806824,2.823271952016455,6.865578651428223,18.262484223513,2.0977823734283447,14.045744644722431,-0.0711701512336731,0.6509522199630737,0.2086453139781952,1.9163113832473755,0.009672500193119049,0.8078410029411316,0.05267082899808884,0.9502614140510559,0.006866875570267439
36,2.891958475112915,25.917289624100786,6.393004894256592,15.116148358866008,9.774598121643066,25.380566105945825,0.3933330178260803,2.8248632787715167,6.58366060256958,18.27040964556573,2.9550540447235107,14.031213631631566,-0.2464415431022644,0.6505519151687622,0.20639511942863464,1.9223569631576538,0.01033000834286213,0.8106910586357117,0.04919492453336716,0.9397366642951965,0.00835708063095808
37,2.891512155532837,25.916461197701988,2.2978596687316895,15.117422519646707,14.30860424041748,25.371505609740968,0.3975813388824463,2.820965751841793,6.476120948791504,18.274653202788844,3.393599033355713,14.01963047865546,-0.3248213529586792,0.6496463418006897,0.2055055946111679,1.9289531707763672,0.010425371117889881,0.8122063279151917,0.046772029250860214,0.9304744005203247,0.008061559870839119
38,2.8469624519348145,25.91564979391147,-1.3660268783569336,15.118206873223041,18.64711570739746,25.36225237368358,0.39936399459838867,2.8122446021695358,6.706845283508301,18.275098690100872,3.6203830242156982,14.011277753767422,-0.29652905464172363,0.6490799188613892,0.20580747723579407,1.9306213855743408,0.010024533607065678,0.812973141670227,0.04545238986611366,0.9203788638114929,0.0062884739600121975
39,2.75012469291687,25.914945554823262,-4.018006324768066,15.118425767295564,20.818471908569336,25.352809361355227,0.3982197642326355,2.7990330505856598,6.664313793182373,18.27186288640268,3.4298932552337646,14.005686690934152,-0.17653441429138184,0.6493164300918579,0.207340270280838,1.9235247373580933,0.009046546183526516,0.8135144114494324,0.04537050798535347,0.9077271223068237,0.0033733919262886047
40,2.6171655654907227,25.91440685530513,-5.0051422119140625,15.11806614789632,18.02147102355957,25.343186797319692,0.39413225650787354,2.781839536003315,5.470159530639648,18.26546993845156,2.471729040145874,14.00180300761165,-0.035800039768218994,0.6502719521522522,0.20995686948299408,1.9070532321929932,0.007274454925209284,0.8149164915084839,0.04657968878746033,0.8917252421379089,0.000840312335640192
41,2.5019290447235107,25.914045445093983,-3.5333027839660645,15.117249831861933,10.061989784240723,25.333401782910308,0.38688284158706665,2.761949336887017,3.286388874053955,18.25715256944324,1.0333973169326782,13.998515160071564,-0.22390806674957275,0.651356041431427,0.2126864343881607,1.8856756687164307,0.004656708799302578,0.8173355460166931,0.048591166734695435,0.8791149854660034,0.0009652804001234472
42,2.4431421756744385,25.91380853917302,0.5893001556396484,15.116231013239247,0.16857647895812988,25.323478475931243,0.37756654620170593,2.7412541363428304,1.323935627937317,18.248525048305932,0.005817025899887085,13.99708305053091,-0.31079745292663574,0.6526963114738464,0.21417413651943207,1.8642534017562866,0.002214596141129732,0.8171199560165405,0.05020437017083168,0.8868345618247986,0.0030794369522482157
43,2.4332234859466553,25.913577505849698,5.775085926055908,15.115299438765518,-9.3605318069458,25.313444795299134,0.3688124418258667,2.72135465917878,-0.16596990823745728,18.24066986583107,-0.5660426020622253,13.997961634299111,-0.43759679794311523,0.6550112366676331,0.2137472778558731,1.844761848449707,0.0013745907926931977,0.8114712834358215,0.05051477625966072,0.9200860261917114,0.004104182589799166
44,2.4551243782043457,25.913213810853772,9.568909645080566,15.114714452271897,-17.582807540893555,25.303325196602096,0.36267924308776855,2.7033904351856544,-1.7655022144317627,18.23412068099857,-1.2184194326400757,14.001844179735887,-0.2935068607330322,0.6579245328903198,0.21179255843162537,1.8293355703353882,0.002131835324689746,0.8038050532341003,0.04959380626678467,0.9602569937705994,0.003642973955720663
45,2.488696336746216,25.91262595295425,10.588052749633789,15.114680481478961,-22.520221710205078,25.293135359806012,0.3597017526626587,2.688539490823378,-3.2829463481903076,18.22946207777075,-1.8477953672409058,14.007456712291978,-0.327265202999115,0.6603490710258484,0.2094292938709259,1.81954824924469,0.003382751950994134,0.7991780638694763,0.0479111410677433,0.9852529764175415,0.0034056194126605988
46,2.505115032196045,25.911803972522797,8.77853775024414,15.115293990609988,-22.737932205200195,25.2828813044306,0.3590119481086731,2.6778356303933406,-4.180322647094727,18.227211601038572,-2.1196796894073486,14.01489523864872,-0.3243940472602844,0.6616862416267395,0.20800410211086273,1.8145908117294312,0.004175327718257904,0.7987769842147827,0.045782189816236496,0.9887545704841614,0.0036829540040344
47,2.4924705028533936,25.91081587649828,4.814761161804199,15.116508896653688,-18.72242546081543,25.272562406246724,0.35945379734039307,2.6716820244555715,-4.364519119262695,18.2274579353733,-1.9622441530227661,14.023987356283465,-0.28906112909317017,0.661723792552948,0.20833495259284973,1.814391851425171,0.004200782626867294,0.8010818362236023,0.04339281842112541,0.9764479398727417,0.0037439933512359858
48,2.4627761840820312,25.909784226908265,-0.4498891830444336,15.11815976714612,-11.43594741821289,25.262175040930273,0.3608120083808899,2.6698178880777714,-3.8776323795318604,18.229816786439496,-1.3786078691482544,14.034344099604686,-0.18126672506332397,0.6602826118469238,0.21060636639595032,1.820938229560852,0.003605467500165105,0.8047763109207153,0.04097023233771324,0.9548810124397278,0.003345338860526681
49,2.4402480125427246,25.908859070883413,-6.1846771240234375,15.119997437234968,-1.8296198844909668,25.251713375171573,0.36333799362182617,2.6714341793674397,-2.7541050910949707,18.2334726299099,-0.3977362811565399,14.045084346418786,0.03702819347381592,0.6573837399482727,0.21430574357509613,1.8360004425048828,0.00276403920724988,0.8092955946922302,0.03879048302769661,0.9286943078041077,0.0029049492441117764
50,2.4423019886016846,25.90819298555048,-11.594514846801758,15.121722057920598,8.34395694732666,25.241168785735695,0.36685773730278015,2.6752635077632303,-1.2888000011444092,18.237235935315137,0.7376391887664795,14.054570249769027,0.32439500093460083,0.6536513566970825,0.21824438869953156,1.8575414419174194,0.002087310655042529,0.8140796422958374,0.037096355110406876,0.902628481388092,0.002900693565607071
51,2.461371421813965,25.907918449601198,-15.756765365600586,15.123038402472615,16.458263397216797,25.23053052770899,0.36997511982917786,2.6798578101642065,-0.0008023586124181747,18.239829243573997,1.5934988260269165,14.060743182794416,0.5620215535163879,0.650453507900238,0.2210342139005661,1.8774150609970093,0.0017667689826339483,0.8180201649665833,0.03609684482216835,0.8824691772460938,0.0032576315570622683
52,2.4701473712921143,25.908122723052905,-17.6751651763916,15.123734924336327,20.350353240966797,25.21978989495198,0.3707583248615265,2.6840328332583616,0.7686323523521423,18.240384400705462,1.8786745071411133,14.062097723305252,0.6532231569290161,0.6491950154304504,0.2218385934829712,1.885412335395813,0.0016698600957170129,0.8200499415397644,0.035946089774370193,0.872464656829834,0.0035418078768998384
53,2.4519059658050537,25.908821941743618,-16.837770462036133,15.123744413268314,19.38025665283203,25.208945702010674,0.36833685636520386,2.687146724608729,0.9766616225242615,18.23875178228409,1.5909101963043213,14.05841767353782,0.5816767811775208,0.6503222584724426,0.22064068913459778,1.8773006200790405,0.0015751009341329336,0.8197723627090454,0.03670674189925194,0.8738946914672852,0.003528769826516509
54,2.4145970344543457,25.909950824786105,-13.533578872680664,15.123154141667271,14.307918548583984,25.198006330081366,0.36355066299438477,2.6891047849226632,0.7201745510101318,18.23544733246139,0.8990647196769714,14.050728040617091,0.3968324661254883,0.6531795859336853,0.2179655134677887,1.8573020696640015,0.0014262702316045761,0.8173874616622925,0.038293804973363876,0.8858518004417419,0.003282122313976288
55,2.3802855014801025,25.911376543447705,-8.658790588378906,15.122171939644232,6.779117107391357,25.186986590349434,0.3583296537399292,2.6902358710897087,0.15477406978607178,18.231407972458342,0.04575582966208458,14.040768327819125,0.18002033233642578,0.6565330624580383,0.21462205052375793,1.8344037532806396,0.0013340410077944398,0.8135083913803101,0.04048193246126175,0.9056702852249146,0.0029758017044514418
56,2.3642871379852295,25.91292974819928,-3.292963743209839,15.121066736049887,-1.2696017026901245,25.17590152398034,0.35429078340530396,2.6911227061764915,-0.5090617537498474,18.22768647121225,-0.7256729006767273,14.030358282139046,3.719329833984375e-05,0.6593518257141113,0.21143977344036102,1.8159973621368408,0.0013971849111840129,0.8091604113578796,0.04293742775917053,0.92843097448349,0.0027681102510541677
57,2.365722894668579,25.91443921924865,1.5896612405776978,15.120103531985675,-8.14078426361084,25.16476152272323,0.352009654045105,2.6923933616779054,-1.0509178638458252,18.22516208646756,-1.2477885484695435,14.020905882211984,-0.11714428663253784,0.661200225353241,0.20899906754493713,1.8047149181365967,0.0015790651086717844,0.8054937720298767,0.045322418212890625,0.9481518864631653,0.0027271637227386236
58,2.3723855018615723,25.915761309249962,5.199854373931885,15.119489740379958,-12.635080337524414,25.1535709108293,0.35121214389801025,2.6945156062499844,-1.315307855606079,18.224351809493815,-1.455043077468872,14.013235116185669,-0.18067097663879395,0.6621465682983398,0.2075027972459793,1.7992947101593018,0.0017331029521301389,0.8034395575523376,0.04733428359031677,0.9596405029296875,0.002834108890965581
59,2.3724377155303955,25.9168020610263,7.054342269897461,15.119340605590233,-14.18251895904541,25.14232921405431,0.3515970706939697,2.69766372608524,-1.2529211044311523,18.225355620886358,-1.3537999391555786,14.007688642170447,-0.208745539188385,0.6624279022216797,0.20684516429901123,1.7974739074707031,0.0017299044411629438,0.8035192489624023,0.04873979091644287,0.9598760604858398,0.0030562973115593195
60,2.362525224685669,25.917528637728196,7.067418098449707,15.119667082765734,-12.879829406738281,25.131032426356263,0.35296905040740967,2.701693738849494,-0.9157895445823669,18.227895747068604,-0.9998918771743774,14.004302661298768,-0.2115740180015564,0.6622611284255981,0.2067377120256424,1.7977699041366577,0.0015659400960430503,0.8056954741477966,0.049422018229961395,0.9490181803703308,0.003375241532921791
61,2.347966194152832,25.917967752532434,5.500858306884766,15.120386248899251,-9.367778778076172,25.11967386203524,0.35519498586654663,2.7062152588676516,-0.4182606339454651,18.231413112905965,-0.4935131072998047,14.00291088686945,-0.19147753715515137,0.6617738604545593,0.20687544345855713,1.7999628782272339,0.0013674675719812512,0.8093039393424988,0.04940030723810196,0.9305654168128967,0.003722797380760312
62,2.3365986347198486,25.91819335707853,2.9385986328125,15.121348930057243,-4.68641471862793,25.1082447546425,0.3580509126186371,2.7107163369160685,0.11422071605920792,18.235208180728403,0.04417548328638077,14.00317907956706,-0.15125906467437744,0.6610709428787231,0.20702388882637024,1.8041563034057617,0.0012914978433400393,0.8132578730583191,0.04881658777594566,0.9100386500358582,0.00395816657692194
63,2.33246111869812,25.91830496041864,0.08715415000915527,15.122378788743799,0.08816966414451599,25.09673510314833,0.361019492149353,2.714690602355386,0.5990802049636841,18.238597063713918,0.51203852891922,14.004640300948896,-0.09832179546356201,0.6603171229362488,0.20704610645771027,1.8096354007720947,0.0014062540140002966,0.8165454864501953,0.047936756163835526,0.8925563097000122,0.003981153946369886
64,2.334022283554077,25.918403426610865,-2.376999855041504,15.123310136231975,4.045661926269531,25.08513539857939,0.363471657037735,2.7177160301426104,0.9884328842163086,18.241034704645056,0.853510320186615,14.00676360654448,-0.04269355535507202,0.6596994400024414,0.20691657066345215,1.814858317375183,0.0016453961143270135,0.8186951875686646,0.04706769064068794,0.8806875348091125,0.0038332748226821423
65,2.3359882831573486,25.918569254984796,-3.963094711303711,15.124017804168885,6.55033016204834,25.07343859762492,0.36480382084846497,2.7194958612803686,1.247321605682373,18.242176268916545,1.0398898124694824,14.009038843438647,0.0056095123291015625,0.6594237089157104,0.2066510170698166,1.8177623748779297,0.0018670362187549472,0.8197329640388489,0.0464848093688488,0.8746366500854492,0.003649564925581217
66,2.3337032794952393,25.918848219207867,-4.4291181564331055,15.124435835753724,7.289586544036865,25.06164188644742,0.3646424412727356,2.719884294859366,1.3512184619903564,18.24189938578972,1.0617377758026123,14.011056308929701,0.03889966011047363,0.6596053838729858,0.20628929138183594,1.816980004310608,0.001952922553755343,0.8198694586753845,0.046344105154275894,0.8735937476158142,0.003541648853570223
67,2.325788736343384,25.919245996695633,-3.7717182636260986,15.124563945734405,6.2783732414245605,25.049747582134348,0.36297059059143066,2.718899673397178,1.299320936203003,18.2402995284285,0.9283815026283264,14.012562841560918,0.0530705451965332,0.6602582931518555,0.2058471292257309,1.8122470378875732,0.0018684371607378125,0.8192251324653625,0.04667382314801216,0.8770103454589844,0.003540035104379058
68,2.314767599105835,25.91973094140774,-2.2248404026031494,15.12446228906101,3.861722230911255,25.03776280922581,0.3601164221763611,2.716712745618611,1.117187738418579,18.23766141167466,0.6700394749641418,14.013484793912042,0.04808783531188965,0.6612592339515686,0.20533667504787445,1.8046619892120361,0.0016674960497766733,0.817832887172699,0.04735193029046059,0.8845862150192261,0.0035999922547489405
69,2.304633140563965,25.920244492271216,-0.17701101303100586,15.124235123591033,0.6088029146194458,25.02569806336615,0.3566690683364868,2.7136095302699323,0.8446452021598816,18.234406231391933,0.33627158403396606,14.013915282592363,0.028075695037841797,0.6624367833137512,0.2047567218542099,1.795866847038269,0.0014499117387458682,0.8157516121864319,0.04817577823996544,0.8957966566085815,0.0036444824654608965
70,2.297877311706543,25.92071602784173,1.9000095129013062,15.1240077221437,-2.7907001972198486,25.013565007861814,0.3531321883201599,2.709942972147528,0.5262689590454102,18.23101844527156,-0.011855103075504303,14.014067115504782,0.0005386471748352051,0.6636195182800293,0.20412805676460266,1.7873976230621338,0.0012996683362871408,0.813243567943573,0.048904623836278915,0.9091008305549622,0.0036166044883430004
71,2.2941091060638428,25.92107953239736,3.543687343597412,15.123900556251131,-5.645149230957031,25.001374709095774,0.34999212622642517,2.706083544144644,0.21271267533302307,18.227962656449108,-0.3123600482940674,14.014200155331713,-0.0264318585395813,0.6646836400032043,0.20349466800689697,1.78017258644104,0.0012418667320162058,0.8108153939247131,0.04932738468050957,0.9218054413795471,0.0035167878959327936
72,2.290663480758667,25.92128885894857,4.390434741973877,15.124005097438655,-7.3706183433532715,24.98913605029377,0.3474513292312622,2.7023669657167795,-0.03912501409649849,18.225604178996267,-0.5090078115463257,14.014548529680393,-0.04573482275009155,0.6655647158622742,0.20292098820209503,1.774426817893982,0.0012429425260052085,0.809018075466156,0.04932546243071556,0.9310798645019531,0.0033908074256032705
73,2.284986734390259,25.92132862901367,4.265198230743408,15.124365055142455,-7.640585422515869,24.97685521703917,0.34565410017967224,2.6990386140188387,-0.18092575669288635,18.224141860762277,-0.5678015947341919,14.015261195748964,-0.05328571796417236,0.6662183403968811,0.20248878002166748,1.7701823711395264,0.0012497244169935584,0.8082293272018433,0.048866722732782364,0.9350103735923767,0.003287507453933358
74,2.276820421218872,25.921217962571195,3.2183785438537598,15.124968133114862,-6.467458724975586,24.964535413456257,0.3445453643798828,2.696210176585767,-0.193366140127182,18.22357504774107,-0.4837663173675537,14.016372733127314,-0.048008859157562256,0.6666005849838257,0.20226380228996277,1.7675772905349731,0.001232017413713038,0.808505117893219,0.0480211041867733,0.9333602786064148,0.003235738957300782
75,2.2680821418762207,25.92100619902116,1.4926754236221313,15.125750627989046,-4.192651271820068,24.952177281260884,0.344077467918396,2.6938493783891233,-0.0962727814912796,18.223711931122438,-0.28629493713378906,14.017802461770914,-0.03193247318267822,0.6666979789733887,0.202260822057724,1.7667391300201416,0.0011957604438066483,0.8095911145210266,0.046923477202653885,0.9275125861167908,0.0032385329250246286
76,2.2612264156341553,25.920762248882646,-0.5274069309234619,15.12661371712413,-1.3994474411010742,24.939779260066445,0.3440849781036377,2.691811573545845,0.05843630060553551,18.224223560526358,-0.02794431895017624,14.019380924821366,-0.0091896653175354,0.6665617823600769,0.20241940021514893,1.7674553394317627,0.0011639668373391032,0.8110560178756714,0.045741233974695206,0.9197526574134827,0.003279842669144273
77,2.256995439529419,25.920559722779338,-2.436018466949463,15.127447519182223,1.260992169380188,24.92733833067414,0.34422188997268677,2.689903098995751,0.20848235487937927,18.224725236513674,0.22344040870666504,14.020893136742357,0.014192759990692139,0.6663418412208557,0.20261967182159424,1.7688285112380981,0.0011520084226503968,0.8124074935913086,0.04466161131858826,0.9126449823379517,0.003330204403027892
78,2.254133701324463,25.920462330566565,-3.8525984287261963,15.128156018071335,3.1871018409729004,24.9148513383272,0.34414178133010864,2.6879512463966617,0.2964794933795929,18.22487317509815,0.40755221247673035,14.02213579658228,0.031904757022857666,0.666237473487854,0.20271265506744385,1.769533395767212,0.0011559998383745551,0.8132688403129578,0.04381902143359184,0.9080910086631775,0.0033528762869536877
79,2.2507646083831787,25.9205111694625,-4.5424275398254395,15.128678439634344,3.998016595840454,24.90231622275852,0.34353527426719666,2.685864151727835,0.2854295074939728,18.224444334042,0.4831104278564453,14.022973197306113,0.03906524181365967,0.6664171814918518,0.20258094370365143,1.7684115171432495,0.0011657223803922534,0.8134176135063171,0.04330270364880562,0.9071869850158691,0.003318631323054433
80,2.2457871437072754,25.920718082371394,-4.454103469848633,15.129000876200147,3.601734161376953,24.889733029569676,0.3422997295856476,2.683664563514162,0.16520436108112335,18.223384407331185,0.4368325173854828,14.023376374930441,0.034584879875183105,0.6669654250144958,0.20215582847595215,1.7649002075195312,0.0011796148028224707,0.8128126859664917,0.0431266613304615,0.910119354724884,0.0032166677992790937
81,2.2397944927215576,25.921066044111967,-3.724684953689575,15.129156199681145,2.2070229053497314,24.877104111394882,0.34057196974754333,2.6814921737502253,-0.04447507858276367,18.221813365489076,0.28482675552368164,14.02342491740048,0.021356284618377686,0.6678155660629272,0.20146629214286804,1.7594850063323975,0.0012071689125150442,0.8115981817245483,0.043247073888778687,0.9161712527275085,0.0030621099285781384
82,2.2341418266296387,25.92151631372596,-2.6318626403808594,15.129212556485832,0.2714826166629791,24.86443345529125,0.33865469694137573,2.6795732949923745,-0.2936095595359802,18.219989511899694,0.07237331569194794,14.023272102358884,0.00534290075302124,0.6688085794448853,0.20061470568180084,1.7532308101654053,0.0012524620397016406,0.8100747466087341,0.04356822744011879,0.923852264881134,0.0028918434400111437
83,2.229367733001709,25.922020182821512,-1.5050444602966309,15.129253159496697,-1.6373217105865479,24.851725460430085,0.33684444427490234,2.6781593816131664,-0.514042854309082,18.218235159385376,-0.1395951211452484,14.02308415847848,-0.007209718227386475,0.6697610020637512,0.19974543154239655,1.7472811937332153,0.0013042119098827243,0.8086184859275818,0.043980009853839874,0.9312669038772583,0.0027473564259707928
84,2.22499418258667,25.922531776617955,-0.6245150566101074,15.129353278392925,-3.0228657722473145,24.83898382823621,0.33539271354675293,2.6774496563978785,-0.6423013806343079,18.216845373601675,-0.2955471873283386,14.022981221888779,-0.01198279857635498,0.6705292463302612,0.19899486005306244,1.742435336112976,0.0013349279761314392,0.8075733184814453,0.04438597708940506,0.9366307854652405,0.0026555259246379137
85,2.220090627670288,25.923018134322312,-0.1665794849395752,15.12956161814006,-3.576526403427124,24.826210698123255,0.3343960642814636,2.6775243736438146,-0.6414355039596558,18.21601074828067,-0.35890674591064453,14.023000500744486,-0.007256925106048584,0.6710421442985535,0.19843877851963043,1.73905348777771,0.001324466778896749,0.8071557283401489,0.04471606761217117,0.9387888312339783,0.0026252572424709797
86,2.2142233848571777,25.923464723388456,-0.1804347038269043,15.129890347791484,-3.2450311183929443,24.81340641615043,0.3339066505432129,2.6783126721125874,-0.5144299268722534,18.215772873085818,-0.32404792308807373,14.02308650113613,0.006096899509429932,0.6713066101074219,0.1980758160352707,1.7370893955230713,0.0012733122566714883,0.8074201941490173,0.044936031103134155,0.9374443888664246,0.002656505210325122
87,2.2080435752868652,25.92387583098055,-0.5624070167541504,15.130315853877304,-2.2458341121673584,24.800569483123905,0.3338416814804077,2.6796077730978607,-0.3030341863632202,18.21602783508121,-0.2119990587234497,14.02310643442018,0.024722754955291748,0.6713781356811523,0.19783900678157806,1.7362873554229736,0.0012038639979436994,0.808232843875885,0.04505221173167229,0.9333035349845886,0.002740842057392001
88,2.2023122310638428,25.924269202262952,-1.1413061618804932,15.130790117778796,-0.9251607060432434,24.787697007470364,0.3340625762939453,2.6811248194978363,-0.06418358534574509,18.21656819928898,-0.06151033937931061,14.022888157701855,0.043327391147613525,0.671360433101654,0.19762417674064636,1.7361106872558594,0.0011440215166658163,0.8093323707580566,0.04510802775621414,0.927727997303009,0.002857662970200181
89,2.197307586669922,25.92466853082317,-1.680934190750122,15.131256366921697,0.29719093441963196,24.774785331795073,0.3343769907951355,2.6825716333213006,0.14492717385292053,18.21714774097284,0.08566585183143616,14.022273959514802,0.056192994117736816,0.671360433101654,0.19734600186347961,1.7359435558319092,0.0011098483810201287,0.8104170560836792,0.045162372291088104,0.9222555756568909,0.002977041993290186
90,2.1927542686462402,25.92509402852244,-2.001054286956787,15.131666526494946,1.110982894897461,24.761830814271796,0.33454906940460205,2.6837146617428385,0.2893219590187073,18.21754582498596,0.19595867395401,14.021174563519741,0.05905139446258545,0.6714736819267273,0.19695715606212616,1.7351561784744263,0.0010995327029377222,0.8112284541130066,0.045274827629327774,0.9181891679763794,0.003072235733270645
91,2.1880712509155273,25.92555582177381,-1.9775500297546387,15.131992991855933,1.3275259733200073,24.748830716204676,0.3343692421913147,2.68441458589472,0.354266881942749,18.217615011774786,0.2512483596801758,14.01960512889003,0.05056792497634888,0.6717600226402283,0.19643822312355042,1.7333104610443115,0.0011019580997526646,0.8116257786750793,0.04548266902565956,0.9162328839302063,0.0031287868041545153
92,2.1829490661621094,25.92604997874305,-1.613189935684204,15.132234637251848,0.955582857131958,24.73578392346636,0.333810031414032,2.6846359031171065,0.3461799621582031,18.217302203410465,0.24927446246147156,14.017690018867244,0.03266477584838867,0.6722283959388733,0.19580982625484467,1.7303017377853394,0.0011071328772231936,0.8115841150283813,0.04579055309295654,0.9165099263191223,0.0031455024145543575
93,2.177807092666626,25.926559723243408,-1.0034666061401367,15.132414364317608,0.14695259928703308,24.722690917613654,0.33289283514022827,2.684431152964706,0.28477513790130615,18.216644507278644,0.20044250786304474,14.015635389043164,0.009577691555023193,0.6728178858757019,0.1951296180486679,1.7265206575393677,0.0011137289693579078,0.8111820220947266,0.0461619570851326,0.9186182022094727,0.003128638258203864
94,2.172765016555786,25.92706015214504,-0.29277849197387695,15.13257099726741,-0.8693012595176697,24.709553563080256,0.3317749798297882,2.683910777754377,0.1948503851890564,18.21574638470945,0.12400706112384796,14.013681111520777,-0.013658523559570312,0.6734639406204224,0.1944381445646286,1.7223862409591675,0.0011219300795346498,0.8105707168579102,0.04654291272163391,0.9217812418937683,0.0030889902263879776
95,2.168031930923462,25.92752450717758,0.3297497034072876,15.132748613684834,-1.8016703128814697,24.69637438620141,0.33058205246925354,2.6832093089512195,0.1074754148721695,18.214745164961645,0.04258473962545395,14.012048350252392,-0.032756030559539795,0.6740988492965698,0.19378229975700378,1.7183347940444946,0.0011315138544887304,0.8099261522293091,0.04686502739787102,0.9250909090042114,0.0030379255767911673
96,2.1633591651916504,25.92793173942658,0.7193043231964111,15.132984085462216,-2.4197146892547607,24.683156033935138,0.3294515609741211,2.6824466596724728,0.047594599425792694,18.213774049532635,-0.02372632920742035,14.010898404690996,-0.044991135597229004,0.6746612787246704,0.1932014375925064,1.714741587638855,0.001138794352300465,0.8094154000282288,0.04706823453307152,0.9276808500289917,0.0029862672090530396
97,2.1585092544555664,25.92827176310741,0.811120867729187,15.133298086266914,-2.607170581817627,24.669900727743137,0.3284730911254883,2.6816996087598595,0.02797756902873516,18.21293173300212,-0.06043286621570587,14.010310242490144,-0.049635350704193115,0.67512446641922,0.19271691143512726,1.7117596864700317,0.001139937317930162,0.8091440200805664,0.04712424799799919,0.929009735584259,0.0029431390576064587
98,2.1534013748168945,25.92854714467393,0.5849671363830566,15.13369153756744,-2.3273091316223145,24.656609947462126,0.3276473879814148,2.6809899919664795,0.052733413875103,18.212262895339745,-0.06250375509262085,14.010279811191,-0.046944618225097656,0.6754805445671082,0.19233010709285736,1.7094329595565796,0.0011341373901814222,0.8091417551040649,0.04703573137521744,0.9289255142211914,0.0029119253158569336
99,2.148150682449341,25.928772900370696,0.13345026969909668,15.1341456471424,-1.7083165645599365,24.64328448972363,0.3269583582878113,2.680284171840221,0.10732340812683105,18.21175477553357,-0.03446411341428757,14.010729331261333,-0.038450658321380615,0.6757648587226868,0.19201815128326416,1.7075470685958862,0.0011237005237489939,0.8093418478965759,0.04683564230799675,0.9277909994125366,0.0028932164423167706
100,2.142958402633667,25.928971786217204,-0.41997647285461426,15.134628906188286,-0.9319941997528076,24.629924587840797,0.326360285282135,2.679515136180753,0.17181937396526337,18.211348843325755,0.01278223842382431,14.011528818144852,-0.026221036911010742,0.6760103106498718,0.19174803793430328,1.7059078216552734,0.0011126365279778838,0.8096333146095276,0.046574585139751434,0.9261873960494995,0.002881960477679968
101,2.137953281402588,25.929168707238336,-0.9357333183288574,15.135105823474124,-0.2111886739730835,24.616530139877344,0.32575753331184387,2.678609464410579,0.22315050661563873,18.210961533581585,0.06340690702199936,14.012521376129675,-0.012718796730041504,0.6762687563896179,0.19148646295070648,1.7041939496994019,0.001102873240597546,0.8098803758621216,0.046307120472192764,0.9248236417770386,0.002870910568162799
102,2.1330673694610596,25.929384897914865,-1.2986781597137451,15.135546321181842,0.2788551449775696,24.603101118666487,0.32506412267684937,2.6775160973809147,0.24378792941570282,18.210511139702266,0.10287586599588394,14.01355059777707,-0.00021582841873168945,0.6765857934951782,0.1911948025226593,1.7021132707595825,0.0010949289426207542,0.8099673986434937,0.04609072953462601,0.9242997765541077,0.0028528764378279448
103,2.1281187534332275,25.92963353876569,-1.4298522472381592,15.13593280530183,0.41953399777412415,24.58963791091786,0.3242167830467224,2.6762261020514897,0.22271308302879333,18.209940611682732,0.12098969519138336,14.014483900963912,0.009332418441772461,0.6769953966140747,0.19084863364696503,1.6994479894638062,0.001088834018446505,0.809833824634552,0.045948855578899384,0.9249199628829956,0.00282134092412889
104,2.1231749057769775,25.92991718237467,-1.3512260913848877,15.136264263393176,0.23210486769676208,24.576141538283057,0.3232119679450989,2.674782902625467,0.1635853797197342,18.20923174045169,0.11377501487731934,14.015230833892874,0.014990925788879395,0.6775021553039551,0.19043266773223877,1.6961774826049805,0.001086135976947844,0.809474766254425,0.0458943173289299,0.9267071485519409,0.002774694701656699
105,2.1181201934814453,25.930229528132767,-1.109039545059204,15.136553989931471,-0.212452232837677,24.5626136188895,0.32207047939300537,2.6732735021448386,0.07652632147073746,18.208408337098046,0.08383853733539581,14.015749349912404,0.01687413454055786,0.678074061870575,0.1899639219045639,1.69251549243927,0.0010884961811825633,0.8089645504951477,0.045904211699962616,0.9292728304862976,0.0027162202168256044
106,2.1132655143737793,25.93055805541662,-0.8074374198913574,15.136825332809236,-0.7526804804801941,24.549056233158325,0.32090234756469727,2.6718123483895817,-0.018284274265170097,18.20752863572408,0.04204936325550079,14.016040610434079,0.016141235828399658,0.6786724925041199,0.18945907056331635,1.6887120008468628,0.0010961927473545074,0.8083980679512024,0.04595206305384636,0.9321319460868835,0.0026535377837717533
107,2.1084461212158203,25.930888859812775,-0.5443034172058105,15.137103807303939,-1.2294073104858398,24.535471434487466,0.3197937607765198,2.6705138132963864,-0.09978385269641876,18.206664966907674,0.00021860748529434204,14.016133184459761,0.014325439929962158,0.6792479157447815,0.18895088136196136,1.6850658655166626,0.0011053233174607158,0.807897686958313,0.04600655660033226,0.9346510767936707,0.002595478668808937
108,2.1036722660064697,25.931210851917054,-0.4096102714538574,15.13740992233307,-1.4965108633041382,24.52186089705079,0.3187808394432068,2.669465668669182,-0.14884690940380096,18.205883487988782,-0.029876790940761566,14.016064526966362,0.012723684310913086,0.6797575354576111,0.1884697526693344,1.681828260421753,0.001111167366616428,0.8075542449951172,0.046039190143346786,0.9363626837730408,0.002549246419221163
109,2.0988197326660156,25.93151930201304,-0.4460909366607666,15.137753133804225,-1.4793064594268799,24.50822579858029,0.31793850660324097,2.668707034205845,-0.1556864231824875,18.205225526755402,-0.04059428721666336,14.015866430066023,0.01225745677947998,0.6801850199699402,0.18803031742572784,1.679085612297058,0.0011100763222202659,0.8074150085449219,0.046040721237659454,0.9370218515396118,0.0025194361805915833
110,2.0939254760742188,25.931817119802144,-0.6187167167663574,15.138129435697957,-1.2217458486557007,24.494566550391287,0.31722837686538696,2.668219908948727,-0.12525592744350433,18.204697123350645,-0.031703442335128784,14.015555628764702,0.012765467166900635,0.6805309057235718,0.18763171136379242,1.6768362522125244,0.0011026536813005805,0.8074747323989868,0.04601218178868294,0.9366564154624939,0.002505855867639184
111,2.089012622833252,25.93211273932304,-0.882645845413208,15.138524432504564,-0.8001781702041626,24.48088302178192,0.3166181445121765,2.6679402188702404,-0.0690612867474556,18.204271562568465,-0.008819296956062317,14.015136802762518,0.013661742210388184,0.6808276772499084,0.18725498020648956,1.6748876571655273,0.0010921641951426864,0.8076632618904114,0.045977625995874405,0.935638964176178,0.002505791839212179
112,2.0841097831726074,25.93241775701872,-1.1480212211608887,15.138917615679674,-0.3551573157310486,24.467174720303763,0.3160581588745117,2.66777639388108,-0.006045984104275703,18.20390135118625,0.01915564388036728,14.014609932371314,0.014074504375457764,0.6811152696609497,0.18686984479427338,1.6730000972747803,0.0010819185990840197,0.8078984618186951,0.04595758393406868,0.9343929290771484,0.0025132917799055576
113,2.0792667865753174,25.93274282692839,-1.328362226486206,15.139289199825114,-0.02353508770465851,24.453441030317677,0.3155079782009125,2.6676360932423666,0.04612589627504349,18.203534704008312,0.042563870549201965,14.013980185869743,0.013083994388580322,0.681429922580719,0.18645669519901276,1.6709569692611694,0.0010751141235232353,0.808090329170227,0.04597751423716545,0.9333853721618652,0.002521863207221031
114,2.07442569732666,25.933094021848724,-1.374176263809204,15.139626256177712,0.11358048766851425,24.439681393230817,0.31487536430358887,2.6674491697364124,0.07587563246488571,18.203131995113115,0.05569644272327423,14.013267562866815,0.01043921709060669,0.6818005442619324,0.18599960207939148,1.6685718297958374,0.001071335980668664,0.8081695437431335,0.04605725035071373,0.9329728484153748,0.0025262555573135614
115,2.0695712566375732,25.933471076281183,-1.2722699642181396,15.13992583037433,0.031699083745479584,24.425895693659236,0.31417644023895264,2.6671809000205813,0.0799483135342598,18.20267429857259,0.05573117733001709,14.0125084453077,0.006214499473571777,0.6822324991226196,0.18550001084804535,1.6658097505569458,0.0010702230501919985,0.8081168532371521,0.046195030212402344,0.9332493543624878,0.002523665549233556
116,2.0646746158599854,25.933867338804045,-1.0526549816131592,15.140195232987839,-0.22561493515968323,24.412084151931452,0.31340157985687256,2.6668332808475683,0.06328602135181427,18.20216641123289,0.044918857514858246,14.011753454108064,0.0012694001197814941,0.6827177405357361,0.18496651947498322,1.6627172231674194,0.00107071571983397,0.8079516291618347,0.04637760668992996,0.9341133832931519,0.0025146997068077326
117,2.059846878051758,25.934271608322298,-0.7740428447723389,15.14044918720919,-0.5713547468185425,24.398247336200114,0.31257984042167664,2.6664354492838314,0.03554341942071915,18.201631066220294,0.028875336050987244,14.011056779702532,-0.0036053061485290527,0.683227002620697,0.18442176282405853,1.6594804525375366,0.0010723813902586699,0.8077241778373718,0.04658304899930954,0.9353025555610657,0.002502478426322341
118,2.0550408363342285,25.934671079355276,-0.50730299949646,15.140705202478058,-0.9008903503417969,24.384386007307366,0.31177258491516113,2.6660286467152083,0.009318707510828972,18.20109789602792,0.013442020863294601,14.01046712645488,-0.007238864898681641,0.683730959892273,0.183888241648674,1.6562769412994385,0.0010737478733062744,0.8075023889541626,0.046782296150922775,0.9364594221115112,0.002489259233698249
119,2.0503032207489014,25.93505458814,-0.31377100944519043,15.140978499550853,-1.1240110397338867,24.370500836715305,0.31099703907966614,2.6656484692617632,-0.005323462188243866,18.200592893329286,0.004081837832927704,14.01001511149362,-0.00915902853012085,0.6842044591903687,0.18338288366794586,1.6532641649246216,0.001073716557584703,0.8073355555534363,0.04695272445678711,0.9373278021812439,0.002478677313774824
120,2.0455307960510254,25.935415180830983,-0.23359990119934082,15.141278008413577,-1.1832377910614014,24.356592339099205,0.31027477979660034,2.6653119102874347,-0.001611148938536644,18.200129354288446,0.0035451576113700867,14.00970949668702,-0.00895780324935913,0.6846369504928589,0.18290944397449493,1.6505013704299927,0.0010712295770645142,0.8072600960731506,0.047075290232896805,0.9377143979072571,0.002471982967108488
121,2.0408012866973877,25.93575154028998,-0.26180267333984375,15.141604210671153,-1.0862975120544434,24.342660791291124,0.3096175193786621,2.6650098354828238,0.01862782984972,18.199704208466688,0.012222912162542343,14.00953441889148,-0.00694882869720459,0.6850217580795288,0.18247535824775696,1.6480337381362915,0.001066716737113893,0.8072758913040161,0.04714867100119591,0.9376195073127747,0.0024684141390025616
122,2.0360054969787598,25.936067289053646,-0.3726949691772461,15.141950212657456,-0.8759999871253967,24.32870620080949,0.30899137258529663,2.664711633382421,0.05037515610456467,18.19929871120835,0.025968540459871292,14.009454997969561,-0.003675222396850586,0.685383141040802,0.1820623129606247,1.6457109451293945,0.0010611488251015544,0.8073517084121704,0.04718361422419548,0.937205970287323,0.0024666455574333668
123,2.031266927719116,25.936369425302708,-0.525127649307251,15.142304382057265,-0.6178181171417236,24.314728477235327,0.30835628509521484,2.6643737927559976,0.08454904705286026,18.19888696176123,0.040836408734321594,14.009425087535938,4.684925079345703e-05,0.6857327222824097,0.18166203796863556,1.6434638500213623,0.0010555373737588525,0.807440459728241,0.047194045037031174,0.9367197751998901,0.002463787328451872
124,2.0265326499938965,25.936666191175544,-0.6542351245880127,15.142653843559044,-0.4056052267551422,24.300727616670745,0.3076886236667633,2.6639533100348767,0.11051961779594421,18.198443379087717,0.0518270879983902,14.00939751589662,0.0032492876052856445,0.6860968470573425,0.18125896155834198,1.6411300897598267,0.0010509277926757932,0.8074919581413269,0.04720117524266243,0.9364210367202759,0.002456758636981249
125,2.0217716693878174,25.936964039977056,-0.7317731380462646,15.1429890459031,-0.28327468037605286,24.286703798337314,0.30695998668670654,2.6634221387336465,0.12227123230695724,18.197951429105935,0.05644743889570236,14.00933525085611,0.005404531955718994,0.6864961385726929,0.1808367520570755,1.6385809183120728,0.0010474568698555231,0.8074650764465332,0.04722120612859726,0.9365277886390686,0.0024439969565719366
126,2.017089605331421,25.937266509740322,-0.7342374324798584,15.143305574611325,-0.28358688950538635,24.272657494661406,0.30617427825927734,2.6627741594766134,0.11699420213699341,18.197407241497807,0.05268053337931633,14.009216595677017,0.0061113834381103516,0.6869269609451294,0.18040089309215546,1.6358397006988525,0.0010453317081555724,0.8073500394821167,0.04726232960820198,0.9370902180671692,0.002424969570711255
127,2.012361526489258,25.937573400214514,-0.6759634017944336,15.143605288870182,-0.3847272992134094,24.258589428250957,0.3053182363510132,2.662027194566617,0.09651526808738708,18.19682210753192,0.04259258508682251,14.009038521406058,0.00552743673324585,0.6873927116394043,0.17994429171085358,1.6328847408294678,0.001044303411617875,0.8071613907814026,0.04731777310371399,0.9380316138267517,0.0024004150182008743
128,2.0076401233673096,25.937881746329005,-0.5765669345855713,15.143894739027754,-0.5508852005004883,24.24450060972313,0.3044091761112213,2.661218469656142,0.0665619745850563,18.196217533346214,0.029134579002857208,14.008813249618637,0.0040738582611083984,0.6878768801689148,0.17947761714458466,1.6298198699951172,0.0010443020146340132,0.8069319725036621,0.04738312214612961,0.9391854405403137,0.0023731894325464964
129,2.0029401779174805,25.938186952647417,-0.4759554862976074,15.144183039061229,-0.7198183536529541,24.230392235021082,0.30354440212249756,2.6603950428639793,0.03479783609509468,18.195619125585132,0.016732990741729736,14.008562049747574,0.0023416876792907715,0.6883658766746521,0.17900653183460236,1.626728892326355,0.0010446973610669374,0.8067022562026978,0.047447122633457184,0.9403406977653503,0.0023459065705537796
130,1.9982669353485107,25.938484771957366,-0.41209983825683594,15.144478627413013,-0.8336865305900574,24.216265229839074,0.30267077684402466,2.6596023178869284,0.00956996064633131,18.195048331021642,0.007742367684841156,14.008307556135895,0.0008990764617919922,0.6888359189033508,0.17854775488376617,1.6237590312957764,0.001044937060214579,0.8065095543861389,0.04749731346964836,0.9413055181503296,0.002321540843695402
131,1.9935965538024902,25.938773033935636,-0.4072239398956299,15.144786504886788,-0.855552077293396,24.202120514289728,0.30185210704803467,2.6588725274976666,-0.004687834531068802,18.19451857142538,0.005770627409219742,14.008066979450367,0.00010001659393310547,0.6892810463905334,0.17810265719890594,1.6209441423416138,0.0010443588253110647,0.8063778877258301,0.04753125086426735,0.9419549107551575,0.002301577478647232
132,1.9889737367630005,25.939052502057397,-0.4548773765563965,15.145106718824023,-0.7926748991012573,24.187958712850747,0.30110472440719604,2.6582196441376507,-0.006696563214063644,18.194029416476628,0.00904073566198349,14.007848396698796,7.444620132446289e-05,0.6896938681602478,0.17767950892448425,1.6183290481567383,0.0010424336651340127,0.8063133358955383,0.04754738137125969,0.9422574043273926,0.002286456525325775
133,1.9843467473983765,25.93932632262092,-0.5478966236114502,15.145435142992289,-0.6567019820213318,24.17378010522725,0.300385057926178,2.6576391409947453,0.0017788112163543701,18.193570988970375,0.016824226826429367,14.00764999361419,0.0006268024444580078,0.6900886297225952,0.17726215720176697,1.6158236265182495,0.00103943538852036,0.8062998056411743,0.04755213484168053,0.9422947764396667,0.0022749893832951784
134,1.9796653985977173,25.939599488033874,-0.6611666679382324,15.145764405968311,-0.4882117509841919,24.159584855864132,0.2996906638145447,2.657112069625656,0.016180649399757385,18.19312608856414,0.025253787636756897,14.007463239114594,0.0016154050827026367,0.6904746890068054,0.1768523007631302,1.6133744716644287,0.0010364166228100657,0.8063088059425354,0.04755925387144089,0.9422175288200378,0.0022655404172837734
135,1.9750443696975708,25.93987749939758,-0.748845100402832,15.146086177239212,-0.351978600025177,24.14537303472347,0.2989811897277832,2.656612765990358,0.02906653843820095,18.192677876757465,0.03148389235138893,14.007275147302149,0.00260084867477417,0.6908645033836365,0.1764373779296875,1.6109033823013306,0.0010333049576729536,0.8062973022460938,0.04758509248495102,0.9422515630722046,0.0022561976220458746
136,1.970476508140564,25.94016415755331,-0.7921164035797119,15.146394472107554,-0.27816328406333923,24.131144811496878,0.2982552647590637,2.6561200442908537,0.03633107244968414,18.19221505688524,0.03342954069375992,14.007073928485193,0.0033079981803894043,0.6912709474563599,0.17601075768470764,1.6083316802978516,0.0010308807250112295,0.8062562942504883,0.04763141646981239,0.9424387812614441,0.002244882984086871
137,1.9659122228622437,25.940460817806798,-0.7810661792755127,15.146686955502977,-0.28305792808532715,24.116900452782275,0.2975020408630371,2.655622687851768,0.035300105810165405,18.191735233935916,0.03022901713848114,14.006852196216139,0.003527402877807617,0.6917057633399963,0.17556357383728027,1.6055856943130493,0.0010289406636729836,0.8061708211898804,0.047703929245471954,0.9428620934486389,0.0022321585565805435
138,1.9612773656845093,25.940766127658275,-0.7271955013275146,15.146965446035196,-0.34717613458633423,24.10264036374623,0.2967231273651123,2.655122438380104,0.02841339260339737,18.19124574456039,0.023933127522468567,14.006609120677952,0.003453671932220459,0.6921541094779968,0.17510783672332764,1.6027593612670898,0.0010276719694957137,0.8060453534126282,0.04780197888612747,0.9434962868690491,0.002217927249148488
139,1.9567242860794067,25.941076808853513,-0.6405925750732422,15.147234578012585,-0.4557887613773346,24.08836506821854,0.29594266414642334,2.654629355009489,0.01685650646686554,18.190759017344856,0.01584305614233017,14.006347498303107,0.0030227303504943848,0.6926137804985046,0.1746421754360199,1.5998649597167969,0.0010266295867040753,0.8059042692184448,0.047912273555994034,0.9442147016525269,0.0022034733556210995
140,1.9521734714508057,25.9413883048958,-0.5469951629638672,15.147500817823913,-0.5675261616706848,24.074075084915336,0.2951785922050476,2.654159386860516,0.006024321541190147,18.190289719361868,0.009063180536031723,14.006074225314686,0.0025861263275146484,0.6930728554725647,0.17417645454406738,1.5969761610031128,0.0010256292298436165,0.8057668805122375,0.048031922429800034,0.9449194669723511,0.0021910862997174263
141,1.9476670026779175,25.941696129245038,-0.4813716411590576,15.1477702087455,-0.6363500356674194,24.059770843270574,0.29443222284317017,2.6537260145901724,0.000196823850274086,18.189848763272582,0.005550790578126907,14.00579564288007,0.002286553382873535,0.6935177445411682,0.17371897399425507,1.5941784381866455,0.0010244527366012335,0.805659830570221,0.04814574494957924,0.9454681277275085,0.002181215677410364
142,1.9431016445159912,25.941997549686587,-0.4447636604309082,15.148046063010232,-0.6564618349075317,24.04545268483593,0.2937126159667969,2.6533342105881603,0.0007170252501964569,18.18943996094831,0.0064183808863162994,14.005515835297812,0.002235710620880127,0.6939507126808167,0.1732666790485382,1.5914535522460938,0.001022686017677188,0.8055949211120605,0.048249416053295135,0.9457989931106567,0.00217463169246912
143,1.9385440349578857,25.942291485307152,-0.4489431381225586,15.148328903172887,-0.6150575876235962,24.031120827748303,0.2930590510368347,2.6529792034613453,0.008618844673037529,18.18905853951167,0.01131824404001236,14.005235448923687,0.002415895462036133,0.6943658590316772,0.17282584309577942,1.588841199874878,0.0010206096339970827,0.8055722117424011,0.04833598807454109,0.9459109902381897,0.002170852618291974
144,1.9340803623199463,25.942578937827403,-0.47621583938598633,15.14861604480067,-0.5400047302246094,24.016775190336904,0.2923966646194458,2.652645789415506,0.02034842036664486,18.18869253609952,0.018245674669742584,14.004952208882717,0.0027173757553100586,0.6947663426399231,0.17239440977573395,1.586321473121643,0.0010184749262407422,0.8055685758590698,0.04841999337077141,0.9459263682365417,0.002168917329981923
145,1.9295809268951416,25.942861945564687,-0.5145747661590576,15.148903309549333,-0.45144373178482056,24.002415774202042,0.29174184799194336,2.6523144797791525,0.03354837745428085,18.188327219085256,0.02514532580971718,14.004662534621819,0.002989530563354492,0.6951662302017212,0.17196238040924072,1.5838062763214111,0.0010163028491660953,0.8055721521377563,0.048497311770915985,0.9459007978439331,0.0021667147520929575
146,1.925117015838623,25.943142905121128,-0.5373790264129639,15.149186194045356,-0.38870173692703247,23.98804257783441,0.29107770323753357,2.6519653560341587,0.04326733201742172,18.187949235991006,0.02994379773736,14.004363530524456,0.0030922293663024902,0.6955698728561401,0.17153000831604004,1.5812714099884033,0.001014402136206627,0.8055623769760132,0.048578355461359024,0.9459441304206848,0.00216311146505177
147,1.9206541776657104,25.94342322738208,-0.5465457439422607,15.14946193904945,-0.35438206791877747,23.97365567756269,0.29036691784858704,2.6515854722532897,0.048905208706855774,18.187550452988738,0.030866092070937157,14.004054680412592,0.002903878688812256,0.6959885954856873,0.17109160125255585,1.5786468982696533,0.0010131746530532837,0.8055210113525391,0.04866539314389229,0.9461506009101868,0.002157218288630247
148,1.9161876440048218,25.943703519214406,-0.5327813625335693,15.149729511778682,-0.3572262227535248,23.959255400154124,0.2896474599838257,2.6511691375029613,0.04937911033630371,18.18713090733258,0.02925366908311844,14.003739170554283,0.002512633800506592,0.6964230537414551,0.17064476013183594,1.5759249925613403,0.0010120798833668232,0.8054465651512146,0.04876076802611351,0.9465262293815613,0.002148290164768696
149,1.9117543697357178,25.943983191615757,-0.48973727226257324,15.14998991320385,-0.4061107933521271,23.94484211674533,0.2888902425765991,2.650718908224805,0.04359552264213562,18.186695510935273,0.02482876181602478,14.003422458465616,0.0018907785415649414,0.6968622207641602,0.17019805312156677,1.5731770992279053,0.0010111565934494138,0.8053457140922546,0.04886183142662048,0.9470382928848267,0.002137203933671117
150,1.907325267791748,25.944260246188705,-0.4441053867340088,15.150246469092567,-0.46242737770080566,23.930416379911374,0.2881394028663635,2.6502465231022354,0.03617294132709503,18.186254169447658,0.019354641437530518,14.003112431795106,0.0012354254722595215,0.6973101496696472,0.16974838078022003,1.5703786611557007,0.0010106695117428899,0.8052335977554321,0.048963792622089386,0.9476064443588257,0.002124898601323366
151,1.90290105342865,25.94453273276609,-0.4036445617675781,15.150502594076862,-0.5139046311378479,23.915978692568707,0.2873828411102295,2.6497651287591517,0.0282491035759449,18.185817931053286,0.014252856373786926,14.002816697597272,0.0006664395332336426,0.6977561116218567,0.16930389404296875,1.567591667175293,0.0010097299236804247,0.8051217198371887,0.049061477184295654,0.9481745362281799,0.002112820278853178
152,1.8984650373458862,25.94479913353098,-0.3774874210357666,15.150761137247423,-0.5428654551506042,23.901529571390412,0.28665393590927124,2.6492874417022305,0.02269929274916649,18.185396124866486,0.011302787810564041,14.002541083707376,0.000299990177154541,0.6981970071792603,0.16886089742183685,1.564838171005249,0.0010087776463478804,0.8050249218940735,0.04915330186486244,0.9486647248268127,0.002101596212014556
153,1.894079327583313,25.94505878476942,-0.37679314613342285,15.151023494650076,-0.5356644988059998,23.88706938183905,0.285916805267334,2.648821416196414,0.020478207617998123,18.184993036674303,0.010878928005695343,14.002288310869892,0.00019180774688720703,0.6986283659934998,0.16842596232891083,1.5621440410614014,0.0010074099991470575,0.8049504160881042,0.04923404008150101,0.9490375518798828,0.002091911155730486
154,1.8896877765655518,25.945312366803986,-0.3957650661468506,15.151289009537022,-0.4978984296321869,23.87259852786319,0.2852134108543396,2.6483692064408055,0.021939199417829514,18.184607616602666,0.012740708887577057,14.00205754945748,0.00036400556564331055,0.699047863483429,0.16800148785114288,1.5595238208770752,0.001005876692943275,0.8048966526985168,0.04930490255355835,0.949304461479187,0.0020838538184762
155,1.8853248357772827,25.945561492965712,-0.4215712547302246,15.151555450289193,-0.44944068789482117,23.858117241232595,0.28452858328819275,2.647927132059461,0.02431924268603325,18.1842344174922,0.015710201114416122,14.00184444303351,0.000690162181854248,0.6994651556015015,0.16757765412330627,1.5569183826446533,0.0010040771448984742,0.8048533797264099,0.04937437176704407,0.9495169520378113,0.0020766842644661665
156,1.8809651136398315,25.94580797550161,-0.45670509338378906,15.151820213033432,-0.38839083909988403,23.843625671624025,0.28383588790893555,2.6474904382290716,0.028291037306189537,18.183866303265052,0.01893974468111992,14.00164304838488,0.0010971426963806152,0.6998782753944397,0.1671592742204666,1.5543428659439087,0.0010027469834312797,0.8048127889633179,0.04944303259253502,0.9497164487838745,0.002069866983219981
157,1.876656174659729,25.946053937333932,-0.48476624488830566,15.152080249540447,-0.33867326378822327,23.829124024853147,0.28314903378486633,2.6470523460796143,0.030868645757436752,18.183496272289336,0.02127566933631897,14.001446918665094,0.0014803409576416016,0.7002902030944824,0.16674192249774933,1.5517750978469849,0.0010012913262471557,0.8047639727592468,0.04951605573296547,0.9499582052230835,0.002062401967123151
158,1.8723294734954834,25.946300944974865,-0.48802828788757324,15.152333396954436,-0.32523098587989807,23.81461248927161,0.2824316620826721,2.6466088528734386,0.029489833861589432,18.183119736704842,0.021208077669143677,14.001250504940904,0.001780867576599121,0.7007207870483398,0.16631408035755157,1.5490930080413818,0.0009997239103540778,0.804692268371582,0.04960210993885994,0.9503205418586731,0.0020539851393550634
159,1.8680100440979004,25.946549145639892,-0.47678637504577637,15.152579651641318,-0.33356595039367676,23.800091418741946,0.2817280888557434,2.646162471343737,0.02584967575967312,18.182737323943076,0.019466876983642578,14.001049842835458,0.001970946788787842,0.7011545300483704,0.16588494181632996,1.5463937520980835,0.0009983506752178073,0.8046116828918457,0.04969045892357826,0.9507279396057129,0.002044431399554014
160,1.8637226819992065,25.94679792371834,-0.4535074234008789,15.152820190927068,-0.3581627309322357,23.785561095513042,0.2809968888759613,2.6457190153289925,0.020759709179401398,18.182352957165826,0.016851861029863358,14.000842774771986,0.0020774006843566895,0.7015898823738098,0.16545595228672028,1.5436874628067017,0.000997283961623907,0.8045175671577454,0.04978885501623154,0.951207160949707,0.0020345323719084263
161,1.859417200088501,25.94704609504395,-0.42418813705444336,15.153056969380275,-0.3911738097667694,23.77102194472855,0.28027603030204773,2.645286044303689,0.015116309747099876,18.181971960875423,0.013533849269151688,14.000628436681287,0.0021210312843322754,0.7020306587219238,0.1650225669145584,1.5409489870071411,0.000996229238808155,0.8044227957725525,0.04989175871014595,0.9516903162002563,0.0020247853826731443
162,1.8551057577133179,25.947292267770045,-0.3958756923675537,15.15329222226032,-0.4207335114479065,23.756474329997317,0.2795463800430298,2.6448713079745167,0.010401971638202667,18.18160059767577,0.010579261928796768,14.00040686905799,0.0021666288375854492,0.7024725675582886,0.16458849608898163,1.5382041931152344,0.000994902802631259,0.8043303489685059,0.04999905824661255,0.9521635174751282,0.002015767153352499
163,1.850806474685669,25.947535227309665,-0.3851015567779541,15.153527790357852,-0.4243338406085968,23.741918655553928,0.27884891629219055,2.644480398606486,0.008914349600672722,18.181243831591203,0.0091356560587883,14.00017807897336,0.0022690296173095703,0.7029052376747131,0.16415855288505554,1.5355186462402344,0.0009936210699379444,0.8042599558830261,0.05009915307164192,0.952522337436676,0.0020084118004888296
164,1.8466013669967651,25.947774785556753,-0.38153934478759766,15.153763914534887,-0.4150693714618683,23.727355154469425,0.2781626582145691,2.644113310520731,0.009400624781847,18.18090311471219,0.008870653808116913,13.999941313931897,-0.20079606771469116,0.7033273577690125,0.16373570263385773,1.532901406288147,0.0009925706544891,0.8041993975639343,0.05020154267549515,0.9528322219848633,0.0020023537799715996
165,1.842360019683838,25.94801114788165,-0.40250420570373535,15.154000101410716,-0.3503955602645874,23.712784010532022,0.2774757742881775,2.643766920596929,0.02313312143087387,18.180577374690955,0.0023936815559864044,14.002403910076994,0.020939648151397705,0.7037426233291626,0.1634313315153122,1.530263066291809,0.0009774938225746155,0.8040786385536194,0.050286173820495605,0.9534497857093811,0.0019900465849786997
166,1.8382598161697388,25.948245791511738,-0.4143943786621094,15.154232825085352,-0.2962425649166107,23.698205422802896,0.27681994438171387,2.6434173108661927,0.03345277160406113,18.180278350640915,0.0007209703326225281,14.004347506554272,0.03694385290145874,0.7041481137275696,0.163110613822937,1.5277007818222046,0.0009652082226239145,0.8039748072624207,0.05037526413798332,0.9539843797683716,0.0019806227646768093
167,1.8340517282485962,25.94847957755649,-0.40757250785827637,15.154459464436066,-0.2691646218299866,23.68361944168421,0.2761526107788086,2.6430481935238896,0.03712429106235504,18.18000687091021,0.0036785341799259186,14.005606806898717,0.04818832874298096,0.7045664191246033,0.16275395452976227,1.52507483959198,0.0009562004706822336,0.8038899302482605,0.050469815731048584,0.954423725605011,0.0019737076945602894
168,1.829871654510498,25.94871229467399,-0.38020896911621094,15.154679146500243,-0.2754201889038086,23.66902620054553,0.2755151689052582,2.642655410128627,0.0330890454351902,18.179754173520063,0.010160420089960098,14.006095297753562,0.05325889587402344,0.7049931883811951,0.16236019134521484,1.5224181413650513,0.0009515376877970994,0.8038129806518555,0.05057532712817192,0.9548279643058777,0.0019692867062985897
169,1.8256760835647583,25.948942656127578,-0.33606982231140137,15.154892942522746,-0.3145800232887268,23.65442569464067,0.2748452425003052,2.642247560392811,0.02233506739139557,18.17950502881216,0.01725699007511139,14.005817327306746,0.05198162794113159,0.7054306864738464,0.16192777454853058,1.519715666770935,0.0009509114897809923,0.8037434220314026,0.050689198076725006,0.9551960229873657,0.0019664266146719456
170,1.8215148448944092,25.949168594818804,-0.29347240924835205,15.155103673091842,-0.3619769513607025,23.63981811553143,0.27419811487197876,2.6418432892341075,0.009176280349493027,18.17924432602033,0.023801755160093307,14.004862397108708,0.04541665315628052,0.7058688402175903,0.1614712029695511,1.517027735710144,0.0009538804879412055,0.8036890029907227,0.05080899968743324,0.9554861783981323,0.0019648827146738768
171,1.817311406135559,25.949388311924828,-0.26452529430389404,15.155314363878965,-0.4005361497402191,23.62520354660965,0.27353692054748535,2.6414634337590903,-0.0020976513624191284,18.178959474934764,0.027734961360692978,14.003383258773368,0.03522825241088867,0.7063083052635193,0.16099178791046143,1.5143463611602783,0.0009596968884579837,0.8036542534828186,0.05092405527830124,0.9556697607040405,0.001963199581950903
172,1.8130823373794556,25.949600902540343,-0.2644082307815552,15.155527263328871,-0.40650302171707153,23.61058216417756,0.2728555500507355,2.64112388264128,-0.00797758623957634,18.178644467531704,0.029641075059771538,14.00156775103543,0.023552358150482178,0.7067398428916931,0.16050362586975098,1.5117205381393433,0.0009668031125329435,0.8036431074142456,0.051036085933446884,0.9557252526283264,0.001961330184713006
173,1.8090001344680786,25.949807094322473,-0.2858400344848633,15.155742564187019,-0.38622233271598816,23.595954260711334,0.2721688747406006,2.6408303119357357,-0.007753126323223114,18.17829806849473,0.028588736429810524,13.999606668044645,-0.189691424369812,0.7071579098701477,0.16001355648040771,1.5091830492019653,0.0009746964205987751,0.803634524345398,0.05114559456706047,0.9557639956474304,0.0019587422721087933
174,1.8048100471496582,25.95000870978903,-0.34081101417541504,15.155958947107239,-0.30569571256637573,23.581320156474302,0.2714579701423645,2.6405779329918944,0.008922903798520565,18.177925345962244,0.01566965878009796,14.000436853340435,0.019629716873168945,0.7075739502906799,0.15965226292610168,1.5065943002700806,0.0009683948010206223,0.8035645484924316,0.051241762936115265,0.9561123251914978,0.0019480629125609994
175,1.8007248640060425,25.95020922132613,-0.3866713047027588,15.15617177063312,-0.24078814685344696,23.566680296139708,0.27074259519577026,2.640335459604737,0.023196514695882797,18.177555866523686,0.0029237084090709686,14.000916538827852,0.02487701177597046,0.7079840302467346,0.15927733480930328,1.5040531158447266,0.0009640632197260857,0.803500771522522,0.05133950710296631,0.9564296007156372,0.001938542234711349
176,1.7966012954711914,25.950411286607014,-0.4136624336242676,15.15637771105069,-0.19878555834293365,23.552035133602153,0.2700440585613251,2.6400784243201527,0.03230411559343338,18.17721612773594,-0.0055160075426101685,14.001006598150191,0.027299344539642334,0.708406925201416,0.15887676179409027,1.5014426708221436,0.0009614158771000803,0.803437352180481,0.05145031958818436,0.9567524790763855,0.001931311795488
177,1.7925479412078857,25.950616290259266,-0.4074840545654297,15.156575061854513,-0.1994464248418808,23.537385018689754,0.2693759799003601,2.63979311096499,0.032709114253520966,18.176921098196424,-0.00900162011384964,14.000710349957194,0.026689648628234863,0.7088298797607422,0.15846097469329834,1.4988445043563843,0.0009613760630600154,0.803381621837616,0.05156879872083664,0.9570406079292297,0.0019264955772086978
178,1.7884236574172974,25.950823674898206,-0.37573516368865967,15.15676472855843,-0.23034584522247314,23.522730134371486,0.26870793104171753,2.639481438840216,0.026048779487609863,18.17667387626474,-0.0067451633512973785,14.000072660839916,0.02350771427154541,0.7092670798301697,0.1580210030078888,1.4961681365966797,0.0009628019179217517,0.8033237457275391,0.051701225340366364,0.9573469758033752,0.001923897536471486
179,1.7845513820648193,25.951031530581243,-0.3258204460144043,15.15694927856238,-0.2820674777030945,23.508070673011108,0.2680903971195221,2.639156859123467,0.014530625194311142,18.176465067651264,-4.700571298599243e-05,13.999169887069781,-0.18259268999099731,0.7096933126449585,0.1575702577829361,1.4935663938522339,0.0009654437308199704,0.803260862827301,0.05183616653084755,0.9576870799064636,0.0019235087092965841
180,1.7803306579589844,25.951237121495303,-0.2902257442474365,15.157132249016422,-0.2938463091850281,23.493406566699853,0.26745325326919556,2.6388396669405374,0.013037714175879955,18.1762766676055,0.0013136900961399078,14.000902016928174,0.030716300010681152,0.7101327776908875,0.1572362184524536,1.4908233880996704,0.0009545845095999539,0.8031643033027649,0.051957543939352036,0.9581946134567261,0.0019178983056917787
181,1.776361107826233,25.951438752490862,-0.25178611278533936,15.15731452627095,-0.3100520372390747,23.47873788450343,0.26683586835861206,2.6385315667421176,0.009856795892119408,18.17610377712215,0.005768217146396637,14.002035963258363,0.03940463066101074,0.7105517983436584,0.15688477456569672,1.4882224798202515,0.0009469368378631771,0.8030785322189331,0.05207696184515953,0.9586498141288757,0.0019145958358421922
182,1.7723361253738403,25.951634723758527,-0.23251867294311523,15.157497173019337,-0.3063746392726898,23.46406460916772,0.2662416696548462,2.6382369380888444,0.007192786782979965,18.17593530305405,0.01252095028758049,14.002506717627671,0.04370301961898804,0.7109732031822205,0.15650208294391632,1.4856226444244385,0.0009425797616131604,0.8030236959457397,0.0521978959441185,0.9589451551437378,0.0019135476322844625
183,1.7683534622192383,25.951824553983315,-0.22574198246002197,15.157679989827244,-0.2941129207611084,23.449386626187486,0.2656269371509552,2.6379588982416586,0.004782216623425484,18.175756217086942,0.019263677299022675,14.002316692068618,0.04332149028778076,0.7113904356956482,0.1560971438884735,1.4830667972564697,0.0009417902329005301,0.8029879331588745,0.0523192472755909,0.9591402411460876,0.001913696527481079
184,1.7643274068832397,25.952008498870804,-0.22835302352905273,15.157862291092096,-0.27885696291923523,23.434703967407174,0.26501137018203735,2.637699860688853,0.003071241080760956,18.17555288792414,0.023789994418621063,14.001533783623302,0.038903236389160156,0.7118107080459595,0.1556662619113922,1.480505347251892,0.0009438405395485461,0.8029731512069702,0.05244073271751404,0.9592233300209045,0.001914268359541893
185,1.760290503501892,25.952187312124632,-0.24272525310516357,15.15804327718423,-0.25701606273651123,23.42001669120954,0.2643776834011078,2.637460845986118,0.0029375627636909485,18.175317733357797,0.025661539286375046,14.000276456161629,0.03155839443206787,0.7122320532798767,0.15521539747714996,1.477952241897583,0.0009486768976785243,0.8029683232307434,0.05256491154432297,0.9592505693435669,0.0019142841920256615
186,1.756582260131836,25.95236233475453,-0.2555196285247803,15.158221831869591,-0.24564942717552185,23.405324973341006,0.26374343037605286,2.6372401196875903,0.003030821681022644,18.175049628780652,0.023470791056752205,13.998693549708666,-0.177388995885849,0.7126348614692688,0.15475428104400635,1.4755221605300903,0.0009553753188811243,0.8029383420944214,0.05269217491149902,0.95941162109375,0.0019132922170683742
187,1.7523747682571411,25.952534693288776,-0.2819647789001465,15.15839756062908,-0.20172762870788574,23.390629000873677,0.263038694858551,2.6370357313930137,0.01437780074775219,18.174756401743412,0.011167600750923157,13.999789484251547,-0.1679615080356598,0.7130686640739441,0.15440838038921356,1.472841501235962,0.0009481821907684207,0.8028715252876282,0.0528082512319088,0.959747850894928,0.001904375501908362
188,1.7485203742980957,25.952706179022826,-0.3171604871749878,15.158568168623917,-0.13086286187171936,23.37592935126274,0.2623365521430969,2.636826740963533,0.03400774672627449,18.174467280849125,-0.006927806884050369,14.003173000356785,0.05639684200286865,0.7134775519371033,0.1541682779788971,1.4702634811401367,0.0009294147021137178,0.8027166724205017,0.05291254073381424,0.9605458378791809,0.0018902333686128259
189,1.7447257041931152,25.952878912683943,-0.30477261543273926,15.158729963360452,-0.12186507880687714,23.361226558513184,0.2616761326789856,2.6365799775478,0.041286252439022064,18.17422152138129,-0.01629965752363205,14.00542036959372,0.07452085614204407,0.7138901948928833,0.15387852489948273,1.4676892757415771,0.0009163356153294444,0.8025790452957153,0.053030263632535934,0.9612594246864319,0.00187900650780648
190,1.7409186363220215,25.953052119629756,-0.2609955072402954,15.158883285770447,-0.15919002890586853,23.346520903193603,0.261033833026886,2.63628647791561,0.035724006593227386,18.174035580738906,-0.016601677983999252,14.006380048429564,0.08275291323661804,0.7143160104751587,0.15352508425712585,1.4650652408599854,0.0009096651920117438,0.802466869354248,0.0531633161008358,0.9618495106697083,0.0018728409195318818
191,1.7369868755340576,25.953223310038,-0.20279526710510254,15.159031217709318,-0.22347687184810638,23.331812564727826,0.26041653752326965,2.635960154774427,0.020272087305784225,18.173904405938185,-0.0096522755920887,14.00605628763349,0.08051919937133789,0.7147564888000488,0.1531120091676712,1.462382435798645,0.0009094382403418422,0.8023920655250549,0.05330729857087135,0.9622502326965332,0.001871255342848599
192,1.7329342365264893,25.953389399003377,-0.1469501256942749,15.159178174867947,-0.2911438047885895,23.317101592550156,0.25981035828590393,2.635630671496183,-6.629526615142822e-05,18.17380738192284,0.0025860294699668884,14.004603255731906,0.06945866346359253,0.7152045369148254,0.15264348685741425,1.459680438041687,0.0009148755925707519,0.8023654818534851,0.05345136672258377,0.9624024033546448,0.001873978297226131
193,1.7289443016052246,25.95354771797075,-0.1133350133895874,15.159328368736283,-0.33448851108551025,23.3023879941988,0.2592487931251526,2.6353334031815847,-0.018506398424506187,18.173714068124198,0.017077520489692688,14.00228779576302,0.052616775035858154,0.7156389355659485,0.15214954316616058,1.4570835828781128,0.0009250398143194616,0.8023829460144043,0.053594134747982025,0.9623258709907532,0.0018799257231876254
194,1.7250733375549316,25.95369711636249,-0.11947715282440186,15.159484152982094,-0.32976284623146057,23.287671553714894,0.2586691379547119,2.6350971871965574,-0.028888462111353874,18.17359181681399,0.03004218079149723,13.999435309350464,-0.16446936130523682,0.7160540223121643,0.15164056420326233,1.4546177387237549,0.0009380471892654896,0.8024293184280396,0.053728438913822174,0.9620974659919739,0.0018873077351599932
195,1.7212129831314087,25.95383883360605,-0.1742088794708252,15.159644751771653,-0.2474653124809265,23.272952198974277,0.2580680251121521,2.634934220166633,-0.019498083740472794,18.17341438867047,0.03016022779047489,13.999251963957692,-0.1642269492149353,0.7164535522460938,0.15125656127929688,1.452188491821289,0.000937550503294915,0.8024246096611023,0.05383941903710365,0.9621247053146362,0.0018872974906116724
196,1.7173212766647339,25.953976795499795,-0.25082147121429443,15.159804746077482,-0.1256997287273407,23.258230006985308,0.25743567943573,2.6348211339951195,0.0037672296166419983,18.1731867093082,0.017979763448238373,14.001477769083925,0.05059051513671875,0.7168468832969666,0.150985449552536,1.4497452974319458,0.0009252388845197856,0.8023676872253418,0.05393899232149124,0.9624155759811401,0.001880367984995246
197,1.7135200500488281,25.954115829760646,-0.3148144483566284,15.159956810095661,-0.0324409082531929,23.24350524453449,0.2567634582519531,2.634712483629759,0.02273254469037056,18.172940844084767,0.004733100533485413,14.002747864013978,0.06124114990234375,0.7172497510910034,0.15066270530223846,1.4472675323486328,0.0009177885949611664,0.8023058176040649,0.054053861647844315,0.9627336263656616,0.0018739815568551421
198,1.7096819877624512,25.95425958571778,-0.3238428831100464,15.160096033803981,-0.019286638125777245,23.228778399066,0.2561018466949463,2.634574565350407,0.02882869727909565,18.172708287928508,-0.006189774721860886,14.002997491906475,0.06427758932113647,0.7176710963249207,0.15029041469097137,1.444702386856079,0.0009156593005172908,0.8022387623786926,0.0541948564350605,0.9630845785140991,0.0018691093428060412
199,1.7058182954788208,25.95440817782483,-0.29022157192230225,15.160222866260193,-0.06849658489227295,23.214049875980532,0.2554546594619751,2.6343994042506673,0.02290409989655018,18.172512383807607,-0.012756317853927612,14.002279234551077,0.05988094210624695,0.7181110978126526,0.14986483752727509,1.442046880722046,0.0009181300993077457,0.8021811842918396,0.054353512823581696,0.9633880257606506,0.001866030739620328
200,1.7019299268722534,25.954559222454826,-0.2265540361404419,15.160341543262945,-0.15643678605556488,23.199319984687186,0.2548243999481201,2.63420093910021,0.008138658478856087,18.17236446962731,-0.012474536895751953,14.000749723725466,0.04968899488449097,0.718559205532074,0.14940282702445984,1.439361810684204,0.0009246775298379362,0.8021351099014282,0.05452924594283104,0.9636362791061401,0.0018654924351722002
201,1.6983041763305664,25.954708798667415,-0.16166973114013672,15.160458292540948,-0.24363663792610168,23.18458893319548,0.2542325258255005,2.6340074388292063,-0.009266622364521027,18.172259307368076,-0.00661681592464447,13.99863614228484,-0.1613215208053589,0.7189890742301941,0.14891411364078522,1.4368000030517578,0.0009339633397758007,0.8020921945571899,0.054707545787096024,0.963879406452179,0.0018686744151636958
202,1.6944681406021118,25.95485327594533,-0.127424955368042,15.160578718582647,-0.2657225430011749,23.169856716178398,0.2536487579345703,2.633849239357883,-0.013243071734905243,18.172179468458417,-0.003611605614423752,13.999115713591713,-0.15728643536567688,0.7194165587425232,0.14855027198791504,1.4341973066329956,0.0009300837409682572,0.8020421266555786,0.05486292392015457,0.9641527533531189,0.0018688490381464362
203,1.690629243850708,25.954991160403242,-0.1348475217819214,15.16070387184952,-0.2126845419406891,23.155123305422304,0.25308096408843994,2.6337300134043433,-0.0028569139540195465,18.17211566343086,-0.0038886219263076782,14.001879375497731,0.059392184019088745,0.7198222279548645,0.1482972353696823,1.4316785335540771,0.00091509212506935,0.8019703030586243,0.054991576820611954,0.9645381569862366,0.0018666082760319114
204,1.6869791746139526,25.95512355205709,-0.15247046947479248,15.160830037575701,-0.14948123693466187,23.14038860703166,0.25256243348121643,2.633627510857213,0.006118960678577423,18.172066985655285,0.0011516883969306946,14.003490660332494,0.07215362787246704,0.7202143669128418,0.1479959487915039,1.4292676448822021,0.000905791821423918,0.8019270896911621,0.055123064666986465,0.9647793769836426,0.00186786032281816
205,1.6832356452941895,25.95525204971377,-0.16094791889190674,15.160953211767799,-0.11088171601295471,23.12565227789897,0.2520242929458618,2.633524071908716,0.0093470998108387,18.172020413149987,0.007380370050668716,14.00386959429939,0.07594472169876099,0.7206135988235474,0.14764079451560974,1.4268449544906616,0.0009030493092723191,0.8019199371337891,0.055260565131902695,0.9648305177688599,0.0018713684985414147
206,1.6795001029968262,25.955377559243036,-0.1634204387664795,15.161071297574727,-0.09634135663509369,23.110914140465336,0.25147032737731934,2.6334139740859515,0.0070470720529556274,18.17196139633007,0.012965820729732513,14.003077165860773,0.07071202993392944,0.7210265398025513,0.14723123610019684,1.4243658781051636,0.0009062589961104095,0.8019241094589233,0.05541420727968216,0.9648246765136719,0.0018761471146717668
207,1.6755716800689697,25.95550054360928,-0.15803182125091553,15.161183897611032,-0.10496766865253448,23.09617414561273,0.250898540019989,2.633301956497173,0.0006093047559261322,18.171878213043765,0.017232052981853485,14.001303261204834,0.05854722857475281,0.7214546799659729,0.14677193760871887,1.4218177795410156,0.0009142747148871422,0.8019468188285828,0.055575501173734665,0.9647156000137329,0.0018807023297995329
208,1.6719859838485718,25.955620952467303,-0.1360182762145996,15.161292104200342,-0.14620856940746307,23.081432372080734,0.25030696392059326,2.6331997734392547,-0.008825873956084251,18.17176326955791,0.01804874837398529,13.998823615830705,-0.15367984771728516,0.7218741774559021,0.14628271758556366,1.4193401336669922,0.0009260745136998594,0.801947295665741,0.055749159306287766,0.9647260904312134,0.0018846908351406455
209,1.6682697534561157,25.95573774432126,-0.1469426155090332,15.16139896086418,-0.13020671904087067,23.06668902587026,0.24969768524169922,2.6331235088605913,-0.004434708505868912,18.171617665602007,0.010334670543670654,13.998899360753034,-0.15200749039649963,0.7222921252250671,0.1459139734506607,1.4168177843093872,0.0009252498857676983,0.8019016981124878,0.055905550718307495,0.9649695158004761,0.0018828113097697496
210,1.6644768714904785,25.9558519477016,-0.16118407249450684,15.161503611822294,-0.09350428730249405,23.05194441648097,0.2490386664867401,2.6330627218920846,0.008687388151884079,18.171462231223362,-0.003684256225824356,14.001259394945361,0.060934484004974365,0.7227126955986023,0.14564739167690277,1.4142324924468994,0.0009132660343311727,0.8018103241920471,0.05604735389351845,0.9654465317726135,0.0018757929792627692
211,1.6608167886734009,25.95596469368862,-0.16285204887390137,15.161603968394514,-0.07973235100507736,23.03719913219907,0.24842971563339233,2.632992091589357,0.015057362616062164,18.17133056535689,-0.012890659272670746,14.002467826533298,0.07056230306625366,0.7231305241584778,0.14532455801963806,1.411688208580017,0.0009064780315384269,0.8017303347587585,0.056199852377176285,0.965870201587677,0.0018716809572651982
212,1.6571670770645142,25.956076249435807,-0.14966046810150146,15.161699589802584,-0.09050168842077255,23.022453437541685,0.24783653020858765,2.63290093888838,0.013677466660737991,18.171241903152485,-0.015857182443141937,14.002488933459768,0.07135528326034546,0.7235506772994995,0.14495375752449036,1.40915846824646,0.0009058560826815665,0.8016854524612427,0.05636148899793625,0.9661139845848083,0.0018713149474933743
213,1.6533881425857544,25.956185958355228,-0.1235584020614624,15.161791636333032,-0.1207231655716896,23.007707501687072,0.24727006256580353,2.6327937159951635,0.005352361127734184,18.171199081788956,-0.012143328785896301,14.001424058688226,0.06412312388420105,0.7239794731140137,0.1445315182209015,1.4065994024276733,0.0009101400501094759,0.8016734719276428,0.056533630937337875,0.9661886096000671,0.0018741907551884651
214,1.6497396230697632,25.956292441417286,-0.09500670433044434,15.161882400348384,-0.15668797492980957,22.992961343448467,0.24674092233181,2.63268716683319,-0.00697687640786171,18.171188991086414,-0.0034148842096328735,13.999486771728577,-0.14364409446716309,0.7243990302085876,0.14407522976398468,1.4041165113449097,0.0009189508855342865,0.8016851544380188,0.05671033635735512,0.9661441445350647,0.0018801310798153281
215,1.6460092067718506,25.956394297243236,-0.09446454048156738,15.161974327964607,-0.135855033993721,22.978214783053524,0.24620026350021362,2.6326038278505473,-0.00737902894616127,18.171187935094085,0.00192323699593544,13.999931627334172,-0.13975736498832703,0.7248114347457886,0.14372989535331726,1.4016268253326416,0.000915928219910711,0.8016684651374817,0.05686410143971443,0.9662445783615112,0.0018828259781002998
216,1.6425031423568726,25.956491958647774,-0.11140012741088867,15.162065993774961,-0.07524456083774567,22.96346774520895,0.24567349255084991,2.6325422060174666,0.002404097467660904,18.171182437294416,0.003014717251062393,14.00247009978573,0.07343816757202148,0.7252007722854614,0.14348135888576508,1.399233102798462,0.0009025856852531433,0.8015995025634766,0.05699602887034416,0.9666193723678589,0.00188204157166183
217,1.6389365196228027,25.956586883485997,-0.11612117290496826,15.162153545750884,-0.04264993593096733,22.94872010056563,0.2451331466436386,2.632482168961637,0.0066022127866744995,18.17117033391108,0.005343135446310043,14.003634498730499,0.08295634388923645,0.7256021499633789,0.14316943287849426,1.39679753780365,0.0008960496634244919,0.8015548586845398,0.05714556202292442,0.9668658971786499,0.0018827614840120077
218,1.6353257894515991,25.956679644665964,-0.10611593723297119,15.162235295097533,-0.04675718769431114,22.933971831485216,0.24457350373268127,2.632415787112981,0.003329521045088768,18.17114672128437,0.007159862667322159,14.003410203941199,0.08180546760559082,0.7260136604309082,0.1427987515926361,1.3943337202072144,0.0008967899484559894,0.8015348315238953,0.05730918422341347,0.9669827222824097,0.0018849644111469388
219,1.6315888166427612,25.956769856649853,-0.09602487087249756,15.162312080521806,-0.06727661192417145,22.91922305520108,0.2440105825662613,2.6323497177464508,-0.0038383007049560547,18.171108365333286,0.007593479007482529,14.001947774634566,0.07128620147705078,0.7264450192451477,0.14236466586589813,1.391777753829956,0.000903298263438046,0.801535427570343,0.05748691037297249,0.9669895172119141,0.001887868158519268
220,1.6278963088989258,25.956857163190335,-0.07858109474182129,15.162385724145619,-0.1079188659787178,22.904473916876906,0.24343341588974,2.6322972389805344,-0.014489183202385902,18.17105562835915,0.007374059408903122,13.9995277026401,-0.13902851939201355,0.7268769145011902,0.1418897658586502,1.3892402648925781,0.00091476523084566,0.8015497922897339,0.0576748363673687,0.966924250125885,0.00189193373080343
221,1.62431800365448,25.95694078610075,-0.07751357555389404,15.162459184601692,-0.10738961398601532,22.889724651703656,0.24284619092941284,2.6322768895657873,-0.013226905837655067,18.17099039538178,0.0017705857753753662,13.999496260984035,-0.13844045996665955,0.7272909283638,0.14152857661247253,1.3867645263671875,0.0009151269914582372,0.8015166521072388,0.057842373847961426,0.9671040177345276,0.0018914592219516635
222,1.620749592781067,25.95702103077504,-0.10258889198303223,15.162532462304926,-0.05471649393439293,22.874975551759952,0.24226996302604675,2.63228323973618,-0.0008371714502573013,18.17092728923278,-0.00716741755604744,14.001614325398098,0.07085573673248291,0.7276963591575623,0.14126506447792053,1.3842947483062744,0.0009048082283698022,0.8014456033706665,0.0579950176179409,0.9674839973449707,0.0018885539611801505
223,1.6172521114349365,25.957099793539953,-0.11461269855499268,15.1626021516139,-0.0276167169213295,22.860226835784733,0.24170635640621185,2.6322905371802157,0.004943162202835083,18.170887592573553,-0.012270167469978333,14.002423944853255,0.0776197612285614,0.7281015515327454,0.1409420520067215,1.3818575143814087,0.000901227758731693,0.801404595375061,0.058154959231615067,0.9677091240882874,0.0018884086748585105
224,1.6136441230773926,25.957177981861516,-0.11093294620513916,15.162666837094775,-0.028197024017572403,22.845478646186812,0.24115994572639465,2.632287840054551,0.0031074099242687225,18.170881366272386,-0.012559566646814346,14.001945165373497,0.0746350884437561,0.7285189628601074,0.14056088030338287,1.3793729543685913,0.0009034114773385227,0.801397979259491,0.058331459760665894,0.9677549004554749,0.0018912504892796278
225,1.6099590063095093,25.95725543961726,-0.09221088886260986,15.162727049888877,-0.05436817556619644,22.830731028676087,0.24063490331172943,2.6322795576230544,-0.005440684035420418,18.170906111949936,-0.00865321233868599,14.000347854449851,0.06336954236030579,0.7289449572563171,0.14012961089611053,1.3768631219863892,0.0009112819680012763,0.801419734954834,0.05852186679840088,0.9676544070243835,0.0018967149080708623
226,1.6066596508026123,25.95733108507795,-0.07279610633850098,15.162784953491514,-0.08617778867483139,22.81598391606065,0.24013520777225494,2.6322823511645335,-0.01677670143544674,18.1709494096839,-0.0021148212254047394,13.997915004200342,-0.1460440456867218,0.7293450236320496,0.13965743780136108,1.3745243549346924,0.0009227545233443379,0.8014332056045532,0.05871640890836716,0.9676044583320618,0.0019040455808863044
227,1.6031074523925781,25.957403893115302,-0.07356715202331543,15.162842880398735,-0.06998802721500397,22.80123711458049,0.23963098227977753,2.6323166062937653,-0.01616915687918663,18.17099361191121,0.00025133416056632996,13.998011474751635,-0.14464887976646423,0.7297505140304565,0.13930855691432953,1.3721046447753906,0.0009225717512890697,0.8014314770698547,0.058892808854579926,0.9676290154457092,0.0019081716891378164
228,1.5993188619613647,25.95747420015267,-0.09383964538574219,15.162899771187474,-0.00976685993373394,22.786490494618576,0.2391028255224228,2.6323781725154993,-0.0047625526785850525,18.171032879671692,-0.001332838088274002,14.000371328022352,0.06527304649353027,0.730166494846344,0.1390606015920639,1.3695799112319946,0.0009119699825532734,0.8014098405838013,0.05905431509017944,0.9677523374557495,0.0019091644790023565
229,1.595881462097168,25.957543537299014,-0.09376370906829834,15.162951745848357,0.012479430064558983,22.771744101255965,0.2385941445827484,2.6324427710353184,3.68412584066391e-05,18.171071561357596,-0.0022815950214862823,14.001472141954732,0.07403430342674255,0.7305631637573242,0.13875773549079895,1.3671973943710327,0.0009073600522242486,0.8013811707496643,0.05922626331448555,0.9679171442985535,0.0019112121080979705
230,1.5923526287078857,25.957612008437334,-0.08309972286224365,15.162997807935675,0.007991424761712551,22.75699787624634,0.23807556927204132,2.632500981435652,-0.0012317690998315811,18.171112043914835,-0.002286389470100403,14.001296442115212,0.07332339882850647,0.7309758067131042,0.13839414715766907,1.3647457361221313,0.0009088144870474935,0.8013749122619629,0.059412632137537,0.9679636359214783,0.0019147678976878524
231,1.5887649059295654,25.957679037664704,-0.05782651901245117,15.163038832278188,-0.027324510738253593,22.74225184483399,0.23756460845470428,2.6325558510909826,-0.008756129071116447,18.17115417621179,-0.0015649199485778809,13.999977788262377,-0.12722253799438477,0.7313984036445618,0.13798026740550995,1.3622608184814453,0.0009157926542684436,0.8013876676559448,0.05961882323026657,0.9679104089736938,0.0019195580389350653
232,1.5853066444396973,25.95774317599942,-0.04257524013519287,15.163077668273655,-0.030714238062500954,22.727506001824803,0.23702223598957062,2.632622119637004,-0.007575564086437225,18.17119603578982,-0.0037249624729156494,14.000805655604118,0.07065767049789429,0.7318102121353149,0.13766126334667206,1.359797716140747,0.0009124151547439396,0.8013477325439453,0.059805531054735184,0.9681329727172852,0.0019207915756851435
233,1.5817506313323975,25.9578037453578,-0.025404930114746094,15.163114760966202,-0.04763244837522507,22.7127605511307,0.23651601374149323,2.6326964459457973,-0.01053597778081894,18.171242983336274,-0.004627697169780731,14.000429626790375,0.06835475564002991,0.7322278022766113,0.13728800415992737,1.3573254346847534,0.0009148853714577854,0.8013424873352051,0.060001082718372345,0.9681731462478638,0.0019240024266764522
234,1.5783734321594238,25.957860007134716,-0.01787424087524414,15.163151420728022,-0.061034586280584335,22.698015475334635,0.23601196706295013,2.632783772019073,-0.015296537429094315,18.171296773621155,-0.004083532840013504,13.99900171666209,-0.13249042630195618,0.7326313257217407,0.13687531650066376,1.3549612760543823,0.0009227708214893937,0.8013591170310974,0.060199636965990067,0.9681007266044617,0.0019293345976620913
235,1.5748234987258911,25.957911905326217,-0.03156554698944092,15.16318859869103,-0.02645529806613922,22.683270763110446,0.2354990392923355,2.6328920552504633,-0.009510694071650505,18.171355416169856,-0.0057570114731788635,13.999828440077097,-0.12542852759361267,0.7330426573753357,0.13656340539455414,1.3525084257125854,0.0009202954242937267,0.8013543486595154,0.06038406863808632,0.9681378602981567,0.0019321313593536615
236,1.5714988708496094,25.957960745501854,-0.04739856719970703,15.163223922308015,0.029812393710017204,22.668526476046985,0.23500502109527588,2.6330081291631022,0.0029379036277532578,18.17142261514876,-0.008629478514194489,14.002579661170193,0.08686310052871704,0.7334288954734802,0.13633973896503448,1.3501662015914917,0.0009084458579309285,0.8012986183166504,0.060543276369571686,0.96844482421875,0.001932368497364223
237,1.5681532621383667,25.95800784711039,-0.046149492263793945,15.163253774400221,0.05121840536594391,22.65378257156496,0.23452447354793549,2.633107150814321,0.006937185302376747,18.171504716062053,-0.007948581129312515,14.003669149111992,0.09621644020080566,0.7338246703147888,0.13604217767715454,1.3478020429611206,0.0009043039754033089,0.8012710213661194,0.060724761337041855,0.9686039686203003,0.0019346756162121892
238,1.5646164417266846,25.95805330678691,-0.03036057949066162,15.1632772353554,0.03453622758388519,22.639038945734416,0.23401126265525818,2.633183006360869,0.0014569126069545746,18.171598612088438,-0.006187155842781067,14.003106551011586,0.09211814403533936,0.7342448830604553,0.13566553592681885,1.345323920249939,0.0009075810085050762,0.8012736439704895,0.06092431768774986,0.968603789806366,0.0019385811174288392
239,1.5610243082046509,25.958096274097176,-0.0014854669570922852,15.163296055016485,-0.013682413846254349,22.62429572250499,0.23351256549358368,2.6332486007967915,-0.011286122724413872,18.171698790101445,-0.003306213766336441,14.001116520238371,0.0767262876033783,0.7346717119216919,0.13523368537425995,1.3428385257720947,0.00091787293786183,0.801308274269104,0.061140503734350204,0.9684320688247681,0.0019440448377281427
240,1.5577285289764404,25.958135131553313,0.02261972427368164,15.163313963745805,-0.0654616504907608,22.6095529416987,0.23302912712097168,2.6333298003998937,-0.025937840342521667,18.171797449519158,-0.00011831149458885193,13.998083937935535,-0.13562554121017456,0.7350788116455078,0.134751096367836,1.3404899835586548,0.0009327739826403558,0.8013445734977722,0.06135514751076698,0.9682546854019165,0.0019506235839799047
241,1.554368257522583,25.95816872022276,0.013852596282958984,15.163334585084849,-0.05263201519846916,22.594810562046497,0.23253348469734192,2.633453789652104,-0.02662516012787819,18.17188674819101,-0.0004078671336174011,13.997541241797762,-0.13897764682769775,0.7354782819747925,0.1343863308429718,1.3381425142288208,0.0009367385064251721,0.8013525009155273,0.061552662402391434,0.9682270884513855,0.0019549692515283823
242,1.5507402420043945,25.958198121319423,-0.01582193374633789,15.163356786481906,0.008775018155574799,22.58006863853669,0.23203927278518677,2.633617844824657,-0.015103114768862724,18.17196833165617,-0.004240959882736206,13.999302051117166,-0.12481141090393066,0.7358891367912292,0.1341274529695511,1.3356883525848389,0.0009311336907558143,0.8013591170310974,0.06172491982579231,0.9682000279426575,0.0019566663540899754
243,1.5474454164505005,25.95822567329091,-0.05269026756286621,15.163376212775667,0.09819472581148148,22.56532722877498,0.23155884444713593,2.6337955195514584,0.0037705879658460617,18.172052632351303,-0.008828524500131607,14.002914572078435,0.09359675645828247,0.7362715005874634,0.1339472085237503,1.3333667516708374,0.0009166038362309337,0.8013019561767578,0.06188083067536354,0.9685136675834656,0.0019560938235372305
244,1.5442272424697876,25.958253963783868,-0.06068551540374756,15.163386991351253,0.1350666582584381,22.550586315803727,0.23106373846530914,2.6339483697835835,0.011648895218968391,18.172151014979864,-0.009943988174200058,14.004651141152776,0.10870236158370972,0.7366601824760437,0.13368533551692963,1.3310445547103882,0.0009104185737669468,0.8012630343437195,0.062062256038188934,0.9687309861183167,0.0019570665899664164
245,1.540793538093567,25.9582834508297,-0.02727973461151123,15.163387414501791,0.09606419503688812,22.535845992184637,0.23057426512241364,2.634063253168916,0.005231708288192749,18.172264980160467,-0.010553836822509766,14.004446546139196,0.10734871029853821,0.7370795011520386,0.13333390653133392,1.3285764455795288,0.0009123302297666669,0.8012485504150391,0.062273938208818436,0.968816876411438,0.001958956476300955
246,1.5371845960617065,25.958311837498783,0.015160322189331055,15.163381166543513,0.025559356436133385,22.521106322920506,0.23005317151546478,2.634156532868675,-0.009948665276169777,18.172394609180365,-0.010174006223678589,14.002509898558664,0.09145084023475647,0.737522304058075,0.1329018920660019,1.3260027170181274,0.0009218024788424373,0.801264762878418,0.06250851601362228,0.968738853931427,0.00196256791241467
247,1.5336796045303345,25.958336448500397,0.06017458438873291,15.163373762528622,-0.05833527073264122,22.506367580998635,0.2295750081539154,2.6342604096636792,-0.029726749286055565,18.172537460957237,-0.007443692535161972,13.999267508082033,-0.12241360545158386,0.7379512786865234,0.13241977989673615,1.3235377073287964,0.0009375936933793128,0.8013096451759338,0.06275273859500885,0.9685126543045044,0.001968581695109606
248,1.5303961038589478,25.958354688433737,0.07557129859924316,15.163371128025428,-0.0780230164527893,22.491629760618423,0.22910241782665253,2.6344132083923504,-0.036090634763240814,18.172685327244007,-0.0054003410041332245,13.998349799712047,-0.12898480892181396,0.7383497357368469,0.1320439726114273,1.3212133646011353,0.0009434619569219649,0.8013248443603516,0.06296037882566452,0.9684442281723022,0.0019729977939277887
249,1.5268932580947876,25.95836615649068,0.04139244556427002,15.163374173141081,-0.01198428776115179,22.476892837636356,0.22864112257957458,2.6346229507213614,-0.026494596153497696,18.17283252985432,-0.005512770265340805,13.999639986027802,-0.11806726455688477,0.7387533783912659,0.13176889717578888,1.3188239336013794,0.0009408944169990718,0.8013476133346558,0.06314634531736374,0.9683353304862976,0.001976575003936887
250,1.5236860513687134,25.958373764404538,-0.00213015079498291,15.163377754595079,0.08705858141183853,22.462156735072075,0.2282065600156784,2.6348650569300363,-0.008349744603037834,18.172979452436394,-0.005892600864171982,14.002745544072061,0.09576612710952759,0.7391254305839539,0.13157281279563904,1.316588282585144,0.000930231879465282,0.801326334476471,0.06330584734678268,0.968460738658905,0.0019781766459345818
251,1.5204581022262573,25.958380768152445,-0.028339266777038574,15.163374908358868,0.14343468844890594,22.447421230408256,0.22777728736400604,2.635100157030669,0.0009358860552310944,18.17312712975087,-0.006246693432331085,14.003967716631248,0.10694560408592224,0.7395080924034119,0.13129451870918274,1.314327359199524,0.0009283137624152005,0.8013301491737366,0.06349261105060577,0.9684523344039917,0.0019811876118183136
252,1.5170390605926514,25.95838896787836,-0.029059767723083496,15.163362306472594,0.14276638627052307,22.432686104421254,0.22731128334999084,2.6353103460333203,-0.0012905336916446686,18.173276433233138,-0.007533825933933258,14.003303578976551,0.10192176699638367,0.7399175763130188,0.13093261420726776,1.3119438886642456,0.0009345101425424218,0.8013625741004944,0.06370551139116287,0.968291163444519,0.0019853725098073483
253,1.5134845972061157,25.958398298531755,0.0006035566329956055,15.163340929172113,0.08341111242771149,22.417951406873627,0.22681209444999695,2.6355025351767765,-0.01422695443034172,18.173430562365482,-0.009387042373418808,14.001018030366106,0.08332744240760803,0.740349292755127,0.1304975003004074,1.30945885181427,0.000947539578191936,0.8014127612113953,0.06394805759191513,0.9680314064025879,0.0019898083992302418
254,1.5103451013565063,25.958406674628044,0.03253293037414551,15.163315785090534,0.01174838375300169,22.403217408899216,0.22637252509593964,2.6357045598325786,-0.03073926642537117,18.173593882982466,-0.009880371391773224,13.99757501039198,-0.13074147701263428,0.7407521605491638,0.13001009821891785,1.3071651458740234,0.0009656124748289585,0.8014512062072754,0.06420232355594635,0.9678382873535156,0.0019951879512518644
255,1.5071358680725098,25.958412054699355,0.04424238204956055,15.163292277575193,-0.005057758651673794,22.38848399198023,0.2259361743927002,2.6359488655752124,-0.034654032438993454,18.173766827027617,-0.010625649243593216,13.996642632281722,-0.13729757070541382,0.7411488890647888,0.1296386867761612,1.3048670291900635,0.0009734752820804715,0.8014739155769348,0.064426951110363,0.967727780342102,0.0019989293068647385
256,1.503613829612732,25.9584139428214,0.03221726417541504,15.163271430843112,0.03417181596159935,22.37375104353028,0.22548368573188782,2.6362393686465935,-0.026564056053757668,18.17395044457367,-0.012147206813097,13.998086879947179,-0.12524861097335815,0.7415571808815002,0.12937042117118835,1.3024626970291138,0.00097171391826123,0.8014989495277405,0.06463228166103363,0.9676027297973633,0.0020013877656310797
257,1.500198245048523,25.958413482227975,0.011357545852661133,15.163250209906078,0.10915854573249817,22.35901857980423,0.22507134079933167,2.63655528448145,-0.010126907378435135,18.174147713630397,-0.01217467337846756,14.001477233154523,0.08970865607261658,0.7419536709785461,0.1291867345571518,1.300094485282898,0.0009615764720365405,0.8014914393424988,0.06481830775737762,0.9676520228385925,0.0020027051214128733
258,1.4969921112060547,25.958412302342197,0.00297701358795166,15.1632233298822,0.15061883628368378,22.344286373508094,0.22466732561588287,2.6368608231893838,-0.0018363632261753082,18.174357436389258,-0.010608803480863571,14.00303604316823,0.10384014248847961,0.7423385977745056,0.1289229840040207,1.2978274822235107,0.0009592804708518088,0.8014954328536987,0.06501822173595428,0.967641294002533,0.0020050944294780493
259,1.4936530590057373,25.95841103729848,0.022413969039916992,15.16318838273383,0.1334896683692932,22.3295541802619,0.22424256801605225,2.6371401537610013,-0.005150720477104187,18.17457436303259,-0.00940561294555664,14.002703624581478,0.10162428021430969,0.7427437901496887,0.12857656180858612,1.295474886894226,0.0009649377898313105,0.8015252947807312,0.06525115668773651,0.9674904942512512,0.00200832006521523
260,1.4901783466339111,25.958408381031347,0.05744373798370361,15.16314735576284,0.07534448057413101,22.314821926786543,0.22381766140460968,2.6374026190278883,-0.017574138939380646,18.17479469133602,-0.008755385875701904,14.00069960603959,0.08508074283599854,0.7431654930114746,0.12816135585308075,1.2930575609207153,0.0009780058171600103,0.8015851974487305,0.0655057355761528,0.9671775698661804,0.002012350130826235
261,1.4871020317077637,25.95840209337178,0.08993673324584961,15.163104973983906,0.008431380614638329,22.30008956218779,0.2233983427286148,2.637675315992978,-0.03293906897306442,18.175016431239058,-0.008033636957406998,13.997462690362198,-0.12668082118034363,0.7435620427131653,0.12768876552581787,1.290809988975525,0.0009962535696104169,0.8016332983970642,0.06576705724000931,0.9669312238693237,0.002017518039792776
262,1.4839046001434326,25.958390315717867,0.09461617469787598,15.163066144395275,0.003366210265085101,22.2853570186953,0.22298330068588257,2.637988828183499,-0.0352448932826519,18.175237591870463,-0.008097931742668152,13.99667679481837,-0.13216909766197205,0.7439528107643127,0.12733031809329987,1.2885586023330688,0.0010051785502582788,0.8016752600669861,0.06599535048007965,0.9667142033576965,0.0020206617191433907
263,1.4804152250289917,25.958373254747684,0.06561720371246338,15.163030880723246,0.0658276230096817,22.27062422154951,0.22256940603256226,2.63834403735315,-0.024382513016462326,18.175458444176915,-0.008809253573417664,13.998197028613712,-0.11895090341567993,0.7443551421165466,0.1270703822374344,1.2862052917480469,0.0010053652804344893,0.8017174005508423,0.06620068103075027,0.9664946794509888,0.002022678731009364
264,1.4770400524139404,25.958353392162465,0.03338170051574707,15.162994346467375,0.15602487325668335,22.255891109761695,0.22216910123825073,2.6387146364562084,-0.005445396527647972,18.175680944888583,-0.008727505803108215,14.001577224006006,0.09566894173622131,0.7447460889816284,0.12689019739627838,1.283887267112732,0.0009975057328119874,0.801725447177887,0.06638378649950027,0.9664559960365295,0.002022686880081892
265,1.4739291667938232,25.958333196084766,0.0230104923248291,15.162950163485242,0.1958370953798294,22.241157553900553,0.22177119553089142,2.63906013393988,0.0027587581425905228,18.175904764409047,-0.008287519216537476,14.003005959350425,0.10905042290687561,0.7451302409172058,0.12662652134895325,1.281642198562622,0.000997476396150887,0.801726222038269,0.06659571826457977,0.9664568305015564,0.0020232838578522205
266,1.470555305480957,25.958313404721302,0.042548537254333496,15.162896185989936,0.16953659057617188,22.22642343507127,0.22133111953735352,2.6393660425832843,-0.001408413052558899,18.176128652697706,-0.010377679020166397,14.00244498029067,0.10466617345809937,0.7455452680587769,0.12627342343330383,1.2792483568191528,0.0010048256954178214,0.801754355430603,0.06683667004108429,0.9663076400756836,0.002024224493652582
267,1.4671066999435425,25.958292634210043,0.08599162101745605,15.162835245968802,0.09144353866577148,22.211688934232445,0.22087308764457703,2.6396448690536216,-0.01612917147576809,18.176358213720302,-0.01278277114033699,14.000160959487282,0.08514904975891113,0.7459740042686462,0.125856414437294,1.276802897453308,0.0010190741159021854,0.8018072247505188,0.06710408627986908,0.966023325920105,0.0020256645511835814
268,1.464224100112915,25.95826798655858,0.12258720397949219,15.162773658141662,0.01156499981880188,22.196954346090987,0.22046801447868347,2.6399298546264207,-0.03379131853580475,18.176599365782746,-0.013696979731321335,13.996651883307509,-0.1282157599925995,0.7463632822036743,0.12538090348243713,1.2746104001998901,0.0010385994100943208,0.8018388748168945,0.0673748031258583,0.9658570289611816,0.0020280354656279087
269,1.4611084461212158,25.958237307302394,0.13003981113433838,15.162717271633875,0.0007407069206237793,22.182219604522764,0.22008027136325836,2.6402572337195753,-0.03782042860984802,18.17685348746247,-0.012706305831670761,13.99567457739182,-0.1354730725288391,0.7467485070228577,0.12502457201480865,1.272405743598938,0.001048893784172833,0.8018792271614075,0.06761164218187332,0.965643584728241,0.002029568189755082
270,1.4576119184494019,25.958200655596876,0.10150265693664551,15.162666362357841,0.06282543390989304,22.167484549645092,0.21967393159866333,2.640631400624389,-0.028095822781324387,18.1771167281244,-0.011561159044504166,13.997107427500323,-0.12286719679832458,0.7471538782119751,0.12476282566785812,1.2700473070144653,0.0010502029908820987,0.8019289970397949,0.06781573593616486,0.9653784036636353,0.0020303609780967236
271,1.4541065692901611,25.95816057378135,0.06193661689758301,15.16261586671116,0.16405516862869263,22.152749172354024,0.21927738189697266,2.6410275996952923,-0.009136714041233063,18.17738518864735,-0.00898081436753273,14.000501465673377,0.0908781886100769,0.747553825378418,0.12459208071231842,1.2676914930343628,0.001043885131366551,0.8019605875015259,0.06800199300050735,0.9652095437049866,0.0020296445582062006
272,1.4509446620941162,25.958120128170336,0.042191386222839355,15.162558338705159,0.2181565761566162,22.13801341331249,0.2189050018787384,2.6414040711642555,0.00016898103058338165,18.177651477464327,-0.006745867431163788,14.002004045488732,0.10505011677742004,0.7479361891746521,0.12433482706546783,1.2654691934585571,0.0010448878165334463,0.8019768595695496,0.06820548325777054,0.965121865272522,0.002029126277193427
273,1.4477219581604004,25.958080718121572,0.052965521812438965,15.162490482378606,0.20532897114753723,22.123277072672337,0.2184942066669464,2.6417432517606962,-0.002443738281726837,18.177909830290293,-0.007630892097949982,14.001554747387749,0.10154515504837036,0.7483397722244263,0.12400161474943161,1.263153314590454,0.0010531734442338347,0.8020104765892029,0.06844602525234222,0.9649389982223511,0.0020286161452531815
274,1.4443881511688232,25.95804148568932,0.09051847457885742,15.162414219198565,0.13535332679748535,22.1085402364641,0.2180575430393219,2.642054294025283,-0.01568816602230072,18.17816345365638,-0.010349996387958527,13.999402537507715,-0.10038456320762634,0.748758852481842,0.12359503656625748,1.2607735395431519,0.001067442586645484,0.8020550608634949,0.06871539354324341,0.9646936655044556,0.0020281646866351366
275,1.4411565065383911,25.957999784868587,0.12425065040588379,15.162335487797593,0.09393740445375443,22.093803166783992,0.2176063358783722,2.6423678895211604,-0.021273840218782425,18.17842021569213,-0.011802438646554947,13.999192294114224,-0.10175767540931702,0.7491753697395325,0.12326673418283463,1.2583725452423096,0.0010725033935159445,0.802054762840271,0.06896433234214783,0.9646885991096497,0.0020257800351828337
276,1.4379167556762695,25.957953485649345,0.14828932285308838,15.16225756144779,0.08840736746788025,22.07906621026149,0.21717888116836548,2.6426956547585143,-0.018708016723394394,18.17868380614948,-0.011319033801555634,14.00075989552724,0.0955742597579956,0.749588668346405,0.1230156272649765,1.255963683128357,0.0010703641455620527,0.8020323514938354,0.06919653713703156,0.9648011326789856,0.002022583968937397
277,1.434704303741455,25.957901336712187,0.1519259214401245,15.1621807555353,0.0856875628232956,22.064329535751057,0.21675607562065125,2.6430308587365663,-0.020376242697238922,18.17895230539599,-0.011733844876289368,14.000519905461605,0.09388551115989685,0.7499894499778748,0.12269645184278488,1.2536647319793701,0.0010774078546091914,0.8020595908164978,0.0694311261177063,0.9646493196487427,0.002020980231463909
278,1.4315382242202759,25.957843635547608,0.15063023567199707,15.162105148282851,0.06867185980081558,22.049593278092615,0.21633805334568024,2.6433763901447147,-0.027050375938415527,18.1792264239017,-0.0139358751475811,13.998676295458097,-0.10445818305015564,0.7503893971443176,0.12230712175369263,1.251400351524353,0.0010918059851974249,0.8021107316017151,0.06968004256486893,0.9643692374229431,0.0020205446053296328
279,1.4283010959625244,25.95778099660626,0.13126647472381592,15.162031870847304,0.10233434289693832,22.03485754035136,0.21595445275306702,2.6437455095749454,-0.02381719835102558,18.17951168642543,-0.012862112373113632,13.998827782035148,-0.10239142179489136,0.75078284740448,0.12200481444597244,1.2491455078125,0.0010989918373525143,0.8021561503410339,0.06989987194538116,0.9641193151473999,0.0020190610084682703
280,1.4251024723052979,25.957715248681744,0.10203993320465088,15.161958183943439,0.17118589580059052,22.020122198661664,0.21556615829467773,2.6441291309935004,-0.01245177537202835,18.179804138062764,-0.010198090225458145,14.000745369202216,0.09781306982040405,0.7511749863624573,0.12177817523479462,1.246871829032898,0.0010989749571308494,0.8021768927574158,0.07010067999362946,0.9640030264854431,0.002017025602981448
281,1.4218559265136719,25.957648743687066,0.08622229099273682,15.161878987572818,0.19814372062683105,22.005387185166665,0.2151673585176468,2.644501674099948,-0.010135509073734283,18.180095840342798,-0.009569641202688217,14.000769873275345,0.0986526608467102,0.7515712380409241,0.12147116661071777,1.2446051836013794,0.0011065715225413442,0.8022190928459167,0.0703253298997879,0.963767945766449,0.002014968078583479
282,1.4206255674362183,25.957582661653465,0.08647310733795166,15.161792786254404,0.1789514720439911,21.990652521624714,0.008270978927612305,2.644859324467667,-0.017332514747977257,18.18038519584919,-0.011874310672283173,13.999069798697976,-0.09801885485649109,0.7518353462219238,0.12107297033071518,1.2431286573410034,0.0011201439192518592,0.8021075129508972,0.07055319845676422,0.9643659591674805,0.0020125838927924633
283,1.4204659461975098,25.957516931219523,0.10538387298583984,15.161701672473466,0.16303299367427826,21.97730856824979,0.008128196001052856,2.6452190101407216,-0.019698109477758408,18.180678830595067,-0.011242222040891647,13.999251160170711,-0.09580308198928833,0.7520073652267456,0.12076852470636368,1.2421492338180542,0.001124548609368503,0.8018994927406311,0.07073681801557541,0.9654825925827026,0.0020082707051187754
284,1.4203612804412842,25.957450161274128,0.11632740497589111,15.16160729403115,0.18084333837032318,21.965219725831158,0.007990807294845581,2.645585684643715,-0.014140546321868896,18.180974645710176,-0.007874228060245514,14.001093119106287,0.10374361276626587,0.7521546483039856,0.12056208401918411,1.2412850856781006,0.0011217306600883603,0.8016837239265442,0.07088960707187653,0.9666411280632019,0.00200333958491683
285,1.4202204942703247,25.957381659457788,0.1375516653060913,15.161508610740793,0.15851619839668274,21.95426365988861,0.007879316806793213,2.645946786528254,-0.016797848045825958,18.1812631798911,-0.0075914375483989716,14.00093304641384,0.10286158323287964,0.7522990107536316,0.12029727548360825,1.2404718399047852,0.0011274541029706597,0.801516592502594,0.07105619460344315,0.9675362706184387,0.0019992573652416468
286,1.4201407432556152,25.957310064378014,0.1592700481414795,15.161407697316237,0.11144044250249863,21.944329861308635,0.007818341255187988,2.646308651765035,-0.026151245459914207,18.18154440711561,-0.009305700659751892,13.998980302953509,-0.09670993685722351,0.7524192929267883,0.11998997628688812,1.2398302555084229,0.0011416423367336392,0.8014012575149536,0.07122492045164108,0.9681512713432312,0.0019960643257945776
287,1.4200166463851929,25.957234106920446,0.16663408279418945,15.161308296256161,0.10911259055137634,21.935318318905335,0.007781565189361572,2.6466914839365163,-0.025149505585432053,18.181823842403666,-0.00900319218635559,13.998923004821695,-0.09667631983757019,0.7525283098220825,0.11977491527795792,1.2392257452011108,0.001148599898442626,0.8012846112251282,0.07135482132434845,0.9687738418579102,0.0019922093488276005
288,1.4198740720748901,25.957153665228894,0.15832853317260742,15.16121041852288,0.15030884742736816,21.927138667692827,0.007740229368209839,2.6470911667819714,-0.01472800225019455,18.182100870809393,-0.006678957492113113,14.000577060232644,0.10140290856361389,0.7526251673698425,0.11964944750070572,1.2386661767959595,0.00114908826071769,0.8011676073074341,0.07145480066537857,0.9693971276283264,0.0019877362065017223
289,1.4197694063186646,25.957069752689527,0.14990293979644775,15.161110782240822,0.16426780819892883,21.919709438671315,0.007740527391433716,2.64748354666857,-0.012080136686563492,18.18236930187897,-0.006662525236606598,14.00027607814735,0.09920394420623779,0.7527036666870117,0.11946691572666168,1.23824942111969,0.0011588282650336623,0.8010993003845215,0.07155847549438477,0.9697584509849548,0.0019844055641442537
290,1.4197872877120972,25.956983294248484,0.1472458839416504,15.16100847994304,0.1474015861749649,21.91295687094706,0.007763117551803589,2.6478636472892205,-0.016232876107096672,18.182629969634295,-0.009274572134017944,13.998248302052586,-0.10112205147743225,0.7527705430984497,0.11922546476125717,1.2379233837127686,0.00117472093552351,0.8010478019714355,0.07167335599660873,0.9700279831886292,0.001981440233066678
291,1.4197252988815308,25.956894710555037,0.13936471939086914,15.160905030232655,0.16308270394802094,21.906814286949704,0.007778555154800415,2.6482417683280484,-0.012409450486302376,18.182890978143462,-0.009376432746648788,13.998213623338927,-0.10101920366287231,0.7528355717658997,0.11908122152090073,1.2375764846801758,0.001182321342639625,0.8009893298149109,0.0717584416270256,0.9703348875045776,0.0019780320581048727
292,1.4194642305374146,25.956804759156434,0.1398409605026245,15.16079933088189,0.19367361068725586,21.90122159926891,0.007759511470794678,2.648609829204091,-0.002785252407193184,18.18315262938655,-0.006701618432998657,13.999977101863399,-0.08459946513175964,0.7529072165489197,0.11902385205030441,1.2371593713760376,0.0011817561462521553,0.800920844078064,0.07182364910840988,0.9706961512565613,0.0019738608971238136
293,1.4197443723678589,25.956713520514246,0.15180814266204834,15.160689246399249,0.22906506061553955,21.896124852807272,0.0077231526374816895,2.6489478273927802,0.010000022128224373,18.18340739944204,-0.0009687207639217377,14.00307280310123,0.12768566608428955,0.7529405951499939,0.11902841180562973,1.2369309663772583,0.0011728499084711075,0.8007813692092896,0.07186657935380936,0.971440851688385,0.001968817552551627
294,1.4197455644607544,25.956620233654757,0.18581342697143555,15.16057247516969,0.19478875398635864,21.89147550646958,0.007689744234085083,2.6492307175057026,0.00894145853817463,18.183639869378897,-0.001306835561990738,14.003587154886606,0.13265833258628845,0.7529973983764648,0.11894542723894119,1.2366033792495728,0.0011729263933375478,0.8006912469863892,0.07194129377603531,0.9719177484512329,0.00196457770653069
295,1.4194241762161255,25.9565226074438,0.21568763256072998,15.16045226408919,0.12406603246927261,21.887229762929515,0.007656663656234741,2.6494661918315403,-0.0028050076216459274,18.183853187071215,-0.007475458085536957,14.001682406891335,0.11374196410179138,0.7530792355537415,0.11877691745758057,1.2361634969711304,0.0011814979370683432,0.8006530404090881,0.0720401406288147,0.9721132516860962,0.0019614300690591335
296,1.419374942779541,25.956418866994134,0.23809504508972168,15.160334346817805,0.038817208260297775,21.883348121438317,0.007670998573303223,2.649684702317324,-0.021031582728028297,18.18406666463252,-0.014545902609825134,13.997931366095525,-0.10414227843284607,0.7531272768974304,0.11854860931634903,1.2359495162963867,0.0011979339178651571,0.8006433248519897,0.07213655859231949,0.97215735912323,0.0019598095677793026
297,1.4194815158843994,25.956307948114656,0.23031508922576904,15.160225031236308,0.027955936267971992,21.87979462985919,0.007691740989685059,2.6499280897877435,-0.02654019370675087,18.184300337390717,-0.015218578279018402,13.996415191210467,-0.11794650554656982,0.7531508803367615,0.11841525137424469,1.2358462810516357,0.0012065672781318426,0.8006203770637512,0.07218767702579498,0.9722766280174255,0.0019585888367146254
298,1.4193350076675415,25.95619109151674,0.18644654750823975,15.160124303317852,0.09647625684738159,21.87653681968517,0.007731646299362183,2.6502061612744807,-0.018408726900815964,18.18455420768714,-0.011227618902921677,13.997164525956324,-0.11122363805770874,0.7531720399856567,0.11838347464799881,1.2357302904129028,0.0012084065238013864,0.8006123900413513,0.07220016419887543,0.9723171591758728,0.0019573247991502285
299,1.4189934730529785,25.956072061410527,0.13323676586151123,15.160026029553197,0.20364299416542053,21.873545275275934,0.0077664852142333984,2.65049763348455,-0.001669885590672493,18.1848150343212,-0.004341382533311844,13.999838735333809,-0.08671259880065918,0.7532050013542175,0.1184304803609848,1.235517144203186,0.0012028757482767105,0.8006071448326111,0.07218193262815475,0.9723434448242188,0.0019558733329176903
300,1.4194024801254272,25.955954950117608,0.10333049297332764,15.159921671372834,0.3030678331851959,21.8707935026436,0.0077471137046813965,2.6507641669380737,0.017684277147054672,18.185062590984757,0.005674391984939575,14.003810686236799,0.13430464267730713,0.7531908750534058,0.11853450536727905,1.2355445623397827,0.0011890603927895427,0.8005009293556213,0.07215583324432373,0.972915768623352,0.0019531657453626394
301,1.419494390487671,25.955841749603287,0.11372828483581543,15.159804096854788,0.30224186182022095,21.868257986499113,0.007708847522735596,2.6509652384221707,0.019466958940029144,18.185269637043938,0.007130172103643417,14.004969458722872,0.14549285173416138,0.7532134652137756,0.11853181570768356,1.235392689704895,0.0011833312455564737,0.80042564868927,0.072178415954113,0.9733172655105591,0.0019504070514813066
302,1.4192038774490356,25.955731295587935,0.15684032440185547,15.159674624235027,0.20743364095687866,21.86591765284911,0.0076451897621154785,2.651103237638001,0.004733642563223839,18.185435960925187,-0.00216824933886528,14.003387189530457,0.12857341766357422,0.753280758857727,0.11842551082372665,1.2350142002105713,0.0011859347578138113,0.8003829121589661,0.0722472295165062,0.973539412021637,0.0019480233313515782
303,1.4187612533569336,25.955620120771584,0.20916211605072021,15.159541749029778,0.06895266473293304,21.863753675791088,0.007603585720062256,2.65121712274995,-0.019839776679873466,18.185592147528208,-0.015229597687721252,13.999636350890823,-0.0913606584072113,0.7533584237098694,0.11824103444814682,1.2346084117889404,0.0011967056198045611,0.8003836870193481,0.07234057039022446,0.9735255837440491,0.0019464670913293958
304,1.4189330339431763,25.955504405409638,0.23748552799224854,15.15941656188435,-0.003132640616968274,21.861748924416617,0.007566004991531372,2.651364127083852,-0.03299684450030327,18.18577667264009,-0.021048374474048615,13.997909495567338,-0.10811832547187805,0.7533756494522095,0.11814389377832413,1.2345246076583862,0.0012007358018308878,0.8003358840942383,0.07239275425672531,0.9737787246704102,0.0019449200481176376
305,1.4188333749771118,25.955382468416413,0.22221648693084717,15.159303923103554,0.01869216002523899,21.859887922605587,0.007581442594528198,2.651570521510505,-0.03139282017946243,18.18600355741144,-0.019146669656038284,13.998314126194384,-0.10486659407615662,0.7533930540084839,0.11812964826822281,1.2344205379486084,0.0011997533729299903,0.8003216981887817,0.07240037620067596,0.9738526940345764,0.0019439392490312457
306,1.418634057044983,25.955256021801567,0.17061758041381836,15.159200893951205,0.11958347260951996,21.858156340766534,0.007643550634384155,2.651827012077345,-0.01709996536374092,18.186263276359966,-0.010957147926092148,14.000584298199149,0.09881725907325745,0.7533982396125793,0.11819209903478622,1.2343679666519165,0.0011941607808694243,0.8003279566764832,0.07236529141664505,0.973817765712738,0.0019431179389357567
307,1.4186371564865112,25.955129315480985,0.11933648586273193,15.159098624175957,0.19354020059108734,21.856540926123266,0.007726013660430908,2.6520967019212542,-0.009930938482284546,18.18652907843963,-0.005338769406080246,14.000832364987481,0.10115933418273926,0.7533841729164124,0.11817903071641922,1.2344645261764526,0.001198314712382853,0.8003602623939514,0.0723491907119751,0.9736426472663879,0.0019431349355727434
308,1.41854989528656,25.955006172508586,0.07890677452087402,15.158991217458809,0.22494082152843475,21.85502958159986,0.00782284140586853,2.652362231172252,-0.011479580774903297,18.186784184320146,-0.00390930101275444,13.999211895440093,-0.09675559401512146,0.7533758282661438,0.1180916503071785,1.2345550060272217,0.001209408394061029,0.8004187941551208,0.07235994189977646,0.9733232855796814,0.0019431940745562315
309,1.4184952974319458,25.954889244496027,0.07072842121124268,15.158876681513085,0.2422601729631424,21.853611294105878,0.007888764142990112,2.652627541469021,-0.00875038467347622,18.187025533647837,-0.0014178268611431122,13.99951779280902,-0.0941556990146637,0.7533806562423706,0.11808054894208908,1.2345341444015503,0.001211330876685679,0.8004277944564819,0.07236702740192413,0.9732698202133179,0.0019416117575019598
310,1.4185476303100586,25.95477852162581,0.08350265026092529,15.158754320020396,0.25349968671798706,21.852276349427576,0.00789228081703186,2.65288653658509,-0.001647884026169777,18.187247270143185,0.0007877014577388763,14.001515659771394,0.10707786679267883,0.7533901333808899,0.11813240498304367,1.234452247619629,0.0012042486341670156,0.8003720045089722,0.07237226516008377,0.973563015460968,0.0019381459569558501
311,1.4184507131576538,25.954672427303354,0.12204837799072266,15.158623979963746,0.19770365953445435,21.85101643031286,0.007906705141067505,2.653123798776604,-0.005996529012918472,18.18744491747477,-0.002990987151861191,14.001355036740724,0.10495337843894958,0.7534170746803284,0.11810203641653061,1.2342993021011353,0.0012048449134454131,0.8003454208374023,0.0724116638302803,0.9736964106559753,0.0019349307985976338
312,1.4183688163757324,25.95456760162984,0.16868042945861816,15.158490821024618,0.10197678953409195,21.849823958584025,0.007920145988464355,2.6533513308290675,-0.019401904195547104,18.187631843272847,-0.010516472160816193,13.999284545375474,-0.09803977608680725,0.7534450888633728,0.11799948662519455,1.234169602394104,0.0012131072580814362,0.8003419637680054,0.07247936725616455,0.9737033247947693,0.0019320134306326509
313,1.4183074235916138,25.95446039605297,0.20151054859161377,15.158362675576376,0.05554687976837158,21.848692107172827,0.00792953372001648,2.653600566238881,-0.022347277030348778,18.18783107413826,-0.013945762068033218,13.999219846879223,-0.09916120767593384,0.7534639239311218,0.11797557026147842,1.234063744544983,0.0012138528982177377,0.8003179430961609,0.07251417636871338,0.9738233685493469,0.0019289605552330613
314,1.418290138244629,25.954348547703603,0.20538008213043213,15.158242721403344,0.0759577676653862,21.847614748403778,0.007947385311126709,2.6538761552625068,-0.014073817059397697,18.18805148061059,-0.012183591723442078,14.000986839815823,0.09992113709449768,0.7534710168838501,0.11802556365728378,1.2340055704116821,0.0012095104902982712,0.8002875447273254,0.07251503318548203,0.9739791750907898,0.0019256096566095948
315,1.418224573135376,25.95423219332146,0.1876140832901001,15.158128522431005,0.09671233594417572,21.84658629565981,0.008038133382797241,2.6541567353173687,-0.011600766330957413,18.188285894581533,-0.011407971382141113,14.000737430353222,0.09730464220046997,0.7534716725349426,0.11799786984920502,1.2340209484100342,0.0012144461506977677,0.8003129959106445,0.07252531498670578,0.9738349914550781,0.001924078562296927
316,1.4182310104370117,25.95411309147107,0.16424381732940674,15.158017848682627,0.10243331640958786,21.84560118669848,0.008142739534378052,2.6544362244611057,-0.015331150963902473,18.188530727982176,-0.011381607502698898,13.998715697842126,-0.10447195172309875,0.7534485459327698,0.11790842562913895,1.234206199645996,0.001228058710694313,0.8003817796707153,0.07253633439540863,0.9734582304954529,0.0019236241932958364
317,1.4181859493255615,25.953993257430024,0.1311110258102417,15.157909883186063,0.15164212882518768,21.84465430366653,0.008248299360275269,2.6547233147486793,-0.009708134457468987,18.188784939368535,-0.007421199232339859,13.998825570170629,-0.1034923791885376,0.7534367442131042,0.11789889633655548,1.234291434288025,0.0012326536234468222,0.8004204630851746,0.07252930104732513,0.9732441306114197,0.0019223984563723207
318,1.4180907011032104,25.953875255904087,0.10377335548400879,15.157800410390257,0.22034931182861328,21.84374102204375,0.008321017026901245,2.655004429766171,0.002933019772171974,18.189036004387862,-0.0011672675609588623,14.000841784288125,0.09810498356819153,0.7534328103065491,0.1179640144109726,1.234297752380371,0.0012286592973396182,0.8004234433174133,0.07250364869832993,0.9732223153114319,0.0019202869152650237
319,1.418050765991211,25.95376096790908,0.09984338283538818,15.157684052963452,0.2266373187303543,21.84285740647533,0.00837242603302002,2.655251160485041,0.0036491602659225464,18.189265821182953,0.0005052909255027771,14.000838999082966,0.0977344810962677,0.7534330487251282,0.11795150488615036,1.2343041896820068,0.001230623689480126,0.8004325032234192,0.07251409441232681,0.9731674194335938,0.0019184013362973928
320,1.4180047512054443,25.953650313697594,0.12161147594451904,15.157560951584845,0.1696605533361435,21.84200006083124,0.008420884609222412,2.6554652271796004,-0.00621868297457695,18.18947154138461,-0.0034147165715694427,13.999020215166063,-0.10269588232040405,0.7534371614456177,0.11787223070859909,1.2343108654022217,0.0012384519213810563,0.8004493713378906,0.07255171239376068,0.9730684161186218,0.0019170459127053618
321,1.4179761409759521,25.953541261000485,0.15090131759643555,15.157436317715097,0.1310187727212906,21.84116594287135,0.00842776894569397,2.655672575191292,-0.00901326909661293,18.18966713841356,-0.005351342260837555,13.999292207619026,-0.10085621476173401,0.7534554600715637,0.1178702563047409,1.234197735786438,0.0012364115100353956,0.800422191619873,0.07257556915283203,0.9732074737548828,0.0019144562538713217
322,1.417983889579773,25.95343139622253,0.17695331573486328,15.15731339018302,0.12303885072469711,21.840352610348734,0.008391201496124268,2.655880344820952,-0.004145510494709015,18.18985937026698,-0.004429727792739868,14.0014175260463,0.10150361061096191,0.7534709572792053,0.11794023960828781,1.2340706586837769,0.0012267223792150617,0.800355851650238,0.07257648557424545,0.9735600352287292,0.0019114488968625665
323,1.4179413318634033,25.95331878308025,0.19938862323760986,15.157192626427369,0.08872485160827637,21.83955817735127,0.008406251668930054,2.656077268691249,-0.0071559082716703415,18.190045857126485,-0.006916936486959457,14.001438133429726,0.10103461146354675,0.7534837126731873,0.11793117225170135,1.2339942455291748,0.001225900137796998,0.8003379106521606,0.07259377092123032,0.9736504554748535,0.0019094503950327635
324,1.4178301095962524,25.95320194611077,0.19228136539459229,15.157076569984925,0.06276502460241318,21.83878056778023,0.008450627326965332,2.6562714081200385,-0.014787314459681511,18.190234591907494,-0.01182466745376587,13.999567383375052,-0.10017526149749756,0.7534914016723633,0.1178547665476799,1.2339818477630615,0.001234157127328217,0.8003706336021423,0.07262204587459564,0.9734687805175781,0.0019088812405243516
325,1.4177578687667847,25.953081820089334,0.1723102331161499,15.156966847640168,0.08646722882986069,21.83801769496238,0.008483856916427612,2.65648078727109,-0.01231515035033226,18.19044002724691,-0.01164315640926361,13.999757258388208,-0.09883886575698853,0.7534900903701782,0.11785757541656494,1.2339916229248047,0.0012348798336461186,0.8003833889961243,0.07261328399181366,0.9733963012695312,0.0019079401390627027
326,1.4178787469863892,25.952960240624826,0.14507675170898438,15.156860904654659,0.14985407888889313,21.837267757872542,0.008503496646881104,2.6566982168822215,-0.0017716679722070694,18.190660040557912,-0.006227616220712662,14.001782421958508,0.10305023193359375,0.753476083278656,0.1179298385977745,1.2340480089187622,0.0012285346165299416,0.8003557920455933,0.07258106768131256,0.9735428094863892,0.0019064501393586397
327,1.4178146123886108,25.952839428655803,0.1230459213256836,15.156753205319685,0.17379193007946014,21.836529231423373,0.008557885885238647,2.656898383991538,-0.0009980164468288422,18.190877049163557,-0.004606492817401886,14.001671893648206,0.10151535272598267,0.7534712553024292,0.11792203038930893,1.234082579612732,0.0012302695540711284,0.8003771901130676,0.0725717768073082,0.9734250903129578,0.0019060081103816628
328,1.4176353216171265,25.95272099202215,0.11299705505371094,15.156641952027941,0.15339253842830658,21.83580048468918,0.008638888597488403,2.6570811872753204,-0.009307030588388443,18.1910865200415,-0.0069715529680252075,13.999662221901398,-0.10103592276573181,0.7534762024879456,0.11784125119447708,1.2340869903564453,0.0012388074537739158,0.8004289269447327,0.07259058207273483,0.9731417298316956,0.001906155957840383
329,1.417583703994751,25.952605458642267,0.10971236228942871,15.156529133504755,0.156216561794281,21.835079849859568,0.008663535118103027,2.6572677720072466,-0.009789647534489632,18.191296323220364,-0.005861077457666397,13.99975468180273,-0.10071700811386108,0.7534775137901306,0.11784256994724274,1.23407781124115,0.0012385171139612794,0.8004291653633118,0.07259290665388107,0.9731371998786926,0.001905249198898673
330,1.4176585674285889,25.952492782540403,0.1174628734588623,15.156414651159997,0.1720999926328659,21.83436623666558,0.008652657270431519,2.6574589349420714,-0.004404306411743164,18.191503120682864,-0.0020234622061252594,14.001738837155381,0.10051277279853821,0.7534803748130798,0.11790905147790909,1.2340277433395386,0.0012296235654503107,0.8003779053688049,0.07257924973964691,0.9734101295471191,0.0019031127449125051
331,1.4176315069198608,25.95238206560442,0.13306927680969238,15.15629734631384,0.145417720079422,21.833658923901716,0.008660852909088135,2.6576416252432904,-0.007796132937073708,18.19169566948451,-0.00335843488574028,14.001627447712416,0.09876418113708496,0.7534891366958618,0.11789895594120026,1.2339743375778198,0.0012290116865187883,0.8003621697425842,0.07259541749954224,0.9734907150268555,0.001901803887449205
332,1.4174987077713013,25.952271884379794,0.1527423858642578,15.156179660181278,0.08480341732501984,21.832957120480838,0.00869932770729065,2.6578246695569185,-0.019011523574590683,18.191879413386395,-0.008722040802240372,13.999657399905614,-0.10358014702796936,0.7535028457641602,0.11781863123178482,1.2339242696762085,0.0012364181457087398,0.8003948926925659,0.07262958586215973,0.9733079671859741,0.0019008296076208353
333,1.4174121618270874,25.952160634038812,0.14994561672210693,15.156066588932605,0.08642618358135223,21.832259888499056,0.00872144103050232,2.6580344826222193,-0.01796983741223812,18.19207146295653,-0.009824473410844803,13.999845450326223,-0.10231858491897583,0.753509521484375,0.11781878769397736,1.2338863611221313,0.0012366637820377946,0.8003902435302734,0.07263664156198502,0.973327100276947,0.0018991094548255205
334,1.4175364971160889,25.952048617710954,0.14414703845977783,15.155957533048829,0.1232215091586113,21.831566502879387,0.008738398551940918,2.6582660503430415,-0.008492972701787949,18.19227438780738,-0.00648118183016777,14.001957685670446,0.10046279430389404,0.7535037398338318,0.11788948625326157,1.2338935136795044,0.0012297974899411201,0.8003460168838501,0.07261774688959122,0.9735603332519531,0.0018964633345603943
335,1.4175013303756714,25.951936344409603,0.12874293327331543,15.155849052004688,0.14066211879253387,21.830876347715517,0.008784294128417969,2.6584949039842223,-0.00611734576523304,18.19247701888121,-0.006776105612516403,14.001951187525789,0.10007470846176147,0.7535032629966736,0.11788094788789749,1.2339051961898804,0.0012321845861151814,0.8003596663475037,0.07261890918016434,0.9734815955162048,0.0018950683297589421
336,1.4173221588134766,25.951825027724936,0.11929571628570557,15.155739631552034,0.12284699827432632,21.83018865165184,0.008868545293807983,2.658715719593931,-0.012475453317165375,18.192680315811543,-0.009600106626749039,14.000039485436204,0.08111628890037537,0.7535040974617004,0.11780571937561035,1.2339391708374023,0.0012422821018844843,0.8004239201545715,0.07263795286417007,0.9731288552284241,0.0018945286283269525
337,1.4176356792449951,25.951715298215586,0.1140146255493164,15.155630818008254,0.08531181514263153,21.82950243175051,0.008966237306594849,2.658944394913563,-0.023847900331020355,18.19289285226696,-0.012561328709125519,13.996768984786936,-0.1322123408317566,0.7534617185592651,0.11767501384019852,1.2342439889907837,0.0012578937457874417,0.8004701733589172,0.07266583293676376,0.9728733897209167,0.0018942264141514897
338,1.4176450967788696,25.951607399208765,0.10137486457824707,15.155525644873443,0.1003091111779213,21.828816699155574,0.009051203727722168,2.6592072309885393,-0.022576268762350082,18.19312280686635,-0.010449070483446121,13.996346854778741,-0.13621750473976135,0.7534471154212952,0.1176508218050003,1.2343488931655884,0.0012633270816877484,0.8005012273788452,0.07267104089260101,0.9726985096931458,0.0018924152245745063
339,1.4173280000686646,25.951502131465563,0.08012747764587402,15.155422496919918,0.1656610369682312,21.828130655194663,0.009132027626037598,2.6594979361945894,-0.008952690288424492,18.19336207318527,-0.004423465579748154,13.998571407533621,-0.11580413579940796,0.7534619569778442,0.11772382259368896,1.2342493534088135,0.0012600953923538327,0.8005191683769226,0.07264983654022217,0.972592830657959,0.0018896270776167512
340,1.4174143075942993,25.951400899931883,0.08125472068786621,15.155315726107728,0.23388873040676117,21.827443608755836,0.009146124124526978,2.6597813737477707,0.01039908267557621,18.193591334850257,0.004874778911471367,14.002793972372256,0.10763010382652283,0.7534607648849487,0.11787104606628418,1.2342053651809692,0.001246865838766098,0.8004511594772339,0.07261935621500015,0.9729524254798889,0.001885324832983315
341,1.4175775051116943,25.951303207575357,0.11275339126586914,15.15519998196744,0.22124804556369781,21.826755436367968,0.009155899286270142,2.6600120699297936,0.015103798359632492,18.193783072456622,0.007298015058040619,14.004535646535986,0.12495556473731995,0.7534599900245667,0.11792473495006561,1.2341843843460083,0.0012402201537042856,0.8003910183906555,0.07262615114450455,0.9732679724693298,0.001881432835943997
342,1.4174187183380127,25.951206199900835,0.16134214401245117,15.155077169400402,0.13614149391651154,21.826066058969975,0.009136021137237549,2.6601839152324502,0.005515309050679207,18.19393350593088,-0.00016724690794944763,14.003705683749985,0.11558660864830017,0.7534939646720886,0.11788100749254227,1.2339916229248047,0.001240972662344575,0.8003674745559692,0.07267332077026367,0.9733871221542358,0.0018791769398376346
343,1.4171128273010254,25.951105938563813,0.2015550136566162,15.15495506704908,0.024475468322634697,21.82537562880573,0.009136706590652466,2.660325623076994,-0.01299857534468174,18.194069644588566,-0.012585502117872238,14.000734966303112,0.08505067229270935,0.7535293698310852,0.11776746064424515,1.2338230609893799,0.0012501099845394492,0.800399124622345,0.07273703068494797,0.9732088446617126,0.0018783010309562087
344,1.4174373149871826,25.950999525516647,0.22106504440307617,15.154842936285178,-0.06846645474433899,21.824684128333303,0.0091916024684906,2.660484590037255,-0.03306332975625992,18.194231192601585,-0.021111149340867996,13.996419183801201,-0.13866496086120605,0.7534998655319214,0.11759790033102036,1.2340543270111084,0.0012657783227041364,0.8004320859909058,0.07278730720281601,0.973026692867279,0.0018785905558615923
345,1.417582392692566,25.950885985683012,0.18285048007965088,15.154747588213779,-0.03476949408650398,21.82399113144258,0.009276062250137329,2.6607074292560977,-0.033116415143013,18.194442051709235,-0.019540302455425262,13.995204099575004,-0.14967620372772217,0.7534700632095337,0.11754580587148666,1.2342582941055298,0.0012741293758153915,0.8004735112190247,0.07278120517730713,0.9727997183799744,0.0018783436389639974
346,1.4172824621200562,25.95076903927008,0.10386085510253906,15.154664549378296,0.09861881285905838,21.8232960284594,0.009387403726577759,2.6609881154663326,-0.01486322283744812,18.19469261698066,-0.01155514270067215,13.996998784127722,-0.1333167850971222,0.7534621953964233,0.11761116981506348,1.234307885169983,0.001275593414902687,0.8005375862121582,0.0727272778749466,0.9724491834640503,0.001877100788988173
347,1.4170044660568237,25.95065530875545,0.03262162208557129,15.154581386286717,0.26019805669784546,21.822598063449558,0.009469479322433472,2.661277035936367,0.011799518950283527,18.194954329328375,0.0018840767443180084,14.001192947640089,0.08916783332824707,0.7534629106521606,0.11776267737150192,1.234268069267273,0.0012666796101257205,0.80055171251297,0.07265917211771011,0.9723681807518005,0.0018747576978057623
348,1.4171605110168457,25.950550165751544,0.013181328773498535,15.154484474560242,0.3234589099884033,21.821896774786264,0.009523987770080566,2.6615089819387188,0.023097410798072815,18.195184421860752,0.010563123971223831,14.003247223839553,0.1095786988735199,0.7534456849098206,0.1178291067481041,1.2343465089797974,0.0012613112339749932,0.8005258440971375,0.07262901216745377,0.9725037813186646,0.0018727596616372466
349,1.4170827865600586,25.950454319276748,0.05789291858673096,15.15436978841173,0.25716954469680786,21.821191954369528,0.009504109621047974,2.661662154628897,0.015371858142316341,18.19535900252398,0.008122820407152176,14.002974432393602,0.10604438185691833,0.7534651160240173,0.11781112849712372,1.2342275381088257,0.0012594653526321054,0.8004989624023438,0.0726606622338295,0.9726438522338867,0.0018710363656282425
350,1.416873812675476,25.950363261584876,0.13130426406860352,15.15424464001702,0.11531636863946915,21.820483981175023,0.00949031114578247,2.6617629556111924,-0.005537562072277069,18.19549108418544,-0.0017567798495292664,14.000669973429067,0.08204126358032227,0.753506600856781,0.11772038787603378,1.234001874923706,0.001262721954844892,0.80048668384552,0.07273496687412262,0.972704291343689,0.0018701491644605994
351,1.417138695716858,25.950270607773323,0.19543278217315674,15.154122043896187,-0.03299342840909958,21.819773150974665,0.009457260370254517,2.661867285549729,-0.030016113072633743,18.19561564159702,-0.013368755578994751,13.996997748105423,-0.13629105687141418,0.7535063624382019,0.11757372319698334,1.2340363264083862,0.001270966255106032,0.8004647493362427,0.07280821353197098,0.9728183150291443,0.0018697241321206093
352,1.4172102212905884,25.950171329795914,0.21516895294189453,15.154014321652854,-0.07517852634191513,21.819059878338763,0.009469479322433472,2.662034399073869,-0.03563392534852028,18.19576972530737,-0.01753474399447441,13.996341741478977,-0.14287909865379333,0.7535108327865601,0.11754065752029419,1.2340173721313477,0.0012727060820907354,0.8004463315010071,0.07283123582601547,0.9729132056236267,0.0018683129455894232
353,1.4168401956558228,25.950064460732197,0.17589247226715088,15.153923600446417,0.004821008071303368,21.81834419059061,0.009504646062850952,2.662271932204271,-0.021038679406046867,18.195963542835926,-0.01448284462094307,13.998535130347092,-0.12281250953674316,0.7535327076911926,0.11761324852705002,1.2338746786117554,0.001268690568394959,0.8004612326622009,0.07279955595731735,0.9728264212608337,0.0018659915076568723
354,1.4169399738311768,25.94995389508494,0.11468505859375,15.15384140353425,0.15316887199878693,21.81762593575604,0.009549587965011597,2.6625374510468123,0.0055146533995866776,18.196183699800564,-0.0032187551259994507,14.00290825142028,0.10246115922927856,0.7535167336463928,0.11777055263519287,1.233925461769104,0.0012582398485392332,0.8004268407821655,0.07272901386022568,0.973007082939148,0.0018627345561981201
355,1.4171113967895508,25.949844930710128,0.0692286491394043,15.153754235156347,0.24523574113845825,21.816904900750213,0.009589612483978271,2.662763328449982,0.01965608075261116,18.196392286427134,0.0042695775628089905,14.004847400159006,0.12233605980873108,0.753490149974823,0.11783657222986221,1.2340648174285889,0.0012547190999612212,0.8004130125045776,0.07268785685300827,0.9730786681175232,0.001861036173067987
356,1.4170243740081787,25.94974108245767,0.06700050830841064,15.153654695876236,0.2324284017086029,21.816180930327,0.009612470865249634,2.662918793983512,0.015741487964987755,18.196566891226453,0.002425212413072586,14.004201222645344,0.11505556106567383,0.7534979581832886,0.11780887097120285,1.2340295314788818,0.0012571023544296622,0.8004236221313477,0.07269991934299469,0.9730184674263,0.0018605646910145879
357,1.4167027473449707,25.94964201847291,0.0945591926574707,15.15354506580852,0.14219769835472107,21.81545401619208,0.009626924991607666,2.6630203100295247,-0.0024742335081100464,18.19671665244668,-0.00580114871263504,14.001364685779134,0.08557671308517456,0.7535300254821777,0.11769885569810867,1.2338722944259644,0.00126429193187505,0.800460696220398,0.07275144010782242,0.9728156924247742,0.001861254801042378
358,1.416884422302246,25.949545015601082,0.13482344150543213,15.153434042484111,0.02024833671748638,21.814724215396854,0.009649604558944702,2.663117909543355,-0.027496512979269028,18.19686998021994,-0.014007959514856339,13.997128908985685,-0.1381869912147522,0.7535165548324585,0.11753503233194351,1.2339967489242554,0.0012761922553181648,0.8004840016365051,0.07280923426151276,0.9726881980895996,0.001862339791841805
359,1.417028546333313,25.949446575536786,0.14670968055725098,15.153332216541232,-0.012572633102536201,21.813991515339303,0.00968313217163086,2.6632736079813557,-0.034453727304935455,18.19705251076827,-0.0148441381752491,13.996026821506293,-0.14871686697006226,0.7535057067871094,0.11748816072940826,1.2340717315673828,0.0012793161440640688,0.8004814982414246,0.07282842695713043,0.9726995229721069,0.0018620073096826673
360,1.416702151298523,25.949345851255902,0.11998307704925537,15.15324150286755,0.05199814960360527,21.81325581994801,0.009721487760543823,2.663498955158916,-0.02306418865919113,18.197264089422728,-0.00946013629436493,13.997958477224982,-0.13123473525047302,0.7535248398780823,0.11755072325468063,1.2339469194412231,0.0012757815420627594,0.8004938960075378,0.07280539721250534,0.9726271033287048,0.0018601156771183014
361,1.416650414466858,25.949245234609382,0.07897162437438965,15.153155245061916,0.17529621720314026,21.812517004299778,0.009766191244125366,2.663759089011766,0.0011239256709814072,18.197484846041156,0.00155707448720932,14.00228302136374,0.09316560626029968,0.7535282969474792,0.11770356446504593,1.2338823080062866,0.0012643930967897177,0.8004557490348816,0.07275336980819702,0.9728260636329651,0.0018563506891950965
362,1.4168301820755005,25.949148059516833,0.06711256504058838,15.153062355363417,0.225739985704422,21.811774905439076,0.009788334369659424,2.663990814164822,0.01246533915400505,18.197678905349548,0.007111376151442528,14.00434366323824,0.11398154497146606,0.753515899181366,0.11776746064424515,1.233934998512268,0.0012595291482284665,0.800415575504303,0.07273377478122711,0.9730366468429565,0.001853346824645996
363,1.4167420864105225,25.94905494991235,0.08688831329345703,15.152959101623514,0.18827331066131592,21.811029551415576,0.009796887636184692,2.6641688095886304,0.00863809883594513,18.197831204361826,0.0030318833887577057,14.003950282406013,0.10937568545341492,0.7535319328308105,0.11774195730686188,1.233847975730896,0.0012609545374289155,0.800407886505127,0.07275652885437012,0.9730715155601501,0.0018514370312914252
364,1.4164570569992065,25.948963870834792,0.11999833583831787,15.1528497175421,0.09493839740753174,21.810281073234883,0.009797155857086182,2.664307820294736,-0.006647272035479546,18.197958829530187,-0.007634453475475311,14.001433426357414,0.08325713872909546,0.7535649538040161,0.11763856559991837,1.2336866855621338,0.001268530497327447,0.8004342913627625,0.07281223684549332,0.9729229211807251,0.001850772649049759
365,1.416645884513855,25.948871884501738,0.15452110767364502,15.152742876124929,-0.013687748461961746,21.80952965371384,0.009840607643127441,2.6644496669927236,-0.027162285521626472,18.198098267405822,-0.01713816449046135,13.99751656301585,-0.13745072484016418,0.7535508871078491,0.11748690903186798,1.2338191270828247,0.0012816741364076734,0.8004615902900696,0.07287218421697617,0.9727713465690613,0.0018508338835090399
366,1.4167149066925049,25.94877621714771,0.14666414260864258,15.152647750808406,-0.01560148224234581,21.80877511917371,0.009878396987915039,2.6646452019954343,-0.029134538024663925,18.1982788012128,-0.01768627017736435,13.996711810317674,-0.1451151967048645,0.7535392642021179,0.11744781583547592,1.233904480934143,0.0012864486780017614,0.8004764914512634,0.07287877053022385,0.9726852774620056,0.0018495675176382065
367,1.4163758754730225,25.948677860062272,0.10983502864837646,15.152563356004714,0.06899038702249527,21.808017356489408,0.009948670864105225,2.664894166235639,-0.014440378174185753,18.198498227187166,-0.010783113539218903,13.998866277380262,-0.1251671314239502,0.7535568475723267,0.11751687526702881,1.2337905168533325,0.001283465069718659,0.8004957437515259,0.07285287231206894,0.9725739359855652,0.0018470034701749682
368,1.4164888858795166,25.94858010631251,0.07429122924804688,15.15248126389397,0.1917106658220291,21.807256007291674,0.009983927011489868,2.6651546885600883,0.009703738614916801,18.198730645635862,0.0026736855506896973,14.003294418521536,0.10111171007156372,0.7535465359687805,0.11766807734966278,1.2338050603866577,0.001271961024031043,0.8004429936408997,0.07279511541128159,0.9728521704673767,0.0018432015785947442
369,1.4167227745056152,25.948485827868627,0.06646943092346191,15.152390524449169,0.23860809206962585,21.806491022700925,0.010011553764343262,2.665365248033079,0.01969360187649727,18.198931565415766,0.010123420506715775,14.005273608812917,0.12141326069831848,0.7535271644592285,0.11773376911878586,1.23389732837677,0.0012668475974351168,0.8004039525985718,0.0727759599685669,0.973057210445404,0.001840499578975141
370,1.416624903678894,25.948395321929716,0.0914299488067627,15.152287862114745,0.18901877105236053,21.805722418048344,0.010004550218582153,2.6655056798081396,0.012785973027348518,18.199080084541986,0.005905583500862122,14.004638644117058,0.11407127976417542,0.753548800945282,0.11770094931125641,1.233773946762085,0.0012672351440414786,0.800389289855957,0.07280544191598892,0.9731330871582031,0.001839590142481029
371,1.4162685871124268,25.948306132703863,0.13648593425750732,15.152178761638746,0.07193656265735626,21.804950480253645,0.009988665580749512,2.6656001619866414,-0.007026059553027153,18.199194918645926,-0.005915101617574692,14.001791329501357,0.08414402604103088,0.7535934448242188,0.1175856962800026,1.2335412502288818,0.0012736513745039701,0.8004099726676941,0.07287035137414932,0.973017692565918,0.001839815522544086
372,1.4164531230926514,25.94821436610604,0.16662228107452393,15.152074102194215,-0.04109502211213112,21.804175538536228,0.010003924369812012,2.665703006795293,-0.029925817623734474,18.199317546654882,-0.01702786237001419,13.997544454367166,-0.14008259773254395,0.7535799741744995,0.11742474138736725,1.233669638633728,0.0012865886092185974,0.800439178943634,0.07292851060628891,0.972858726978302,0.001840832526795566
373,1.4165512323379517,25.948117744279415,0.15978753566741943,15.15198336799252,-0.0488593727350235,21.803397643211873,0.01006007194519043,2.665871114074361,-0.03356877341866493,18.199483191938697,-0.018003065139055252,13.996519033579064,-0.14980778098106384,0.7535657286643982,0.11737918108701706,1.2337700128555298,0.001291210181079805,0.8004528284072876,0.0729377269744873,0.9727811217308044,0.0018400819972157478
374,1.4162427186965942,25.94801729475127,0.1057744026184082,15.151905876086909,0.05412678420543671,21.802616514588177,0.01012304425239563,2.666107365701514,-0.01763312704861164,18.199690863834167,-0.011601325124502182,13.998593732405462,-0.13060778379440308,0.7535787224769592,0.11744706332683563,1.2336864471435547,0.0012893762905150652,0.800478994846344,0.07290016114711761,0.9726343154907227,0.0018381522968411446
375,1.41628897190094,25.947917893722103,0.05094468593597412,15.151831250439171,0.20117749273777008,21.801831844903226,0.010156601667404175,2.6663649020142226,0.009196221828460693,18.19991573059083,0.0016615986824035645,14.003080397836783,0.09618914127349854,0.7535714507102966,0.11759918928146362,1.2336868047714233,0.0012788359308615327,0.8004373908042908,0.07283433526754379,0.9728527665138245,0.0018344259588047862
376,1.4164762496948242,25.947824019718855,0.034548163414001465,15.151746218138818,0.2608869671821594,21.801043589576683,0.010183513164520264,2.6665737738235435,0.020639872178435326,18.200113031343957,0.00952206552028656,14.005193722932557,0.11787909269332886,0.7535527348518372,0.11766847223043442,1.2337764501571655,0.0012738779187202454,0.8004006743431091,0.07280673086643219,0.9730452299118042,0.0018317140638828278
377,1.4164104461669922,25.947736497986313,0.05822563171386719,15.151646496690796,0.2160632163286209,21.800251760691683,0.01017904281616211,2.666709722508686,0.014429592527449131,18.200259873946663,0.006114087998867035,14.00472973575051,0.11237841844558716,0.7535734176635742,0.11764116585254669,1.2336550951004028,0.0012733691837638617,0.8003836274147034,0.07283452898263931,0.9731335043907166,0.0018306487472727895
378,1.4161062240600586,25.947652707154557,0.11339986324310303,15.151537467602202,0.08944667875766754,21.7994566193767,0.01014941930770874,2.6667956242371758,-0.005762455984950066,18.200372298677397,-0.005396652966737747,14.002050940874518,0.0840582549571991,0.7536174058914185,0.11753283441066742,1.2334212064743042,0.0012783569982275367,0.8003919720649719,0.0729023888707161,0.9730855226516724,0.0018308424623683095
379,1.4162033796310425,25.947567625270313,0.16135179996490479,15.151431250618327,-0.04426099732518196,21.798658602586624,0.010170817375183105,2.6668877167168064,-0.03039632923901081,18.200491273283895,-0.01667981967329979,13.99794328709632,-0.13919296860694885,0.7536187767982483,0.11737191677093506,1.2334543466567993,0.0012889377539977431,0.8004130721092224,0.07297307997941971,0.9729697108268738,0.0018317437497898936
380,1.4163024425506592,25.947477319881337,0.16505610942840576,15.15133943653407,-0.0641942173242569,21.797857695930063,0.010192692279815674,2.667048173875643,-0.03501450642943382,18.200653101867662,-0.017935413867235184,13.99704946330047,-0.14784923195838928,0.7536066174507141,0.11733318865299225,1.233539342880249,0.0012927164789289236,0.8004150390625,0.07298682630062103,0.9729554057121277,0.0018309613224118948
381,1.4159682989120483,25.947381971685353,0.12192356586456299,15.151262386015663,0.028202973306179047,21.797053882142055,0.010260671377182007,2.6672821632471493,-0.01964990794658661,18.20085776114316,-0.011088993400335312,13.999228885202916,-0.12748202681541443,0.7536247968673706,0.11740247905254364,1.2334235906600952,0.0012901920126751065,0.8004350662231445,0.07295643538236618,0.9728406071662903,0.0018284997204318643
382,1.4161466360092163,25.94728570589517,0.06700325012207031,15.151190417310707,0.17813892662525177,21.79624677433755,0.010283976793289185,2.667543307467553,0.00802781991660595,18.201078646599672,0.0026713311672210693,14.00376914422131,0.1004183292388916,0.7536092400550842,0.11755431443452835,1.2334728240966797,0.0012800045078620315,0.8003815412521362,0.0728878602385521,0.9731217622756958,0.0018242297228425741
383,1.4163453578948975,25.947193251619133,0.04361402988433838,15.151109640405354,0.24710440635681152,21.79543638203644,0.010312944650650024,2.6677581573769187,0.020748408511281013,18.201268973606826,0.010540507733821869,14.005828552538727,0.12191832065582275,0.7535936236381531,0.11761550605297089,1.2335460186004639,0.0012756173964589834,0.8003453612327576,0.07286187261343002,0.9733110070228577,0.0018214939627796412
384,1.416258692741394,25.94710620986141,0.0578845739364624,15.151014732435305,0.21046258509159088,21.794622667621635,0.010303467512130737,2.667898630026726,0.01543513871729374,18.2014058271015,0.005879374220967293,14.00521399265643,0.11479330062866211,0.7536077499389648,0.11758678406476974,1.233471155166626,0.0012772369664162397,0.8003379106521606,0.07288641482591629,0.9733472466468811,0.0018204111838713288
385,1.4159557819366455,25.947022828226856,0.10457098484039307,15.150910333594284,0.0896846354007721,21.793805907231743,0.010296046733856201,2.667985618018722,-0.004642421379685402,18.20150979719316,-0.006769787520170212,14.002331487211391,0.08423852920532227,0.7536511421203613,0.11746985465288162,1.2332442998886108,0.0012833047658205032,0.8003581166267395,0.07295071333646774,0.9732364416122437,0.0018210216658189893
386,1.4159997701644897,25.946938763017446,0.14597594738006592,15.1508081834691,-0.038351841270923615,21.7929863334558,0.01031765341758728,2.6680759695167784,-0.029276879504323006,18.201625879464338,-0.018060486763715744,13.998022406927838,-0.14101934432983398,0.7536472082138062,0.11730556935071945,1.2333139181137085,0.0012952771503478289,0.8003925681114197,0.07301660627126694,0.973048210144043,0.0018220798810943961
387,1.4161649942398071,25.94685053679506,0.1458190679550171,15.150719550140334,-0.054017238318920135,21.79216392089364,0.010350704193115234,2.6682328274174925,-0.0338994562625885,18.201790269348205,-0.018769536167383194,13.997007873990373,-0.15077567100524902,0.7536318898200989,0.11726265400648117,1.2334188222885132,0.0012994862627238035,0.8003961443901062,0.0730324313044548,0.9730260968208313,0.0018214660231024027
388,1.4157869815826416,25.94675855408391,0.10741305351257324,15.15064451602835,0.03408234938979149,21.79133855326004,0.010408103466033936,2.6684616773498755,-0.019373858347535133,18.202000646051008,-0.010795030742883682,13.999162988308786,-0.13063088059425354,0.7536551356315613,0.11732564866542816,1.2332725524902344,0.0012967605143785477,0.8004153966903687,0.07300275564193726,0.972915530204773,0.001819079159758985
389,1.4159448146820068,25.94666645179972,0.05982410907745361,15.150573809058448,0.17777672410011292,21.790509926972607,0.0104389488697052,2.6687180231747223,0.007636703550815582,18.20222610577586,0.004085728898644447,14.00376674252094,0.09796220064163208,0.753642201423645,0.11747907102108002,1.2333065271377563,0.001286257873289287,0.8003576397895813,0.07293816655874252,0.9732193350791931,0.0018147878581658006
390,1.4161314964294434,25.94657830528478,0.03945362567901611,15.150494029070352,0.2448212057352066,21.78967798328803,0.010471820831298828,2.6689293289600724,0.020511619746685028,18.202415753604022,0.012073030695319176,14.00591665057476,0.12038066983222961,0.7536301612854004,0.11754127591848373,1.2333567142486572,0.0012812562054023147,0.8003193736076355,0.07291305065155029,0.9734188318252563,0.0018117327708750963
391,1.41604745388031,25.946495464902164,0.06022536754608154,15.150399985719583,0.20220759510993958,21.788842652025362,0.01045382022857666,2.6690666334992756,0.015031144954264164,18.202546508788966,0.0075938161462545395,14.005394646258132,0.11426502466201782,0.7536529898643494,0.11750975996255875,1.2332278490066528,0.001281924545764923,0.8003049492835999,0.07294096052646637,0.9734926223754883,0.0018104163464158773
392,1.4157910346984863,25.946415617160365,0.10559332370758057,15.15029690949768,0.08265183866024017,21.788004284801875,0.010429978370666504,2.6691513783599667,-0.0044232700020074844,18.202639050781162,-0.00586291030049324,14.002587197208326,0.08435329794883728,0.7536886930465698,0.11740126460790634,1.233044981956482,0.0012878982815891504,0.8003180623054504,0.07300923019647598,0.973419725894928,0.0018106994684785604
393,1.4157401323318481,25.94633455392934,0.15478801727294922,15.15019650363845,-0.056606411933898926,21.787163246889026,0.01045200228691101,2.6692392665959237,-0.02989940345287323,18.202742045329657,-0.01839582994580269,13.998329431177698,-0.14069628715515137,0.753695011138916,0.11723547428846359,1.2330529689788818,0.0012993577402085066,0.8003515601158142,0.07307920604944229,0.973236620426178,0.0018118517473340034
394,1.4158949851989746,25.94624814012415,0.153417706489563,15.150111139898543,-0.06945464015007019,21.786319492336236,0.010476112365722656,2.6693963442254507,-0.03344395011663437,18.202896407778027,-0.019563809037208557,13.99737805289932,-0.14986363053321838,0.7536824345588684,0.11719192564487457,1.2331428527832031,0.001303733210079372,0.8003585934638977,0.0730900838971138,0.973195493221283,0.0018110511591657996
395,1.4155586957931519,25.94615700147559,0.10172474384307861,15.150040511593025,0.03560273349285126,21.785472962121357,0.0105418860912323,2.6696251510880096,-0.016864590346813202,18.20310107872757,-0.01182996854186058,13.999596421410137,-0.128978431224823,0.7536982297897339,0.11726390570402145,1.2330436706542969,0.0013020429760217667,0.8003806471824646,0.07305755466222763,0.9730682373046875,0.0018083724426105618
396,1.4157886505126953,25.94606605416605,0.049745798110961914,15.149973605656106,0.18685922026634216,21.78462326002335,0.01057511568069458,2.6698754420398916,0.010835142806172371,18.20332525147318,0.003907741978764534,14.004244900627526,0.10052722692489624,0.7536845803260803,0.11741255968809128,1.233078956604004,0.0012909173965454102,0.8003114461898804,0.07299172133207321,0.9734354019165039,0.0018041128059849143
397,1.4160200357437134,25.945979767997688,0.03306412696838379,15.149896251078067,0.24973832070827484,21.78377029525025,0.010598957538604736,2.6700727042440233,0.022580433636903763,18.203514185809013,0.012893158942461014,14.006365974265023,0.1227763295173645,0.7536665797233582,0.1174786239862442,1.233163833618164,0.001286060200072825,0.8002721071243286,0.07296574115753174,0.9736418128013611,0.0018014541128650308
398,1.415891170501709,25.94589912393317,0.058559417724609375,15.149803707341892,0.19857220351696014,21.78291406261149,0.010586977005004883,2.6701913520047635,0.015494490042328835,18.203641100444475,0.008116060867905617,14.005748712445444,0.11553800106048584,0.7536925673484802,0.11744262278079987,1.2330135107040405,0.0012859062990173697,0.8002548813819885,0.07299566268920898,0.9737315773963928,0.0018005621386691928
399,1.4155722856521606,25.94582134650217,0.11115884780883789,15.14970212015146,0.0665433332324028,21.782054852725516,0.01055753231048584,2.6702576413528902,-0.006111472845077515,18.203728145273992,-0.005740068852901459,14.002810388345813,0.0840844213962555,0.7537339329719543,0.11732840538024902,1.232797384262085,0.0012914432445541024,0.8002713322639465,0.07306430488824844,0.9736421704292297,0.001801513135433197
400,1.4155988693237305,25.945741569013716,0.15088534355163574,15.149604454234746,-0.06320957094430923,21.78119307235937,0.010567396879196167,2.6703334527621694,-0.031210822984576225,18.203825978874445,-0.018332071602344513,13.998426413395125,-0.14235490560531616,0.7537354826927185,0.11716192215681076,1.232833981513977,0.0013032108545303345,0.8003063201904297,0.07313574105501175,0.9734522104263306,0.001802975544705987
401,1.4157030582427979,25.945656512627448,0.14709937572479248,15.149522223398838,-0.07573533058166504,21.780328763369592,0.01058262586593628,2.6704839297538085,-0.03527166694402695,18.203976131917685,-0.02006147801876068,13.997418799094293,-0.15201830863952637,0.7537251114845276,0.11711299419403076,1.232909083366394,0.0013073742156848311,0.8003116250038147,0.07314759492874146,0.9734207391738892,0.0018023833399638534
402,1.4153718948364258,25.945567008766695,0.09523940086364746,15.149455065641583,0.031850170344114304,21.779461918806298,0.01065877079963684,2.6707125353152015,-0.018238240852952003,18.204179392080324,-0.011547055095434189,13.999655568874289,-0.13088059425354004,0.7537415623664856,0.1171850636601448,1.232808232307434,0.0013058176264166832,0.8003373742103577,0.07311226427555084,0.9732743501663208,0.0017997034592553973
403,1.4156453609466553,25.945478009602333,0.041131019592285156,15.149391600120678,0.18768516182899475,21.778592025998304,0.010697126388549805,2.6709667371752563,0.010426105931401253,18.20440175397384,0.0043462105095386505,14.004380922534258,0.09951511025428772,0.7537227869033813,0.11733827739953995,1.2328760623931885,0.0012955728452652693,0.800269603729248,0.07304196804761887,0.9736318588256836,0.0017950460314750671
404,1.4158575534820557,25.94539418931146,0.02121448516845703,15.149317089954684,0.2568182051181793,21.777718935440205,0.010715276002883911,2.671168298856451,0.023395337164402008,18.204587422816903,0.013492925092577934,14.006575846941464,0.12268069386482239,0.7537080645561218,0.11740275472402573,1.23294198513031,0.001290723099373281,0.8002282381057739,0.07301657646894455,0.9738479852676392,0.001791910850442946
405,1.4157594442367554,25.945316777818803,0.046192049980163574,15.149226214949126,0.20653852820396423,21.776842679866263,0.01068297028541565,2.6712880309856315,0.016748709604144096,18.204708889076613,0.008301440626382828,14.006007148752902,0.11592134833335876,0.753736674785614,0.11736524850130081,1.2327766418457031,0.0012905964395031333,0.8002076148986816,0.07304971665143967,0.9739559292793274,0.0017909115413203835
406,1.4154318571090698,25.945242947404275,0.10773837566375732,15.149125203952886,0.06422314792871475,21.775963709481633,0.010654836893081665,2.671351537828076,-0.005626531317830086,18.20479009871571,-0.005556967109441757,14.00308592025466,0.08452785015106201,0.7537787556648254,0.11725254356861115,1.2325552701950073,0.0012958954321220517,0.8002175688743591,0.07312168180942535,0.9739016890525818,0.0017918056109920144
407,1.4154037237167358,25.945166927295443,0.15322482585906982,15.149028209592958,-0.07453766465187073,21.7750823960845,0.010676532983779907,2.671423722268145,-0.03159178048372269,18.204882251864348,-0.01905994862318039,13.998694593944501,-0.14226007461547852,0.7537845969200134,0.11708658933639526,1.2325645685195923,0.001306994934566319,0.800254225730896,0.07319816201925278,0.9737033843994141,0.001793314004316926
408,1.415529727935791,25.945084914050955,0.1511915922164917,15.148947698051842,-0.08765901625156403,21.774198658461753,0.010701358318328857,2.67157281061297,-0.03567727655172348,18.2050304249137,-0.020184073597192764,13.997701439234634,-0.15179097652435303,0.7537735104560852,0.11703852564096451,1.232645034790039,0.0013112855376675725,0.8002605438232422,0.07320982217788696,0.9736667275428772,0.0017928670858964324
409,1.4151595830917358,25.94499765831651,0.09373617172241211,15.14888327267602,0.02810196951031685,21.77331239670463,0.010771840810775757,2.6718022233330347,-0.017548734322190285,18.20523303387131,-0.011442385613918304,13.999971005055727,-0.13021349906921387,0.753790557384491,0.11710887402296066,1.232540249824524,0.0013099132338538766,0.8002886176109314,0.07317168265581131,0.9735055565834045,0.001789705827832222
410,1.4155129194259644,25.944910732246495,0.035621047019958496,15.148822589048532,0.19205403327941895,21.772423136890126,0.010803133249282837,2.6720558161692245,0.01213584654033184,18.205454858752663,0.0055512189865112305,14.004733012603864,0.10089486837387085,0.7537674903869629,0.11726285517215729,1.2326349020004272,0.0013001704355701804,0.8002139329910278,0.0731021836400032,0.9739003777503967,0.0017849134746938944
411,1.415697455406189,25.944829231708045,0.020989537239074707,15.148749998505611,0.2543320655822754,21.771530779674954,0.01083594560623169,2.672251966600346,0.024520764127373695,18.20563574935498,0.01436074823141098,14.006916042129712,0.12409612536430359,0.7537537813186646,0.11732592433691025,1.23269522190094,0.001295173424296081,0.8001741170883179,0.07307504862546921,0.9741089940071106,0.0017818447668105364
412,1.4156005382537842,25.94475391306954,0.04879796504974365,15.148660838268766,0.1989389955997467,21.770635222008337,0.010813027620315552,2.6723631565582986,0.017137542366981506,18.205749441635064,0.008833952248096466,14.006287323892229,0.11662626266479492,0.7537820935249329,0.11728864163160324,1.2325317859649658,0.0012950686505064368,0.800150454044342,0.07311058789491653,0.9742338061332703,0.0017809184500947595
413,1.4152990579605103,25.94468169679905,0.10440778732299805,15.148561884688187,0.05950615555047989,21.769736840232536,0.010757774114608765,2.6724174549230097,-0.005485862493515015,18.205821513333312,-0.006297115236520767,14.003278753173882,0.08420777320861816,0.7538266181945801,0.11716974526643753,1.2322938442230225,0.0013000062899664044,0.8001580238342285,0.07318725436925888,0.9741929173469543,0.0017820263747125864
414,1.4152222871780396,25.94460732984018,0.15218281745910645,15.148467125890441,-0.08366573601961136,21.768836247284277,0.010764628648757935,2.6724811169699465,-0.032050278037786484,18.2059081778118,-0.0201837420463562,13.99880199444783,-0.1435791552066803,0.7538353800773621,0.11700190603733063,1.2322872877120972,0.001311342348344624,0.8002001643180847,0.07326053828001022,0.9739657640457153,0.001783894025720656
415,1.4153659343719482,25.944526760005214,0.14524900913238525,15.148389558748326,-0.09068921953439713,21.767933471759473,0.010806798934936523,2.6726246309967916,-0.03584861755371094,18.206055960210715,-0.02085871249437332,13.99778230766027,-0.15336373448371887,0.753821074962616,0.1169537827372551,1.2323863506317139,0.001315701869316399,0.800206184387207,0.07327299565076828,0.9739307165145874,0.0017834989121183753
416,1.4150211811065674,25.94444119748872,0.08975458145141602,15.14832815789821,0.024429261684417725,21.76702824018884,0.010865747928619385,2.6728504669921893,-0.01781426928937435,18.20626126524151,-0.011437561362981796,14.000085093123694,0.0516819953918457,0.7538384199142456,0.11702418327331543,1.2322801351547241,0.001314301392994821,0.8002324104309082,0.07323416322469711,0.97378009557724,0.0017804831732064486
417,1.4150505065917969,25.944356068446723,0.027565836906433105,15.148270519591645,0.13625003397464752,21.766120162772754,0.010984033346176147,2.6731020338701925,-0.0031272880733013153,18.206485907038964,-0.0007705017924308777,14.001073438617427,0.06173732876777649,0.753814160823822,0.11704366654157639,1.2324392795562744,0.0013194943312555552,0.8002724647521973,0.0731949657201767,0.9735543131828308,0.0017776566091924906
418,1.4149681329727173,25.944276876408413,-0.014583587646484375,15.14820574270862,0.19693809747695923,21.76520838270102,0.011091560125350952,2.6733372175512105,0.0030399318784475327,18.206691052404437,0.0047867316752672195,14.000663827637117,0.05802491307258606,0.7537976503372192,0.1170143112540245,1.2325650453567505,0.0013276832178235054,0.8003266453742981,0.07318700850009918,0.97325199842453,0.001775287208147347
419,1.4150606393814087,25.944206804524928,-0.008910894393920898,15.148128791650171,0.17413672804832458,21.764292216374297,0.011168211698532104,2.673540974859697,-0.001552823930978775,18.206859333574965,0.00465204194188118,13.999070843778032,-0.14031413197517395,0.7537791132926941,0.11694228649139404,1.2327077388763428,0.0013370972592383623,0.8003588914871216,0.07321284711360931,0.97306889295578,0.0017733173444867134
420,1.4149266481399536,25.944144446421735,0.028865575790405273,15.148042993641628,0.15022701025009155,21.76337130811379,0.011147230863571167,2.673728828097733,0.002432839944958687,18.20699483205526,0.005063524469733238,14.000598026789131,0.05712166428565979,0.753815770149231,0.11697317659854889,1.2324765920639038,0.0013320536818355322,0.8003064393997192,0.07323604822158813,0.9733413457870483,0.001769198221154511
421,1.4149378538131714,25.944085651271003,0.08388841152191162,15.147951458695879,0.07859104871749878,21.762446168559084,0.011108815670013428,2.673891546649519,-0.001389170065522194,18.207099326235966,-9.506940841674805e-06,14.000766804548636,0.05824512243270874,0.7538443803787231,0.1169583797454834,1.2323046922683716,0.001330160186626017,0.8002498745918274,0.0732860416173935,0.9736380577087402,0.001765769557096064
422,1.414888858795166,25.944025117655876,0.13181638717651367,15.147861515678143,-0.0048064617440104485,21.761517407525144,0.011104017496109009,2.674041978160687,-0.010166222229599953,18.20719354098237,-0.007411520928144455,13.999685905364293,-0.13581621646881104,0.7538663148880005,0.11689870804548264,1.23218834400177,0.0013327329652383924,0.8002289533615112,0.07333780825138092,0.9737421870231628,0.0017632313538342714
423,1.4148935079574585,25.94395869169553,0.15241479873657227,15.147780905189885,-0.006611194461584091,21.760585287997262,0.011057615280151367,2.6742052055614605,-0.0033519547432661057,18.207304340885425,-0.00819990411400795,14.001590074047717,0.06553077697753906,0.7538938522338867,0.11694637686014175,1.2320048809051514,0.001326248631812632,0.8001542687416077,0.07334749400615692,0.9741374850273132,0.0017595879035070539
424,1.4149281978607178,25.94388508085701,0.150365948677063,15.147708878420568,-0.0009662921074777842,21.759650403726432,0.011046409606933594,2.6743614504819444,-0.0011477340012788773,18.20743288363138,-0.008749831467866898,14.001915674568751,0.06850183010101318,0.7539006471633911,0.11694316565990448,1.2319685220718384,0.0013270667986944318,0.8001365065574646,0.07335586100816727,0.9742288589477539,0.0017576703103259206
425,1.4148062467575073,25.943805159538517,0.1174701452255249,15.147644052444136,0.02313944511115551,21.75871298901898,0.01111188530921936,2.674505404130476,-0.0021310485899448395,18.207579385344292,-0.009181875735521317,14.000753694798144,0.05694490671157837,0.7538977861404419,0.11689052730798721,1.2320092916488647,0.0013334208633750677,0.8001847863197327,0.07335560023784637,0.9739636182785034,0.00175720383413136
426,1.4149974584579468,25.943722505436725,0.07939767837524414,15.147583421051502,0.04155950993299484,21.75777259636107,0.011193811893463135,2.674640969095638,-0.007616741582751274,18.207743632797992,-0.008322831243276596,13.998494980274703,-0.14784491062164307,0.753860354423523,0.11680227518081665,1.2322672605514526,0.0013444613432511687,0.8002408146858215,0.07335498183965683,0.9736600518226624,0.0017580054700374603
427,1.414780616760254,25.94364082045327,0.03718554973602295,15.147524810377519,0.11745275557041168,21.75682867926105,0.011245965957641602,2.6747839836748604,0.0013846009969711304,18.20792090304212,-0.0011342093348503113,13.999608527514852,-0.13734197616577148,0.7538689374923706,0.11683140695095062,1.232213020324707,0.0013434620341286063,0.8002597689628601,0.07332966476678848,0.9735545516014099,0.0017570725176483393
428,1.4149552583694458,25.943563826395316,0.019367694854736328,15.147460766614136,0.203044593334198,21.755880999822015,0.011201590299606323,2.67490908989815,0.018113669008016586,18.208084665485313,0.009969819337129593,14.00353894671316,0.08444157242774963,0.7538832426071167,0.11695395410060883,1.232078194618225,0.0013298288686200976,0.8001583218574524,0.07329140603542328,0.9741016030311584,0.0017547704046592116
429,1.415107250213623,25.943492673550978,0.04302847385406494,15.147383623206128,0.19277596473693848,21.754930175611136,0.01113840937614441,2.67497216739141,0.019181836396455765,18.208197142915715,0.012399554252624512,14.005278724559757,0.10177987813949585,0.753899097442627,0.11700480431318283,1.2319473028182983,0.0013193521881476045,0.800072968006134,0.07329372316598892,0.9745644330978394,0.0017540177796036005
430,1.4150160551071167,25.9434246313862,0.09558117389678955,15.147295629147052,0.09388166666030884,21.75397692695183,0.011025011539459229,2.674976333709426,0.00518193282186985,18.2082547755414,0.0030300430953502655,14.004671793996074,0.0942026674747467,0.7539419531822205,0.1169712096452713,1.231676697731018,0.0013131435262039304,0.8000116348266602,0.07334049791097641,0.9749013185501099,0.0017554151127114892
431,1.4147659540176392,25.943354601652974,0.14681196212768555,15.147207315671292,-0.036340512335300446,21.75302233938109,0.010960370302200317,2.6749658357181647,-0.017069708555936813,18.208296014675067,-0.01110478863120079,14.002109828586509,0.06694510579109192,0.7539839744567871,0.11687067896127701,1.2314380407333374,0.0013140160590410233,0.8000048398971558,0.07340116798877716,0.9749438166618347,0.0017579927807673812
432,1.4148914813995361,25.94327809625003,0.15826833248138428,15.147131210972502,-0.12317072600126266,21.752066971482815,0.010961920022964478,2.675003391746996,-0.03763090446591377,18.208372469496943,-0.02208578959107399,13.998367149963508,-0.15308833122253418,0.7539719939231873,0.11673076450824738,1.2315428256988525,0.0013230886543169618,0.8000350594520569,0.0734458640217781,0.9747840166091919,0.001760519458912313
433,1.4148683547973633,25.943194689260366,0.11031579971313477,15.147074467928661,-0.06299248337745667,21.751110753743433,0.011003971099853516,2.6751410405438505,-0.03285419940948486,18.20851962349366,-0.019590504467487335,13.998277644693953,-0.1539577841758728,0.7539623975753784,0.11671711504459381,1.2316116094589233,0.001326683210209012,0.800061821937561,0.07342618703842163,0.9746381640434265,0.0017602124717086554
434,1.4146791696548462,25.943109427163094,0.025330781936645508,15.147029394924623,0.10537964105606079,21.750153271430822,0.011064201593399048,2.675355853778409,-0.0074521806091070175,18.20872175536865,-0.006915725767612457,14.00149994913099,0.060481101274490356,0.7539656758308411,0.11682171374559402,1.2315810918807983,0.001324075972661376,0.8000696897506714,0.0733603909611702,0.9745888113975525,0.0017571172211319208
435,1.414756178855896,25.943030262378127,-0.03542768955230713,15.146978605452599,0.22345682978630066,21.749193991504665,0.011151343584060669,2.675570074590782,0.008530721068382263,18.2089285034231,0.004988856613636017,14.003104617547628,0.07691654562950134,0.7539486289024353,0.11686122417449951,1.2316831350326538,0.0013253040378913283,0.8000792264938354,0.07331948727369308,0.9745286107063293,0.001754177501425147
436,1.414743423461914,25.942962162355975,-0.041619181632995605,15.146911242297326,0.2360686957836151,21.748232197500563,0.011211574077606201,2.675739515264733,0.009724762290716171,18.209097090240114,0.00836125761270523,14.002896247103445,0.07483324408531189,0.7539463043212891,0.11684008687734604,1.2317100763320923,0.0013287232723087072,0.8000909686088562,0.07332872599363327,0.9744582772254944,0.001752436044625938
437,1.4145907163619995,25.942904608149476,0.00536799430847168,15.146827691164617,0.1473463773727417,21.747267476542728,0.011221051216125488,2.6758652505216145,-0.003166675567626953,18.20921924190938,0.0035766735672950745,14.001096849875456,0.056435465812683105,0.7539671063423157,0.11675674468278885,1.2316077947616577,0.0013333463575690985,0.8001002669334412,0.07338456809520721,0.9744032025337219,0.0017515020444989204
438,1.4147875308990479,25.94285224249411,0.07269561290740967,15.146738113765354,0.014936152845621109,21.74629989881345,0.011223435401916504,2.675987369013443,-0.022279106080532074,18.209316571994897,-0.005263000726699829,13.998258218833703,-0.15449199080467224,0.7539610266685486,0.1166403740644455,1.231669545173645,0.0013400419848039746,0.8000914454460144,0.07345680892467499,0.9744458794593811,0.0017506302101537585
439,1.4146358966827393,25.942798351372346,0.11734509468078613,15.146655931382545,-0.03153014928102493,21.74532958949122,0.011201530694961548,2.6761594086699176,-0.021957185119390488,18.20942309754074,-0.007996920496225357,13.999035654788702,-0.14751243591308594,0.7540006041526794,0.1166423037648201,1.2314300537109375,0.0013373136753216386,0.8000431656837463,0.0734969899058342,0.974696159362793,0.0017467470606788993
440,1.4146718978881836,25.94273895789072,0.13164091110229492,15.146584926476919,0.012891782447695732,21.744356874344287,0.011159121990203857,2.6763756306848028,-0.003530338406562805,18.209547719068684,-0.003501448780298233,14.00292216667019,0.07367303967475891,0.7540349960327148,0.11675268411636353,1.2311944961547852,0.0013277027755975723,0.7999453544616699,0.07348598539829254,0.9752110242843628,0.0017405521357432008
441,1.414797306060791,25.94267326983768,0.11730766296386719,15.146519678048818,0.06397761404514313,21.74338222759062,0.011142253875732422,2.6765803524692107,0.00946367159485817,18.209672582040234,-0.000775512307882309,14.00483111265719,0.09329786896705627,0.7540420889854431,0.1167973205447197,1.231143593788147,0.0013252313947305083,0.7998930215835571,0.07347887009382248,0.9754810929298401,0.0017356941243633628
442,1.414744257926941,25.94260321754532,0.1029735803604126,15.146454638937865,0.07538941502571106,21.74240585317281,0.011166870594024658,2.6767384223696564,0.011336666531860828,18.209787898902924,-0.003099963068962097,14.004531056807572,0.09006133675575256,0.7540494203567505,0.11676931381225586,1.231115698814392,0.0013290757779031992,0.7998993992805481,0.07348644733428955,0.9754403829574585,0.001733769429847598
443,1.4145325422286987,25.94253054456633,0.08839631080627441,15.14638866651866,0.05354093387722969,21.741427570122106,0.011204451322555542,2.6768491695745125,0.0026422664523124695,18.209902967961483,-0.008399669080972672,14.002308328825716,0.06712386012077332,0.7540591955184937,0.11667691916227341,1.231091856956482,0.001337462686933577,0.7999535202980042,0.07351113855838776,0.9751458168029785,0.001734234974719584
444,1.4145439863204956,25.942456848580626,0.07883477210998535,15.146323977426453,0.012484167702496052,21.74044710048884,0.01126718521118164,2.676941579120464,-0.012049773707985878,18.21003689823362,-0.0123228058218956,13.998848339263349,-0.15001410245895386,0.7540332674980164,0.1165497750043869,1.2312867641448975,0.0013493654550984502,0.8000249862670898,0.07353871315717697,0.9747603535652161,0.0017361551290377975
445,1.4144951105117798,25.942383107424323,0.05152285099029541,15.14626445464996,0.052907370030879974,21.739463970826506,0.011316150426864624,2.677058667572179,-0.009766193106770515,18.21020200494704,-0.0072839148342609406,13.998990638678334,-0.14881479740142822,0.7540308833122253,0.11654309183359146,1.2313034534454346,0.0013502740766853094,0.8000375628471375,0.07352723181247711,0.9746912717819214,0.001735903206281364
446,1.4144842624664307,25.94231185583018,0.034589171409606934,15.14620562609843,0.13344570994377136,21.73847787468387,0.011306732892990112,2.6771916296304474,0.005580542609095573,18.210377089675433,0.004383545368909836,14.00235416401909,0.0670613944530487,0.7540518641471863,0.11664802581071854,1.2311433553695679,0.001340057817287743,0.7999709248542786,0.0734979510307312,0.9750493168830872,0.0017338108737021685
447,1.414591670036316,25.942244418661975,0.03906834125518799,15.14613951461456,0.15265552699565887,21.73748905161034,0.011280626058578491,2.677295762777036,0.009819572791457176,18.210519046171875,0.009689688682556152,14.00392536332542,0.08262515068054199,0.7540623545646667,0.11668699234724045,1.2310577630996704,0.0013335697585716844,0.7999149560928345,0.073492132127285,0.9753504395484924,0.0017325141234323382
448,1.4145197868347168,25.942179997160277,0.06764280796051025,15.146064934102718,0.10080836713314056,21.736497865749136,0.011236518621444702,2.677361950221631,0.002547096461057663,18.210611924700302,0.0056188516318798065,14.003540358574183,0.07803970575332642,0.7540900111198425,0.11665581166744232,1.230889081954956,0.0013310222420841455,0.7998803853988647,0.07352356612682343,0.9755381941795349,0.001732621225528419
449,1.4143518209457397,25.94211561981602,0.09356904029846191,15.145987801072339,0.019403206184506416,21.73550480578683,0.011209160089492798,2.6774144161271245,-0.012079320847988129,18.210675272668592,-0.004652921110391617,14.001490495478675,0.056710273027420044,0.7541142106056213,0.11657204478979111,1.2307614088058472,0.0013341472949832678,0.7998864054679871,0.07356973737478256,0.9755061864852905,0.0017335491720587015
450,1.414483904838562,25.94204884886787,0.1095426082611084,15.1459163738526,-0.05785009637475014,21.73451016438316,0.011216223239898682,2.6774958231392842,-0.02793370746076107,18.210749246582253,-0.014305897057056427,13.998404123117735,-0.15670254826545715,0.754100501537323,0.11645029485225677,1.230873465538025,0.0013426688965409994,0.7999091744422913,0.07361256331205368,0.9753821492195129,0.0017342184437438846
451,1.4144192934036255,25.941978412745286,0.08243703842163086,15.145857707746657,-0.014960837550461292,21.73351389957926,0.011225581169128418,2.677648208273957,-0.021130839362740517,18.21086789187427,-0.013782195746898651,13.999050764085904,-0.15073305368423462,0.7541118264198303,0.11646008491516113,1.2308130264282227,0.0013440573820844293,0.7999053001403809,0.07360807806253433,0.9753977656364441,0.0017322314670309424
452,1.414389729499817,25.941907201542787,0.03748190402984619,15.14580631349645,0.10834142565727234,21.732515952978964,0.0112227201461792,2.6778454001485263,0.00272318534553051,18.211024962832088,-0.004022892564535141,14.002931640694943,0.07067671418190002,0.7541319131851196,0.11657359451055527,1.2306684255599976,0.001336652901954949,0.7998466491699219,0.0735619068145752,0.9757043123245239,0.0017274956917390227
453,1.414520263671875,25.94183950326079,0.015189647674560547,15.145749277439423,0.17583724856376648,21.731516380851374,0.011235415935516357,2.6780153923815466,0.015117719769477844,18.211181177478935,0.0038748960942029953,14.004880251220227,0.09073874354362488,0.754130482673645,0.11662329733371735,1.2306632995605469,0.0013334349496290088,0.7998074889183044,0.07353965193033218,0.9759089350700378,0.0017243337351828814
454,1.4144810438156128,25.94177706270316,0.025246143341064453,15.145680456024639,0.15783563256263733,21.730515094961653,0.011234492063522339,2.6781256543305436,0.012015052139759064,18.2113078269989,0.003727223724126816,14.004645652666158,0.08795055747032166,0.7541426420211792,0.11659979075193405,1.2305938005447388,0.0013333751121535897,0.7997943162918091,0.07355862110853195,0.97597736120224,0.0017235464183613658
455,1.4142791032791138,25.941718411728576,0.06866168975830078,15.14560277520505,0.06175602972507477,21.729512137443034,0.011222690343856812,2.678190851211799,-0.0042387936264276505,18.211408351230812,-0.0029841065406799316,14.00250280455875,0.06547719240188599,0.7541685700416565,0.11650878936052322,1.230455994606018,0.001336422050371766,0.7998034358024597,0.07361520081758499,0.9759286046028137,0.001724536414258182
456,1.4142829179763794,25.941659078804655,0.10660445690155029,15.145526632510315,-0.043510038405656815,21.728507643843976,0.01126965880393982,2.6782616816924647,-0.02472851425409317,18.21150986339024,-0.010425284504890442,13.999132087931304,-0.1512925922870636,0.7541670203208923,0.11637817323207855,1.2304962873458862,0.0013444742653518915,0.7998375296592712,0.07367409020662308,0.975745677947998,0.0017261889297515154
457,1.4142297506332397,25.941595539654763,0.10327756404876709,15.145462338353695,-0.03420728072524071,21.72750120914487,0.011265784502029419,2.6783960446477466,-0.022799432277679443,18.21163953945081,-0.00936206802725792,13.999425337430036,-0.1487632393836975,0.7541766166687012,0.11637426912784576,1.2304418087005615,0.0013447906821966171,0.7998248934745789,0.07368477433919907,0.9758092164993286,0.0017244924092665315
458,1.4142767190933228,25.94152851073246,0.0769951343536377,15.145407801893095,0.0603121742606163,21.72649292421242,0.011258482933044434,2.678582251257737,-0.0028046220541000366,18.211790749272076,-0.00041007623076438904,14.002965556575086,0.06945648789405823,0.7541958689689636,0.1164747029542923,1.2303012609481812,0.0013373719993978739,0.7997568249702454,0.07364975661039352,0.9761675000190735,0.0017198658315464854
459,1.4143731594085693,25.941460812190254,0.05011487007141113,15.145352636848257,0.12633641064167023,21.725482901927872,0.011261731386184692,2.67875808612359,0.009503986686468124,18.211928529580728,0.004898730665445328,14.004624213957381,0.08652731776237488,0.7541961669921875,0.11651267856359482,1.230293869972229,0.0013359126169234514,0.7997287511825562,0.0736270472407341,0.9763109087944031,0.0017164628952741623
460,1.4143288135528564,25.9413950490762,0.03556346893310547,15.145290303149018,0.13409604132175446,21.724471149165527,0.011266112327575684,2.678889335219676,0.009752914309501648,18.21203468168011,0.0023301057517528534,14.004208655194486,0.08200496435165405,0.7542043328285217,0.1164822056889534,1.2302591800689697,0.0013391833053901792,0.7997288107872009,0.0736396387219429,0.9763053059577942,0.0017150419298559427
461,1.4141736030578613,25.94133240547749,0.04858255386352539,15.145220715882818,0.07439573109149933,21.723457661867876,0.011277616024017334,2.678979651603346,-0.00198974646627903,18.212121765851542,-0.005620662122964859,14.002021827676304,0.05941426753997803,0.7542183995246887,0.11639443784952164,1.2302008867263794,0.0013451576232910156,0.7997564077377319,0.07368256896734238,0.9761543869972229,0.0017153704538941383
462,1.4142358303070068,25.941271331051034,0.07398951053619385,15.14515055222105,-0.011653370223939419,21.72244237194954,0.011317282915115356,2.6790667600044245,-0.019604485481977463,18.212220977781673,-0.012659873813390732,13.998736438976714,-0.15611442923545837,0.7542057633399963,0.11626500636339188,1.2303098440170288,0.0013545174151659012,0.7997936606407166,0.07373037189245224,0.975953221321106,0.0017165814060717821
463,1.4141292572021484,25.94120924590653,0.07177460193634033,15.14508848819344,0.0010661829728633165,21.72142496296156,0.01132860779762268,2.679201634510383,-0.01685676909983158,18.21235714431533,-0.010442759841680527,13.999234558546519,-0.151615709066391,0.7542231678962708,0.11626338958740234,1.2302074432373047,0.001354062114842236,0.7997859120368958,0.07373476028442383,0.9759893417358398,0.0017147810431197286
464,1.4141265153884888,25.941146451658398,0.05560421943664551,15.145032448152874,0.08910535275936127,21.720405405613636,0.011305153369903564,2.6793717208832892,0.002410709857940674,18.212518478489013,0.0006438270211219788,14.003043117075709,0.06917604804039001,0.7542484998703003,0.11637426167726517,1.2300236225128174,0.0013443008065223694,0.7997045516967773,0.07370620220899582,0.9764209389686584,0.0017103825230151415
465,1.414285659790039,25.941084552861014,0.04676318168640137,15.144972984590375,0.13554251194000244,21.719383988854844,0.011306405067443848,2.679518054289868,0.01206887885928154,18.212661490615368,0.00727766752243042,14.004940137464954,0.08850803971290588,0.7542515993118286,0.11642199009656906,1.2299880981445312,0.001339870854280889,0.7996503114700317,0.07369579374790192,0.9767074584960938,0.0017075100913643837
466,1.4142342805862427,25.941024299126575,0.06485235691070557,15.144905748220426,0.10376647114753723,21.718360749232676,0.011276543140411377,2.6796150879976075,0.008003901690244675,18.212763388128696,0.004871319979429245,14.004683366186228,0.08542612195014954,0.754271924495697,0.1163942813873291,1.2298692464828491,0.0013392240507528186,0.7996264100074768,0.07372132688760757,0.9768353700637817,0.0017068774905055761
467,1.4140454530715942,25.940963790665478,0.0854865312576294,15.144834692429171,0.03147837519645691,21.717336002771372,0.011266767978668213,2.6796793968947643,-0.005585175007581711,18.21283713131016,-0.004093572497367859,14.002552255407831,0.06306684017181396,0.7542938590049744,0.11630594730377197,1.2297598123550415,0.0013436287408694625,0.7996445894241333,0.0737655907869339,0.9767370820045471,0.0017076077638193965
468,1.4140408039093018,25.940901066810984,0.09834182262420654,15.144767478592582,-0.04371488466858864,21.716309852052216,0.011299580335617065,2.679753520395819,-0.02228318341076374,18.21291880929335,-0.012952033430337906,13.999227643368702,-0.15320292115211487,0.7542839646339417,0.11618225276470184,1.2298529148101807,0.0013530360301956534,0.7996881604194641,0.07381272315979004,0.9765022397041321,0.0017089725006371737
469,1.4139498472213745,25.940835101861964,0.08068525791168213,15.144711324404378,-0.01441980991512537,21.715282001304146,0.011315494775772095,2.679884912308779,-0.01806921325623989,18.21304063878464,-0.01151604950428009,13.999647004771623,-0.1493312120437622,0.7542964220046997,0.11617890745401382,1.2297842502593994,0.001354108564555645,0.7996888756752014,0.07380729168653488,0.976493239402771,0.0017075036885216832
470,1.4140546321868896,25.940767900335373,0.040013909339904785,15.144662177802577,0.10068287700414658,21.71425233757689,0.011293262243270874,2.6800557695172653,0.003572072833776474,18.21319336375148,-0.0012403316795825958,14.003354565048879,0.07073366641998291,0.7543107867240906,0.11628701537847519,1.2296704053878784,0.0013460585614666343,0.7996140718460083,0.0737663134932518,0.9768890738487244,0.0017031606985256076
471,1.4141933917999268,25.94070348789335,0.024150848388671875,15.144607681561924,0.15453991293907166,21.713221107656295,0.011286288499832153,2.6801993641214494,0.013525767251849174,18.213335629621874,0.005564624443650246,14.005116230321088,0.08885210752487183,0.7543132901191711,0.1163291409611702,1.2296416759490967,0.0013423444470390677,0.7995688319206238,0.07375212013721466,0.9771284461021423,0.0017006214475259185
472,1.4141052961349487,25.94064311246879,0.037581682205200195,15.144542884478348,0.1275223046541214,21.712188394776472,0.011284291744232178,2.6802894075542034,0.009101871401071548,18.213443039018724,0.003932120278477669,14.004717640248918,0.08429992198944092,0.7543312311172485,0.11629792302846909,1.2295383214950562,0.0013424340868368745,0.7995567917823792,0.07377194613218307,0.9771923422813416,0.001700380933471024
473,1.4139342308044434,25.940585076370812,0.06524300575256348,15.144471529405108,0.04647683724761009,21.711154228515714,0.011278539896011353,2.6803440301703927,-0.006119297817349434,18.213525118316035,-0.004009891301393509,14.002472228706242,0.060799986124038696,0.7543506026268005,0.11620792001485825,1.2294422388076782,0.0013463867362588644,0.7995741963386536,0.07382015883922577,0.9770999550819397,0.0017015644116327167
474,1.4139050245285034,25.940526471369022,0.08944141864776611,15.144402494894408,-0.042495861649513245,21.710118670104272,0.011301308870315552,2.6804111119110203,-0.02477719634771347,18.213614116301706,-0.012027863413095474,13.99908676165373,-0.15606975555419922,0.7543428540229797,0.11607836186885834,1.2295197248458862,0.0013548940187320113,0.7996138334274292,0.0738707035779953,0.9768865704536438,0.0017030620947480202
475,1.4138416051864624,25.940465004502165,0.08264601230621338,15.144344611893974,-0.02534855529665947,21.70908151264397,0.011317282915115356,2.680543961253196,-0.021631736308336258,18.213739459335358,-0.010252676904201508,13.99953660792025,-0.15197783708572388,0.7543579339981079,0.11607605963945389,1.229433298110962,0.0013551907613873482,0.7996059060096741,0.07387550175189972,0.976923942565918,0.0017013162141665816
476,1.413948655128479,25.940401605477447,0.04758906364440918,15.144295034755478,0.08582880347967148,21.708042631732784,0.011312156915664673,2.6807269724894596,0.0007593613117933273,18.213890944855322,-7.87004828453064e-05,14.003351259754517,0.06920808553695679,0.754374623298645,0.11618532240390778,1.2293072938919067,0.0013474151492118835,0.7995277643203735,0.07383887469768524,0.9773364663124084,0.0016965288668870926
477,1.4140775203704834,25.940339855121287,0.028603315353393555,15.144241587305455,0.14652077853679657,21.70700210945063,0.011304974555969238,2.6808896754142135,0.01267372164875269,18.214027757935554,0.006482386961579323,14.00523405997146,0.08863598108291626,0.7543792128562927,0.11622948199510574,1.2292697429656982,0.001344638760201633,0.7994810938835144,0.07382380217313766,0.9775809049606323,0.0016931180143728852
478,1.413999319076538,25.940281428515007,0.036606788635253906,15.144178431456503,0.12766219675540924,21.705960038917148,0.011294126510620117,2.6809991231787755,0.010402625426650047,18.2141266280897,0.0038842707872390747,14.004937401409688,0.0852271020412445,0.7543975114822388,0.11619983613491058,1.229166030883789,0.0013451528502628207,0.7994667291641235,0.07384579628705978,0.9776548743247986,0.0016918088076636195
479,1.4138392210006714,25.940225215339616,0.06665945053100586,15.14410843878948,0.04494399204850197,21.704916538151398,0.011296361684799194,2.6810671999416646,-0.003987818956375122,18.21420107416433,-0.004705928266048431,14.002751552754818,0.06235376000404358,0.7544153332710266,0.1161113977432251,1.229082703590393,0.0013500649947673082,0.7994865775108337,0.07389236986637115,0.9775471687316895,0.001692527555860579
480,1.4137489795684814,25.940168065820043,0.09141826629638672,15.144040752562557,-0.044824399054050446,21.703871592714183,0.011316657066345215,2.6811402783993183,-0.022323885932564735,18.21428594097623,-0.013240497559309006,13.999376558233097,-0.15461045503616333,0.754414439201355,0.11597810685634613,1.2291200160980225,0.0013585883425548673,0.7995333671569824,0.07394412904977798,0.977293848991394,0.0016939510824158788
481,1.413675308227539,25.940107649940185,0.07876932621002197,15.143984358900648,-0.019902531057596207,21.702825022192435,0.011325359344482422,2.6812718798723774,-0.018441729247570038,18.214412504770632,-0.011132005602121353,13.999824028005136,-0.1504732370376587,0.7544271349906921,0.1159772053360939,1.2290481328964233,0.0013590274611487985,0.79952472448349,0.07394887506961823,0.9773353934288025,0.0016920602647587657
482,1.4138082265853882,25.94004551389001,0.05359089374542236,15.143935584978486,0.08039430528879166,21.701776771137684,0.011315882205963135,2.6814448589057074,0.0023281127214431763,18.21456872437721,0.00021030381321907043,14.003623132134617,0.07072705030441284,0.7544429898262024,0.11608575284481049,1.228925347328186,0.0013508476549759507,0.799439549446106,0.07391219586133957,0.9777869582176208,0.0016874688444659114
483,1.4139811992645264,25.93998427920712,0.02924323081970215,15.14388335228027,0.1466669738292694,21.7007269583425,0.01130521297454834,2.6815938692323087,0.014075091108679771,18.214708708247798,0.007141208276152611,14.005448195475028,0.08957457542419434,0.7544446587562561,0.11613021790981293,1.2289034128189087,0.0013477301690727472,0.7993918657302856,0.07389921694993973,0.9780386090278625,0.0016846092185005546
484,1.4138944149017334,25.939926233465982,0.04118919372558594,15.1438211584252,0.1212325394153595,21.699675702221406,0.01129409670829773,2.681686539151139,0.01019960455596447,18.214807739756537,0.004965124651789665,14.005066314968316,0.08525004982948303,0.7544623017311096,0.11609847098588943,1.2288025617599487,0.0013479611370712519,0.7993812561035156,0.07391737401485443,0.978093683719635,0.0016838946612551808
485,1.4137433767318726,25.93986988699332,0.06956791877746582,15.14375259424191,0.03766009584069252,21.698623113948994,0.011294513940811157,2.681739855319895,-0.004918273538351059,18.214878104857107,-0.0040505193173885345,14.002791696724433,0.061393797397613525,0.7544822692871094,0.1160065159201622,1.2287046909332275,0.001352344872429967,0.7993970513343811,0.07396874576807022,0.9780101776123047,0.001685282331891358
486,1.4136723279953003,25.939812281499638,0.08531904220581055,15.14368691288203,-0.043375931680202484,21.69756918642591,0.011305123567581177,2.6818024815534165,-0.022984586656093597,18.21495693757679,-0.01291918009519577,13.999350110754184,-0.15623068809509277,0.7544794678688049,0.11587352305650711,1.2287530899047852,0.001360806287266314,0.7994427680969238,0.07401890307664871,0.9777637124061584,0.001686925650574267
487,1.4135806560516357,25.93975198476165,0.0780555009841919,15.143632212916637,-0.026100950315594673,21.696513818075278,0.011306196451187134,2.6819271401295643,-0.020011350512504578,18.21507723088121,-0.011162862181663513,13.999795166139162,-0.15218457579612732,0.7544898390769958,0.11587376147508621,1.2286956310272217,0.0013614364434033632,0.7994385957717896,0.0740187019109726,0.9777812957763672,0.0016851993277668953
488,1.4137325286865234,25.93968996672304,0.04542350769042969,15.143585624436842,0.08381044864654541,21.695457006338053,0.011297374963760376,2.6820989520918572,0.0019902922213077545,18.21522824654126,-7.532909512519836e-05,14.003651016515729,0.06961727142333984,0.7545076012611389,0.1159830093383789,1.2285603284835815,0.001353018102236092,0.7993513941764832,0.07398360967636108,0.9782438278198242,0.001680521061643958
489,1.413865327835083,25.939629602794085,0.025520682334899902,15.143534942410783,0.14660225808620453,21.69439884158245,0.011315762996673584,2.682247860262667,0.013579769060015678,18.215364624537983,0.007417842745780945,14.005542970830637,0.0892331600189209,0.7545104026794434,0.11602748930454254,1.2285327911376953,0.0013501351932063699,0.7993088960647583,0.07396316528320312,0.9784665107727051,0.001677406602539122
490,1.4137847423553467,25.939572687309873,0.03542494773864746,15.143474035122575,0.12416580319404602,21.69333915034436,0.011292189359664917,2.6823415872647747,0.01038367673754692,18.215459134422055,0.004935670644044876,14.005217167589043,0.08548235893249512,0.7545298337936401,0.11599678546190262,1.2284209728240967,0.0013500975910574198,0.7992916107177734,0.07398520410060883,0.9785578846931458,0.0016765629407018423
491,1.4136254787445068,25.93951789793701,0.06037425994873047,15.14340622819371,0.04412427172064781,21.69227816989094,0.01126086711883545,2.6823950703002266,-0.004264475777745247,18.21552538931415,-0.004684828221797943,14.002976438330387,0.06191200017929077,0.7545505166053772,0.11590546369552612,1.2283172607421875,0.001354317064397037,0.7993063926696777,0.07403583824634552,0.9784788489341736,0.0016777794808149338
492,1.4135526418685913,25.93946255242373,0.0841817855834961,15.143340526209256,-0.04685268923640251,21.6912161874932,0.011290580034255981,2.6824560067010323,-0.023150509223341942,18.215603071237393,-0.013744208961725235,13.99954543693286,-0.1557970941066742,0.7545486092567444,0.11577508598566055,1.2283624410629272,0.001363024697639048,0.7993525862693787,0.07409005612134933,0.9782306551933289,0.0016795254778116941
493,1.4134442806243896,25.939404340358347,0.07305014133453369,15.143286205989993,-0.023832762613892555,21.690152888262013,0.011308789253234863,2.6825801685087165,-0.019574418663978577,18.215725879266774,-0.011617027223110199,14.000010910773806,0.03236943483352661,0.7545619010925293,0.11577422171831131,1.2282861471176147,0.001363221905194223,0.7993450164794922,0.07409290224313736,0.9782665967941284,0.0016777777345851064
494,1.413448452949524,25.939344638320588,0.04024779796600342,15.143239744405014,0.025846756994724274,21.68908809617976,0.011371076107025146,2.682750684461221,-0.01426493376493454,18.21588123765909,-0.006536770612001419,13.999690754508823,-0.15424475073814392,0.7545519471168518,0.11574295908212662,1.2283668518066406,0.0013694555964320898,0.7993749380111694,0.07408489286899567,0.9780958890914917,0.0016754252137616277
495,1.4135504961013794,25.939286841355184,0.007930397987365723,15.143195172098979,0.13094060122966766,21.688021236229975,0.011388033628463745,2.6829471249386403,0.006375905126333237,18.216046417903083,0.005146868526935577,14.002929038217403,0.06143340468406677,0.7545617818832397,0.11583180725574493,1.22829270362854,0.001365019823424518,0.7993164658546448,0.07405448704957962,0.9783996343612671,0.0016701689455658197
496,1.4136046171188354,25.939233969052886,0.0026644468307495117,15.143141293369892,0.16800713539123535,21.686952217121206,0.011393696069717407,2.6831050024995147,0.015391960740089417,18.216175420383017,0.010073252022266388,14.004440677543014,0.07687696814537048,0.7545742392539978,0.11585907638072968,1.2282111644744873,0.0013626040890812874,0.7992719411849976,0.07405172288417816,0.9786310195922852,0.001666543073952198
497,1.413584589958191,25.939186057906717,0.038451433181762695,15.143075124076283,0.11048472672700882,21.68588106308761,0.011352598667144775,2.6832009966099317,0.009389301761984825,18.21625277150803,0.005577802658081055,14.004040938634086,0.07230326533317566,0.7545981407165527,0.11582554131746292,1.2280712127685547,0.0013620770769193769,0.799237847328186,0.07409112900495529,0.9788123965263367,0.00166536052711308
498,1.41341233253479,25.939139050310537,0.08697569370269775,15.14300389598842,0.003814066993072629,21.6848082388705,0.01131218671798706,2.6832592357557092,-0.006333701312541962,18.216300909276978,-0.005223669111728668,14.002021956757302,0.05139079689979553,0.7546274065971375,0.11573727428913116,1.2279123067855835,0.0013645648723468184,0.799235463142395,0.07415129244327545,0.9788243174552917,0.0016656889347359538
499,1.4134875535964966,25.939088009490042,0.11652326583862305,15.142939308051343,-0.08688175678253174,21.683734157797144,0.011317849159240723,2.6833308092708736,-0.022944096475839615,18.21636451205993,-0.0143851637840271,13.999022240249932,-0.161756694316864,0.7546197772026062,0.11561890691518784,1.2279846668243408,0.001371888560242951,0.7992561459541321,0.07420557737350464,0.9787124395370483,0.0016664586728438735
500,1.4133408069610596,25.939030370623573,0.09295916557312012,15.142890249820832,-0.0408630445599556,21.682658755726358,0.011336326599121094,2.6834645550594294,-0.015040341764688492,18.216477590807305,-0.012259278446435928,14.000038622067832,0.03173893690109253,0.7546438574790955,0.11563408374786377,1.22784423828125,0.0013715041568502784,0.7992441058158875,0.07420241832733154,0.9787706732749939,0.0016640195390209556
501,1.4133057594299316,25.9389691289147,0.044489145278930664,15.14285034788535,0.034392405301332474,21.681581852882196,0.011389106512069702,2.6836305302013006,-0.006280208006501198,18.216627073880336,-0.006497703492641449,14.000224138276826,0.03378751873970032,0.7546325922012329,0.11562488973140717,1.2279291152954102,0.0013770255027338862,0.7992719411849976,0.07418452203273773,0.9786106944084167,0.0016612897161394358
502,1.4133403301239014,25.93890948454101,0.004985451698303223,15.142810761347613,0.09044086188077927,21.680502960213392,0.01147836446762085,2.6837990998324783,-0.0011900067329406738,18.216787031373972,-0.0006754063069820404,13.999612840740516,-0.1555323302745819,0.7546119689941406,0.11558594554662704,1.2280782461166382,0.001385037088766694,0.7993138432502747,0.07417412847280502,0.9783750772476196,0.001658946624957025
503,1.413370966911316,25.938855236528514,-0.015921950340270996,15.142765532536982,0.17355458438396454,21.679421287986496,0.011464893817901611,2.68395460994457,0.01581038162112236,18.21693380365036,0.009294994175434113,14.002648025146051,0.05796131491661072,0.7546346783638,0.115665502846241,1.2279245853424072,0.0013791369274258614,0.7992497682571411,0.07414925843477249,0.9787134528160095,0.0016551445005461574
504,1.4134416580200195,25.938807950656756,0.009053349494934082,15.142706414510371,0.16228926181793213,21.67833710311015,0.011417537927627563,2.6840467862590343,0.018270349130034447,18.21702985111113,0.011189833283424377,14.004045071633627,0.0717058777809143,0.7546577453613281,0.11569296568632126,1.2277687788009644,0.0013731076614931226,0.7991758584976196,0.07416524738073349,0.9791105389595032,0.0016532751033082604
505,1.4134202003479004,25.938764429217397,0.0633467435836792,15.142635950573485,0.07182617485523224,21.67725097035688,0.011341005563735962,2.684074357755735,0.007256206125020981,18.217072750697504,0.00370195135474205,14.00364689522369,0.06685146689414978,0.7546964883804321,0.11565930396318436,1.2275265455245972,0.001368067809380591,0.7991167306900024,0.07421547919511795,0.9794331789016724,0.0016537874471396208
506,1.4132871627807617,25.938718832332803,0.12138092517852783,15.142564835265304,-0.05174154043197632,21.676163679072214,0.011270225048065186,2.684077136559868,-0.011681364849209785,18.21709694924016,-0.008237209171056747,14.00174160660724,0.046915024518966675,0.7547317743301392,0.11557509750127792,1.227319359779358,0.0013669786276295781,0.7990910410881042,0.07428047806024551,0.979577362537384,0.0016556221526116133
507,1.413364052772522,25.938665506593214,0.13646161556243896,15.142506245451726,-0.12465455383062363,21.67507588732196,0.011272013187408447,2.6841152095347316,-0.027517862617969513,18.21715097028855,-0.016993727535009384,13.99893816997153,-0.16435027122497559,0.7547232508659363,0.1154651790857315,1.2273893356323242,0.001372476457618177,0.7991096377372742,0.07432078570127487,0.9794797897338867,0.0016573844477534294
508,1.4131397008895874,25.938603678579952,0.09688472747802734,15.142466702319297,-0.05406447499990463,21.673987493583287,0.011270970106124878,2.6842334134721493,-0.017313530668616295,18.21726619473336,-0.013237841427326202,14.00022234419555,0.03180360794067383,0.7547491788864136,0.11548825353384018,1.227238655090332,0.0013720275601372123,0.7991095185279846,0.07429958879947662,0.9794745445251465,0.001655298052355647
509,1.4131770133972168,25.938538171641998,0.021567821502685547,15.142436824488827,0.060042768716812134,21.672898433555336,0.011346310377120972,2.6843927814950836,-0.004690691828727722,18.2174219289747,-0.0054255761206150055,14.000641608843134,0.03622311353683472,0.7547271847724915,0.11549275368452072,1.2273880243301392,0.0013782888418063521,0.799142062664032,0.07426713407039642,0.9792899489402771,0.0016529037384316325
510,1.4131314754486084,25.938476958967854,-0.0371706485748291,15.142403500616311,0.1410003900527954,21.67180791464816,0.011435389518737793,2.684550729156863,0.0024462901055812836,18.217583564381787,0.000949762761592865,14.000177929627355,0.03219175338745117,0.7547112703323364,0.11545991897583008,1.22750985622406,0.0013864415232092142,0.799193799495697,0.07424717396497726,0.9790022969245911,0.0016509834676980972
511,1.413260817527771,25.93842556476408,-0.052367448806762695,15.142358423174286,0.15419113636016846,21.67071508854153,0.011501550674438477,2.6846855737467368,0.0008395258337259293,18.217725485209566,0.0047158244997262955,13.99901136588046,-0.1626443862915039,0.7546892762184143,0.11540114879608154,1.2276611328125,0.0013929061824455857,0.799217164516449,0.07425680011510849,0.9788699150085449,0.0016495592426508665
512,1.4131929874420166,25.93838456470917,-0.0209352970123291,15.142301325995554,0.15939566493034363,21.669619409673818,0.011445820331573486,2.6848045131825455,0.009649833664298058,18.21783481456194,0.009728137403726578,14.001745832160344,0.04725182056427002,0.7547351717948914,0.11547069251537323,1.2273619174957275,0.0013838111190125346,0.7991291880607605,0.07426824420690536,0.9793393015861511,0.0016461776103824377
513,1.4132410287857056,25.938349745093532,0.04534471035003662,15.142232820224894,0.08941230177879333,21.668521561695425,0.0113564133644104,2.684882087714272,0.007092051208019257,18.217895001142097,0.007274307310581207,14.003108860536274,0.060184866189956665,0.754780113697052,0.11548946797847748,1.2270704507827759,0.0013751646038144827,0.7990254163742065,0.07431230694055557,0.9798981547355652,0.0016440016916021705
514,1.4131659269332886,25.93831375682213,0.11492586135864258,15.142161509821017,-0.016766007989645004,21.66742248757603,0.011256426572799683,2.684930207112314,-0.0033400263637304306,18.217920537267283,-0.0015939995646476746,14.002933146128,0.05766952037811279,0.7548285126686096,0.11545383185148239,1.2267706394195557,0.0013696822570636868,0.7989514470100403,0.07437115907669067,0.9802976250648499,0.001643219031393528
515,1.4130830764770508,25.938269624542485,0.15095269680023193,15.142099048924942,-0.10066023468971252,21.66632314162509,0.011209934949874878,2.6849838407769155,-0.01518377847969532,18.21794984499343,-0.01209988072514534,14.001428092509371,0.042252540588378906,0.7548500299453735,0.11538757383823395,1.2266541719436646,0.0013714947272092104,0.7989363074302673,0.07442150264978409,0.9803799390792847,0.0016435576835647225
516,1.4132025241851807,25.93821446601631,0.131538987159729,15.142053574453776,-0.11509842425584793,21.665223867811463,0.011253595352172852,2.6850789271009043,-0.022475915029644966,18.218024111061784,-0.01743871346116066,13.999084046368857,-0.1642856001853943,0.754827082157135,0.11529450118541718,1.2268205881118774,0.0013805599883198738,0.7989768385887146,0.07444006204605103,0.9801564812660217,0.001643219031393528
517,1.4130563735961914,25.938151334290353,0.0583648681640625,15.142024972718467,0.011994767002761364,21.66412410251014,0.011280834674835205,2.685233907815515,-0.0045308917760849,18.218160090969878,-0.01000620424747467,14.000816345437823,0.03659242391586304,0.7548394799232483,0.11533504724502563,1.226754903793335,0.0013823056360706687,0.7989853620529175,0.0744008794426918,0.9801009893417358,0.0016398013103753328
518,1.4130644798278809,25.938088480109194,-0.01357114315032959,15.141997907929364,0.1277424544095993,21.663023496334258,0.011354535818099976,2.685387549991963,0.008588340133428574,18.218322298242157,-0.0006817132234573364,14.001520280261575,0.04383760690689087,0.754825234413147,0.11534243822097778,1.2268553972244263,0.0013873409479856491,0.7990134954452515,0.07436311990022659,0.9799408316612244,0.0016374714905396104
519,1.4130233526229858,25.938033230156478,-0.04806208610534668,15.141959749859799,0.1762121319770813,21.66192128189564,0.01142275333404541,2.6854994541299044,0.011465111747384071,18.218471171614784,0.005387900397181511,14.00112666229195,0.04015502333641052,0.7548192143440247,0.11531250923871994,1.2269065380096436,0.0013916018651798368,0.7990418672561646,0.07435683161020279,0.9797835350036621,0.0016366891795769334
520,1.413010597229004,25.937988368187316,-0.0266878604888916,15.14190634744585,0.13200053572654724,21.66081681935523,0.011434704065322876,2.6855648121109184,0.0020958688110113144,18.218583907688917,0.005793638527393341,13.999829302679075,-0.15660494565963745,0.7548199892044067,0.1152535006403923,1.2269097566604614,0.001393720624037087,0.7990463972091675,0.07439005374908447,0.9797597527503967,0.0016372214304283261
521,1.4130644798278809,25.93795068041135,0.029235243797302246,15.141843962247279,0.09418665617704391,21.659710079187118,0.011341392993927002,2.685617212922459,0.0040376149117946625,18.218662438754077,0.00806291215121746,14.00233956485841,0.05113866925239563,0.7548689246177673,0.11531434953212738,1.2265785932540894,0.0013806844362989068,0.7989257574081421,0.0744130089879036,0.9804129004478455,0.0016357868444174528
522,1.413079023361206,25.93791371684706,0.09345650672912598,15.141777556248254,0.017048584297299385,21.658602062179767,0.011239975690841675,2.6856519060454866,-0.0011269040405750275,18.21870107685434,0.0037880968302488327,14.003398814751536,0.06100758910179138,0.7549164891242981,0.11532451212406158,1.2262687683105469,0.0013711806386709213,0.7988236546516418,0.07445467263460159,0.9809674620628357,0.0016351741505786777
523,1.4130228757858276,25.93787079785938,0.1298079490661621,15.141715870588694,-0.054921433329582214,21.65749375165641,0.01114395260810852,2.6856866684785716,-0.010062314569950104,18.218720781572408,-0.005453072488307953,14.002916906245217,0.055462002754211426,0.7549586892127991,0.1152799129486084,1.2260133028030396,0.0013679146068170667,0.7987726330757141,0.07450012862682343,0.9812448620796204,0.001635217689909041
524,1.412919521331787,25.937818757772334,0.12639284133911133,15.14166624197254,-0.09027297049760818,21.656385983362092,0.011121362447738647,2.685749285607099,-0.017909523099660873,18.218760318921436,-0.014507252722978592,14.001175450428448,0.03802502155303955,0.7549692392349243,0.11520582437515259,1.225970983505249,0.0013727399054914713,0.798791229724884,0.07452785968780518,0.9811426997184753,0.001635342021472752
525,1.4130901098251343,25.937758834380713,0.08277237415313721,15.141631324237004,-0.07015764713287354,21.65527879316272,0.011197149753570557,2.6858614747330716,-0.022046340629458427,18.218853963829506,-0.017142388969659805,13.998708965650785,-0.16931980848312378,0.7549244165420532,0.11511378735303879,1.2262760400772095,0.0013850368559360504,0.7988526225090027,0.07452840358018875,0.9808058142662048,0.0016349641373381019
526,1.412872076034546,25.93769629382042,-0.0009965896606445312,15.14160748757646,0.07498755306005478,21.65417124878149,0.011262714862823486,2.686031297926,-0.0021682009100914,18.219006987471463,-0.00762929767370224,14.000485525134101,0.032064288854599,0.7549356818199158,0.11515562236309052,1.2262216806411743,0.0013881392078474164,0.7988772988319397,0.07448466122150421,0.9806616902351379,0.0016314148670062423
527,1.4128612279891968,25.937640041502032,-0.056992292404174805,15.141577845496549,0.17607149481773376,21.6530626087594,0.01133662462234497,2.686191093253911,0.010481063276529312,18.21917546300799,0.002629172056913376,14.001328446317961,0.04060736298561096,0.7549259066581726,0.11516543477773666,1.226292371749878,0.0013922069920226932,0.7988969683647156,0.07445410639047623,0.9805454015731812,0.0016284013399854302
528,1.4128851890563965,25.93759524955203,-0.0559389591217041,15.141531945189204,0.18225054442882538,21.65195212135518,0.011358648538589478,2.686302330033718,0.010179297998547554,18.219316722835206,0.00783352181315422,14.001127017353257,0.03864678740501404,0.7549260258674622,0.11514148861169815,1.2263002395629883,0.0013943110825493932,0.798895537853241,0.07446892559528351,0.9805487394332886,0.0016270981868728995
529,1.41282057762146,25.93756068266184,-0.0040853023529052734,15.141470697029458,0.10093921422958374,21.650839618338967,0.011350452899932861,2.6863707148811096,-0.0012887157499790192,18.219412530326437,0.006324494257569313,14.000029886387004,0.027808964252471924,0.7549428343772888,0.1150842234492302,1.2262027263641357,0.0013940359931439161,0.7988812327384949,0.07451900094747543,0.9806249737739563,0.00162700773216784
530,1.4130665063858032,25.93752995832773,0.06539905071258545,15.141404478505104,-0.015841951593756676,21.64972524554648,0.01132112741470337,2.6864363733586587,-0.016701649874448776,18.219473414242625,0.00029053911566734314,13.998381641268574,-0.17234662175178528,0.754945695400238,0.11500256508588791,1.2261863946914673,0.001394046121276915,0.7988325357437134,0.07458177953958511,0.9808872938156128,0.001626570476219058
531,1.4128066301345825,25.93749548130847,0.10551941394805908,15.14134654231182,-0.03317347913980484,21.64860934318041,0.01123577356338501,2.6865479232266725,-0.00904945656657219,18.21952710590659,-0.0009745918214321136,14.000987440340525,0.036081522703170776,0.7550195455551147,0.11505915969610214,1.2257274389266968,0.0013852183474227786,0.798744797706604,0.07460694015026093,0.9813541769981384,0.0016227401793003082
532,1.4128843545913696,25.937453443133688,0.10801935195922852,15.141297969623784,-0.018022742122411728,21.647492772233445,0.011180222034454346,2.6866768583965737,-0.0007319096475839615,18.21957941803286,-0.0031107403337955475,14.00247819247939,0.05049857497215271,0.7550458908081055,0.11508601158857346,1.2255656719207764,0.0013827503426000476,0.7986728549003601,0.07462095469236374,0.9817346930503845,0.001618900685571134
533,1.4128408432006836,25.937404318187323,0.08806025981903076,15.141256177472659,0.004979347810149193,21.64637601572463,0.011163979768753052,2.6867953419209414,0.003768114373087883,18.21963911827236,-0.006302535533905029,14.002620279496144,0.05188959836959839,0.7550628781318665,0.11506596952676773,1.2254762649536133,0.0013850507093593478,0.7986574172973633,0.07462693005800247,0.9818108677864075,0.0016162777319550514
534,1.412778615951538,25.937350874125883,0.05807602405548096,15.141217972355744,0.023696407675743103,21.645259120829266,0.011181414127349854,2.686890244271862,0.002985019236803055,18.219718396175313,-0.00885925441980362,14.001512692625244,0.04099148511886597,0.7550609707832336,0.1150137335062027,1.2255107164382935,0.0013913093134760857,0.7986884713172913,0.07463157176971436,0.9816379547119141,0.0016154220793396235
535,1.41281259059906,25.937296656038683,0.02496659755706787,15.141180941525544,0.03772195801138878,21.64414179644353,0.011237800121307373,2.686966351532129,-0.00230448879301548,18.21982569588856,-0.009072337299585342,13.999537469792802,-0.16214421391487122,0.7550392150878906,0.11493505537509918,1.2256643772125244,0.001398855121806264,0.7987411618232727,0.07463818043470383,0.9813523292541504,0.0016160266241058707
536,1.4127713441848755,25.937245192434577,0.006125807762145996,15.14114342221767,0.0989660695195198,21.643023393052765,0.011223584413528442,2.687042202696391,0.007169326767325401,18.21995915244654,-0.00015507638454437256,14.001626295783069,0.04201430082321167,0.7550639510154724,0.114985890686512,1.225498914718628,0.0013929137494415045,0.7986889481544495,0.07462452352046967,0.9816343188285828,0.0016150466399267316
537,1.4128025770187378,25.93719817859639,0.011873483657836914,15.141098709703108,0.10849706083536148,21.641904026019766,0.011216998100280762,2.687087900453825,0.007640933617949486,18.220080037376547,0.005935098975896835,14.002505148834858,0.050361186265945435,0.7550773620605469,0.11500007659196854,1.2254045009613037,0.0013882924104109406,0.7986515760421753,0.07462375611066818,0.9818394780158997,0.0016153306933119893
538,1.412736415863037,25.93715457172632,0.04145324230194092,15.141046451023588,0.05954385921359062,21.64078372371374,0.011188894510269165,2.6871049083418557,-0.0011886153370141983,18.220164851743483,0.005458954721689224,14.002093068969097,0.04578757286071777,0.7550975680351257,0.11496802419424057,1.2252752780914307,0.0013849021634086967,0.7986243963241577,0.07465348392724991,0.9819915890693665,0.001616763067431748
539,1.4126558303833008,25.937110931810334,0.0670938491821289,15.1409927851428,-0.005757154431194067,21.639662726328403,0.011142611503601074,2.687123998148325,-0.013368550688028336,18.220219071226765,-0.00036166608333587646,14.000625913955224,0.031060129404067993,0.7551171183586121,0.11489958316087723,1.2251627445220947,0.0013848606031388044,0.7986134886741638,0.07469574362039566,0.9820551872253418,0.001618455513380468
540,1.412835717201233,25.9370645652009,0.07512879371643066,15.140945064523928,-0.05481714755296707,21.6385414323929,0.011140108108520508,2.687183588231468,-0.023851770907640457,18.22026940022008,-0.007216122001409531,13.99855967370744,-0.17298078536987305,0.7551003694534302,0.11481396853923798,1.2252804040908813,0.00139021803624928,0.7986215353012085,0.07471941411495209,0.9820111393928528,0.001618719776161015
541,1.4126245975494385,25.93701488872764,0.04387164115905762,15.140908133519373,0.01765383780002594,21.637419764769756,0.011117249727249146,2.6873130027231276,-0.00875910371541977,18.22034417376701,-0.00522962212562561,14.000845814257085,0.03289437294006348,0.7551451325416565,0.11486731469631195,1.2250111103057861,0.0013875106815248728,0.7985820770263672,0.07470713555812836,0.9822154641151428,0.0016148838913068175
542,1.412689447402954,25.93696550969082,0.009768009185791016,15.14087289897626,0.08261927962303162,21.636297857628538,0.011096775531768799,2.6874574548211836,0.0032228343188762665,18.2204328993825,-0.0032648444175720215,14.00211632372924,0.045347511768341064,0.7551533579826355,0.11488976329565048,1.2249675989151,0.0013887162785977125,0.7985543608665466,0.07469495385885239,0.9823547005653381,0.0016109786229208112
543,1.412663459777832,25.936919986312525,-0.0039234161376953125,15.140831981000519,0.10340653359889984,21.635175808557175,0.011111587285995483,2.6875773614655465,0.006502015516161919,18.220526191866853,-0.0026626475155353546,14.002171569680934,0.04595562815666199,0.7551612257957458,0.11487065255641937,1.2249325513839722,0.0013914675218984485,0.798545777797699,0.07470463216304779,0.982394278049469,0.0016087780240923166
544,1.4125763177871704,25.936879380235307,0.007567882537841797,15.14078362124375,0.07495824247598648,21.63405335221677,0.011137068271636963,2.6876646910229374,0.001055985689163208,18.22062115100602,-0.003591228276491165,14.001115969506657,0.035547882318496704,0.7551718354225159,0.11481337249279022,1.2248824834823608,0.001394361606799066,0.7985554933547974,0.0747319683432579,0.9823374152183533,0.0016079243505373597
545,1.4126815795898438,25.936841991974934,0.03584396839141846,15.140731706963782,0.015433920547366142,21.632930142085375,0.011153846979141235,2.6877400129445017,-0.01011691614985466,18.220721429101147,-0.004792217165231705,13.999308802423675,-0.16616910696029663,0.7551642060279846,0.11473434418439865,1.2249400615692139,0.0013979984214529395,0.7985584139823914,0.07477670907974243,0.9823213219642639,0.0016081271460279822
546,1.4125829935073853,25.93680451253147,0.05617833137512207,15.140683209539173,0.030480114743113518,21.63180595279253,0.01110386848449707,2.6878401923127404,-0.0019980650395154953,18.220831443548526,0.0010626725852489471,14.001684882362303,0.0406898558139801,0.7552093267440796,0.11478773504495621,1.2246512174606323,0.001390256336890161,0.7984820604324341,0.07478420436382294,0.9827297925949097,0.0016055192099884152
547,1.4126145839691162,25.936764793866477,0.07423758506774902,15.140636111195068,0.028461046516895294,21.63068125259307,0.011078298091888428,2.68793684941582,0.000980498269200325,18.220926210160332,0.004381377249956131,14.00284440730411,0.0519181489944458,0.7552332878112793,0.11480122804641724,1.2244974374771118,0.001386319287121296,0.7984279990196228,0.07479685544967651,0.9830180406570435,0.001603294163942337
548,1.4125709533691406,25.936721136473064,0.0761333703994751,15.140590494965705,0.018504055216908455,21.62955621874574,0.011048972606658936,2.6880208053284185,4.518590867519379e-05,18.220993587046696,0.0015291832387447357,14.002635544164967,0.049673259258270264,0.7552513480186462,0.11477264016866684,1.2243967056274414,0.001387093449011445,0.798408567905426,0.07481733709573746,0.9831194877624512,0.0016020516632124782
549,1.4125274419784546,25.936673719590388,0.06398165225982666,15.140547323447317,0.00604648794978857,21.628431049475637,0.01106196641921997,2.6880963103831172,-0.004504082724452019,18.22104800333557,-0.0039240531623363495,14.001246625837405,0.03592634201049805,0.7552534341812134,0.11471148580312729,1.2244040966033936,0.0013922950020059943,0.7984277606010437,0.07483822852373123,0.9830130338668823,0.0016016486333683133
550,1.4126110076904297,25.93662419663375,0.046352267265319824,15.140507746460267,-0.007819566875696182,21.627305496784928,0.01107516884803772,2.6881787977711054,-0.011246690526604652,18.221113208168138,-0.009227197617292404,13.999125734912187,-0.1686878204345703,0.7552351355552673,0.11462415009737015,1.2245393991470337,0.0014002211391925812,0.7984603643417358,0.07485552877187729,0.9828332662582397,0.0016014063730835915
551,1.4124934673309326,25.936574643121535,0.016970276832580566,15.140472961158121,0.06473808735609055,21.626179334811436,0.011057764291763306,2.6882892544716848,0.002285778522491455,18.221210034889324,-0.004314880818128586,14.001300091050762,0.036410748958587646,0.7552709579467773,0.11467283219099045,1.2243202924728394,0.0013969027204439044,0.7984192967414856,0.07483816891908646,0.9830498099327087,0.001598614500835538
552,1.4125345945358276,25.9365281851781,0.0010160207748413086,15.140434355770415,0.10403318703174591,21.625052669535815,0.011050909757614136,2.688381431044076,0.008433833718299866,18.221315106754957,-8.40798020362854e-05,14.002376742110604,0.046830207109451294,0.7552846074104309,0.11468929052352905,1.2242333889007568,0.0013948315754532814,0.7983818054199219,0.07483658939599991,0.9832484126091003,0.001596831134520471
553,1.4124455451965332,25.936486215421795,0.015744447708129883,15.140387886821818,0.08360981196165085,21.623925489978316,0.011036396026611328,2.6884373298605,0.004712989553809166,18.221410130646422,0.001227792352437973,14.00221049293316,0.04492822289466858,0.755301296710968,0.1146635040640831,1.2241326570510864,0.001393533544614911,0.7983652949333191,0.07485391199588776,0.9833375215530396,0.0015966437058523297
554,1.4124177694320679,25.936446717620374,0.04615020751953125,15.140336614928254,0.022743403911590576,21.62279786413397,0.011019974946975708,2.6884725038005124,-0.0065514277666807175,18.22149066879899,-0.000868629664182663,14.000969311405301,0.03251028060913086,0.7553099393844604,0.11460776627063751,1.2240839004516602,0.0013937359908595681,0.7983582615852356,0.07489311695098877,0.9833799600601196,0.0015980572206899524
555,1.412539005279541,25.936406195961847,0.06487905979156494,15.140287855834636,-0.03219044581055641,21.62166987300853,0.01103353500366211,2.6885253435457295,-0.017802778631448746,18.22156683937791,-0.0046058110892772675,13.999060327760612,-0.17030328512191772,0.7553011775016785,0.11452515423297882,1.2241477966308594,0.0013972484739497304,0.7983627915382385,0.07492677122354507,0.9833555817604065,0.0015986126381903887
556,1.4123876094818115,25.93636274220537,0.058072447776794434,15.14024754895209,0.01396146509796381,21.620541285115053,0.010993212461471558,2.68863048445969,-0.006020834669470787,18.22165458986694,-0.0005243532359600067,14.001484857406052,0.037104249000549316,0.7553499937057495,0.11457973718643188,1.22384512424469,0.001391696510836482,0.7982990145683289,0.07492572069168091,0.9836949110031128,0.0015956362476572394
557,1.4124506711959839,25.936317367483905,0.03954422473907471,15.140209654946062,0.05732656642794609,21.619412440156648,0.010960608720779419,2.6887447012350263,0.002782648429274559,18.221735836783715,0.0012583322823047638,14.002765689145031,0.049625128507614136,0.7553642392158508,0.11460039764642715,1.2237586975097656,0.0013905918458476663,0.7982572317123413,0.07492069900035858,0.9839138388633728,0.0015926696360111237
558,1.4124274253845215,25.93627224164191,0.027643322944641113,15.140169034639207,0.06909623742103577,21.61828356652389,0.010956674814224243,2.688838603530515,0.004668563604354858,18.22180380964787,-0.00046546757221221924,14.002709695001842,0.04896891117095947,0.7553775906562805,0.11457844823598862,1.2236883640289307,0.0013924119994044304,0.7982450127601624,0.07492987811565399,0.983974814414978,0.0015909216599538922
559,1.412352204322815,25.936228612921134,0.03012216091156006,15.140124619184466,0.041824821382761,21.61715457822511,0.010945677757263184,2.688908074989284,-0.0014576911926269531,18.221866995478443,-0.004734862595796585,14.001463915623024,0.03658244013786316,0.7553857564926147,0.11451763659715652,1.2236546277999878,0.0013958780327811837,0.7982560396194458,0.07495611160993576,0.9839131236076355,0.001590719330124557
560,1.4124358892440796,25.936186063324765,0.0364992618560791,15.140079862900553,0.0017310131806880236,21.616025470051355,0.010986506938934326,2.688975404894296,-0.011056849732995033,18.221943673383134,-0.008532039821147919,13.999447461571357,-0.1672903597354889,0.755372166633606,0.11443785578012466,1.2237541675567627,0.0014014962362125516,0.798276960849762,0.07498747855424881,0.983798623085022,0.0015910256188362837
561,1.412347435951233,25.93614379607012,0.032160282135009766,15.140039339046954,0.045122671872377396,21.614895707463653,0.01094287633895874,2.689072011827707,-0.0008537620306015015,18.22204838384142,-0.002606462687253952,14.001721697310236,0.03881654143333435,0.7554115056991577,0.11448778212070465,1.2235047817230225,0.0013955555623397231,0.7982140183448792,0.07498252391815186,0.984135091304779,0.0015884711174294353
562,1.41237211227417,25.936102246198125,0.03424632549285889,15.13999770408669,0.0637635812163353,21.613765672794674,0.010917723178863525,2.6891618376362723,0.00355391763150692,18.222153627230604,0.0019072890281677246,14.002820794446182,0.0495259165763855,0.7554313540458679,0.11450014263391495,1.22337806224823,0.0013924363302066922,0.7981677651405334,0.07498925179243088,0.9843815565109253,0.0015867258189246058
563,1.4123455286026,25.936061113732464,0.04745280742645264,15.139952944031448,0.04441017284989357,21.612635522156467,0.010912895202636719,2.6892311962730266,0.0005962103605270386,18.222240475276532,0.0023418478667736053,14.002597619330484,0.04707533121109009,0.7554441690444946,0.11447499692440033,1.2233047485351562,0.0013923865044489503,0.7981523275375366,0.07500888407230377,0.9844637513160706,0.0015860919374972582
564,1.4122734069824219,25.936018926921644,0.05130934715270996,15.139907561313361,0.013884605839848518,21.611505188198255,0.010914415121078491,2.689291746848459,-0.006623279303312302,18.222308918318824,-0.0016147308051586151,14.001241869664748,0.033661097288131714,0.7554513812065125,0.11441199481487274,1.2232741117477417,0.001395413768477738,0.7981640696525574,0.075034961104393,0.9843993782997131,0.0015862388536334038
565,1.4123508930206299,25.935975367247643,0.05034279823303223,15.139865088213948,-0.017351673915982246,21.610374545130497,0.010928362607955933,2.6893679342500185,-0.014847274869680405,18.222377361141188,-0.005936954170465469,13.999193741977997,-0.17039754986763,0.7554402947425842,0.11432314664125443,1.2233622074127197,0.0014016835484653711,0.7981852889060974,0.07506398111581802,0.9842823147773743,0.0015861641149967909
566,1.4122518301010132,25.935930668820166,0.027993202209472656,15.139828796560893,0.04675671458244324,21.609243351731457,0.010894447565078735,2.6894851230658814,-0.0010708272457122803,18.222463961128746,-0.002413783222436905,14.001535492589479,0.03638896346092224,0.755477249622345,0.11437927186489105,1.2231342792510986,0.001397885149344802,0.7981290817260742,0.07505451142787933,0.9845789670944214,0.001582706463523209
567,1.412299633026123,25.93588736009275,0.017281174659729004,15.139790758970076,0.08246318250894547,21.608111883331784,0.010876655578613281,2.6895942199634475,0.00665304996073246,18.22255213882235,0.000781625509262085,14.002750556179118,0.04826053977012634,0.7554940581321716,0.11439593881368637,1.2230325937271118,0.0013966343831270933,0.7980891466140747,0.07505214959383011,0.9847885966300964,0.001580017851665616
568,1.4122620820999146,25.935846462291916,0.02432560920715332,15.139747061472137,0.0700034350156784,21.606980222574233,0.010856837034225464,2.6896707192347016,0.0051469095051288605,18.222628300691138,-0.00023217499256134033,14.002657195461857,0.04713165760040283,0.7555117011070251,0.11437161266803741,1.2229303121566772,0.0013965759426355362,0.7980700135231018,0.07507089525461197,0.9848886728286743,0.0015788291348144412
569,1.4121994972229004,25.935806969560296,0.04027986526489258,15.139699678933688,0.027342896908521652,21.605848465283657,0.01084834337234497,2.689722762653329,-0.0030920300632715225,18.2226979037848,-0.003358233720064163,14.001411493882381,0.03470522165298462,0.7555212378501892,0.11431316286325455,1.2228822708129883,0.0013982924865558743,0.7980709075927734,0.07510268688201904,0.9848842620849609,0.0015792455524206161
570,1.4122403860092163,25.935767004916332,0.05324292182922363,15.139653853476696,-0.020745549350976944,21.60471658123425,0.010879039764404297,2.6897798113603146,-0.013899365440011024,18.22277478568663,-0.006819475442171097,13.999432822625995,-0.16891971230506897,0.7555143237113953,0.11423051357269287,1.2229381799697876,0.0014026303542777896,0.7980865240097046,0.07513917982578278,0.9847996830940247,0.0015797760570421815
571,1.4122053384780884,25.93572519878729,0.04693114757537842,15.139614942162494,0.025944514200091362,21.60358413787521,0.010826587677001953,2.6898769187502527,-0.0027627740055322647,18.22287286054298,-0.0013768412172794342,14.001820630455395,0.03834909200668335,0.755552351474762,0.11428533494472504,1.2226966619491577,0.0013966874685138464,0.798019528388977,0.07513435184955597,0.9851577877998352,0.001577081042341888
572,1.4121876955032349,25.935682414760432,0.0399547815322876,15.139576903037735,0.057178594172000885,21.60245160614431,0.010804921388626099,2.689973510962571,0.0037893056869506836,18.222967051029965,0.002523055300116539,14.003024466740085,0.05014762282371521,0.7555743455886841,0.11429927498102188,1.2225619554519653,0.0013945979299023747,0.7979773879051208,0.07513199746608734,0.9853816032409668,0.0015750343445688486
573,1.4122101068496704,25.935639505061985,0.039903879165649414,15.139536056315627,0.05314294993877411,21.601319092334904,0.010803908109664917,2.6900480549505787,0.0030778422951698303,18.223041239358853,0.0016182884573936462,14.002868648299938,0.0484214723110199,0.7555831074714661,0.11427896469831467,1.2225143909454346,0.0013953149318695068,0.7979612350463867,0.07514867931604385,0.9854661822319031,0.001574082300066948
574,1.412153959274292,25.935596482749208,0.039519548416137695,15.13949313677151,0.02675786241889,21.600186478298596,0.01079818606376648,2.690105065871058,-0.003688335418701172,18.223101227123408,-0.002916499972343445,14.001529225313071,0.03512254357337952,0.7555888891220093,0.11421777307987213,1.22249436378479,0.0013988197315484285,0.7979734539985657,0.075172558426857,0.9853993654251099,0.0015741747338324785
575,1.4121294021606445,25.935553396067867,0.036905884742736816,15.139451382307232,-0.004363426007330418,21.599053706566973,0.010809779167175293,2.6901686183294595,-0.01262190192937851,18.22316765214926,-0.007378485053777695,13.99945172002082,-0.1694164276123047,0.7555813193321228,0.1141289472579956,1.2225595712661743,0.0014045723946765065,0.7980044484138489,0.07519596815109253,0.9852303266525269,0.0015744924312457442
576,1.4121140241622925,25.935510532687516,0.022945880889892578,15.13941426358406,0.04965101554989815,21.597920545305374,0.010771304368972778,2.690267623245314,-0.0009180381894111633,18.22325884450919,-0.0025468990206718445,14.001782574293683,0.03731644153594971,0.755615770816803,0.11418550461530685,1.222341537475586,0.0013995234621688724,0.797938346862793,0.0751912072300911,0.9855825304985046,0.001571575179696083
577,1.4121226072311401,25.935469396252,0.020945310592651367,15.139375085440461,0.07314706593751907,21.596787307027274,0.010755479335784912,2.690359868967425,0.004748066887259483,18.223351842138864,0.0008938461542129517,14.002956252091591,0.0487515926361084,0.7556379437446594,0.11419897526502609,1.2222033739089966,0.0013967981794849038,0.7978920340538025,0.07519519329071045,0.9858288168907166,0.0015695469919592142
578,1.4121294021606445,25.9354300325807,0.03495323657989502,15.139331329059948,0.05288466438651085,21.59565403798265,0.010733485221862793,2.690427246455473,0.0019186250865459442,18.22343183001735,0.000903494656085968,14.002802107381704,0.04699742794036865,0.7556524276733398,0.1141756922006607,1.2221189737319946,0.0013964881654828787,0.7978699803352356,0.07521659880876541,0.9859471917152405,0.001569003681652248
579,1.4120591878890991,25.93539072459216,0.04484665393829346,15.139285783003743,0.016313889995217323,21.594520844655502,0.010736078023910522,2.69048158838461,-0.005629356950521469,18.223500050201796,-0.0028023049235343933,14.001493976276949,0.03401845693588257,0.7556589841842651,0.11411551386117935,1.222090482711792,0.0013989843428134918,0.7978790998458862,0.0752459391951561,0.9858971238136292,0.0015691386070102453
580,1.4120924472808838,25.93535037422628,0.05399620532989502,15.139242854730902,-0.026870880275964737,21.593387566474405,0.01074191927909851,2.690549253812891,-0.01566636748611927,18.22357347588628,-0.0063738711178302765,13.999468075214065,-0.17009028792381287,0.7556526064872742,0.11402823030948639,1.22214674949646,0.001404089154675603,0.7979018092155457,0.075276680290699,0.9857722520828247,0.0015693074092268944
581,1.4120509624481201,25.93530807154847,0.03528189659118652,15.139207292288857,0.036804407835006714,21.592254024711107,0.010718077421188354,2.6906623283867983,-0.0018316414207220078,18.223666862827297,-0.001181580126285553,14.001881897910728,0.03762561082839966,0.7556871175765991,0.11408553272485733,1.221932291984558,0.0014000143855810165,0.7978376746177673,0.0752684623003006,0.9861133694648743,0.0015660177450627089
582,1.412042260169983,25.935266066268376,0.024704575538635254,15.139170975784138,0.07305276393890381,21.59112036923642,0.010699272155761719,2.6907703099531144,0.0058860816061496735,18.22375605980421,0.0023026373237371445,14.003118266481673,0.04977568984031677,0.755706787109375,0.11410029232501984,1.2218128442764282,0.0013985096011310816,0.7977966666221619,0.07526751607656479,0.9863286018371582,0.00156322680413723
583,1.4120359420776367,25.935225492019033,0.02609097957611084,15.139129760869992,0.06752119958400726,21.589986682829416,0.010692030191421509,2.6908479819024214,0.005285130813717842,18.223826569027835,0.0010878145694732666,14.002989366324092,0.04837438464164734,0.7557206153869629,0.11407794058322906,1.2217363119125366,0.0013992713065817952,0.7977800369262695,0.07528313249349594,0.986415445804596,0.0015621099155396223
584,1.4119873046875,25.93518605093192,0.03625679016113281,15.139084766651646,0.02829393558204174,21.588852919093018,0.010670691728591919,2.6909003275455423,-0.0025951992720365524,18.22388543626764,-0.0035517700016498566,14.001664118532235,0.035119593143463135,0.7557303309440613,0.1140151396393776,1.2216894626617432,0.0014016975183039904,0.7977848052978516,0.07531458884477615,0.9863888025283813,0.0015622887294739485
585,1.4119946956634521,25.935146503092724,0.04476797580718994,15.139040929216712,-0.017007863149046898,21.587719184618383,0.010691463947296143,2.6909561627109517,-0.013313643634319305,18.223953718449568,-0.007875993847846985,13.999591315648294,-0.16955989599227905,0.7557232975959778,0.11393044888973236,1.2217483520507812,0.001406550989486277,0.7978071570396423,0.07534782588481903,0.9862677454948425,0.0015628811670467257
586,1.4119770526885986,25.935105912018365,0.04064226150512695,15.139003415006579,0.027867959812283516,21.586585132707185,0.010640531778335571,2.6910510035753954,-0.002193514257669449,18.224049078346123,-0.002158697694540024,14.001969323089178,0.03778943419456482,0.7557612061500549,0.11398458480834961,1.2215073108673096,0.0014005725970491767,0.7977346181869507,0.07534677535295486,0.9866558909416199,0.0015601792838424444
587,1.4119815826416016,25.935064832851474,0.03189229965209961,15.138966359588588,0.06090586632490158,21.585451206107646,0.010620325803756714,2.691143801907433,0.004322577267885208,18.224144283602232,0.0018874704837799072,14.003164950950797,0.049522191286087036,0.755780816078186,0.1139998808503151,1.221386194229126,0.0013984732795506716,0.7976951003074646,0.07534227520227432,0.9868656396865845,0.0015581053448840976
588,1.411979079246521,25.93502428008414,0.036170125007629395,15.138925851255893,0.05222327262163162,21.5843174808089,0.010617852210998535,2.691212923374023,0.0025962889194488525,18.224221937662644,0.0017782710492610931,14.002999943632803,0.04769739508628845,0.7557926177978516,0.11397560685873032,1.2213184833526611,0.0013985859695822,0.7976773381233215,0.0753621980547905,0.9869598746299744,0.0015573271084576845
589,1.4119230508804321,25.93498372232912,0.04365694522857666,15.138883240121983,0.017419805750250816,21.58318383848588,0.010618031024932861,2.691266489028122,-0.004823770374059677,18.224284239343472,-0.0023302696645259857,14.00165357455252,0.03429710865020752,0.7558010816574097,0.11391309648752213,1.221281886100769,0.0014017169596627355,0.7976884245872498,0.07538814097642899,0.9868992567062378,0.001557597192004323
590,1.4119139909744263,25.93494232274857,0.038429856300354004,15.138842805776541,-0.010797510854899883,21.582050144550244,0.01063680648803711,2.691330959947085,-0.013524141162633896,18.224350430209768,-0.006883937865495682,13.99957836561829,-0.1703961193561554,0.7557896971702576,0.11382895708084106,1.2213693857192993,0.001407459145411849,0.7977179884910583,0.07541577517986298,0.9867367744445801,0.0015575789147987962
591,1.4119013547897339,25.93490074141432,0.02656388282775879,15.138807640701767,0.04399094730615616,21.580916080891907,0.010589241981506348,2.691434540418235,-0.0008220691233873367,18.224439810042618,-0.0017032288014888763,14.001994792033438,0.03744852542877197,0.7558262944221497,0.1138855367898941,1.2211402654647827,0.0014026359422132373,0.7976502776145935,0.07540848106145859,0.9870981574058533,0.001554741756990552
592,1.4118921756744385,25.934860314560616,0.019460678100585938,15.138770790267648,0.07477284967899323,21.579782063470656,0.01056969165802002,2.6915306356227955,0.005922596901655197,18.22452770887326,0.0016576126217842102,14.003229251974188,0.04951861500740051,0.7558494806289673,0.11389929056167603,1.2209975719451904,0.0014003890100866556,0.7976062893867493,0.0754087045788765,0.9873312711715698,0.0015522688627243042
593,1.4119243621826172,25.9348217174914,0.02956974506378174,15.138728796428154,0.05879557877779007,21.57864817100506,0.01055637001991272,2.691597251442687,0.003981839865446091,18.224599728796353,0.0009489282965660095,14.003093614677349,0.04797902703285217,0.7558615803718567,0.11387746781110764,1.220928430557251,0.0014005164848640561,0.7975830435752869,0.07542824745178223,0.9874547719955444,0.0015514518599957228
594,1.411814570426941,25.934783637066925,0.04042315483093262,15.138684039176807,0.018799209967255592,21.577514408740207,0.010540097951889038,2.6916438338460282,-0.004311114549636841,18.224660505671725,-0.003357820212841034,14.00176111903989,0.034659624099731445,0.7558755278587341,0.11381329596042633,1.2208540439605713,0.001402099966071546,0.7975873351097107,0.07546163350343704,0.9874324798583984,0.0015519849257543683
595,1.4118211269378662,25.934744804346774,0.0495990514755249,15.138641497442432,-0.026842379942536354,21.57638081309814,0.010556608438491821,2.6917003712247105,-0.015139942988753319,18.224729837995802,-0.007337808609008789,13.999685323487663,-0.1701648235321045,0.7558667063713074,0.1137290820479393,1.2209237813949585,0.0014071512268856168,0.7976132035255432,0.07549435645341873,0.9872916340827942,0.0015525153139606118
596,1.4118233919143677,25.93470426117239,0.03839302062988281,15.138606333731754,0.028625814244151115,21.575247068334498,0.010522633790969849,2.691802523530374,-0.0023907795548439026,18.224824186356013,-0.0014834851026535034,14.002114948097907,0.03787460923194885,0.7558997869491577,0.11378663778305054,1.220716118812561,0.0014024755218997598,0.7975466847419739,0.07548493891954422,0.9876455664634705,0.0015493456739932299
597,1.4118365049362183,25.934663427132886,0.029311180114746094,15.138571270453822,0.06380311399698257,21.574113427570847,0.01050347089767456,2.6919026589836075,0.004911564290523529,18.224915646745014,0.002690304070711136,14.00334621250017,0.05001276731491089,0.7559177279472351,0.11380321532487869,1.2206045389175415,0.0014005404664203525,0.7975077629089355,0.07548151910305023,0.9878501892089844,0.00154683250002563
598,1.4118561744689941,25.934623345654757,0.026379942893981934,15.138532134908091,0.06280149519443512,21.5729799616688,0.010489076375961304,2.6919762304183497,0.004384765401482582,18.224986338383438,0.0015454292297363281,14.003189503436683,0.04829254746437073,0.7559317350387573,0.11377859860658646,1.2205274105072021,0.001401368877850473,0.7974860072135925,0.07550083100795746,0.9879661202430725,0.0015459805727005005
599,1.411746859550476,25.93458426800444,0.03286635875701904,15.13848944046557,0.02761617861688137,21.571846684010715,0.010483115911483765,2.6920276369427483,-0.003183819353580475,18.225043294870705,-0.0031413957476615906,14.001824585363325,0.0346856415271759,0.7559431195259094,0.11371409147977829,1.2204725742340088,0.001404225709848106,0.797497570514679,0.07552938163280487,0.9879032373428345,0.001546165207400918
600,1.411755084991455,25.93454536189141,0.041515350341796875,15.138447700492433,-0.017164986580610275,21.570713516827087,0.010508358478546143,2.692084771614864,-0.013540877029299736,18.225108321421292,-0.007404543459415436,13.999714959330001,-0.17047804594039917,0.7559351325035095,0.11362902820110321,1.2205381393432617,0.0014093175996094942,0.7975215911865234,0.07556372135877609,0.9877716898918152,0.001546588959172368
601,1.4117385149002075,25.93450563226235,0.034069061279296875,15.138412129076634,0.03182820975780487,21.569580056206885,0.010462075471878052,2.6921823077735847,-0.001776019111275673,18.225199258896588,-0.0020175091922283173,14.002141529255745,0.03755587339401245,0.7559706568717957,0.11368364840745926,1.2203115224838257,0.0014036864740774035,0.7974522709846497,0.0755554810166359,0.988142192363739,0.0015435974346473813
602,1.4117710590362549,25.93446599502481,0.021231770515441895,15.138376299569874,0.07011986523866653,21.568446704080102,0.010442346334457397,2.692276235127767,0.005430862307548523,18.22529001700255,0.0018675457686185837,14.003373800818768,0.049594342708587646,0.7559899687767029,0.113701231777668,1.2201937437057495,0.0014018279034644365,0.7974066734313965,0.07555724680423737,0.9883837103843689,0.001541287638247013
603,1.4117730855941772,25.934427885726258,0.031488656997680664,15.138335680992224,0.053815122693777084,21.56731353883259,0.010418444871902466,2.6923423497653323,0.0032107289880514145,18.22536361267168,0.0013559497892856598,14.00322292464635,0.047908633947372437,0.7560057044029236,0.11367589980363846,1.2201030254364014,0.001401904970407486,0.7973894476890564,0.07557482272386551,0.9884759187698364,0.0015407523605972528
604,1.4117035865783691,25.934389991560952,0.042043209075927734,15.138292678898203,0.014803854748606682,21.566180676372436,0.010415703058242798,2.6923909614023542,-0.004804603755474091,18.2254239784175,-0.0027824193239212036,14.001867524712265,0.03440162539482117,0.7560138702392578,0.1136145070195198,1.2200648784637451,0.0014041445683687925,0.7973935008049011,0.0756082683801651,0.9884534478187561,0.0015410048654302955
605,1.4116489887237549,25.934351093470102,0.047861576080322266,15.13825217044946,-0.026176584884524345,21.565047994214883,0.010436385869979858,2.6924511748663345,-0.014794427901506424,18.225490577063432,-0.006929472088813782,13.999769762742616,-0.17068785429000854,0.7560073137283325,0.11352764815092087,1.2201220989227295,0.0014093514764681458,0.7974262237548828,0.07563770562410355,0.9882745742797852,0.0015412360662594438
606,1.4116593599319458,25.934310626786377,0.03021073341369629,15.138218795059275,0.03725031390786171,21.56391512995564,0.010395824909210205,2.6925560269246076,-0.0011457521468400955,18.22558102263206,-0.0012182630598545074,14.002231783397086,0.03782999515533447,0.7560420632362366,0.11358395963907242,1.2199045419692993,0.0014048345619812608,0.7973567247390747,0.07562752813100815,0.9886444807052612,0.001537992269732058
607,1.4116871356964111,25.934270741876443,0.019181489944458008,15.138184276006179,0.07383497804403305,21.562782416480864,0.010388404130935669,2.6926544206464595,0.006396641954779625,18.22566787085321,0.0023343712091445923,14.003484712486697,0.050109148025512695,0.7560603022575378,0.11360163241624832,1.2197929620742798,0.0014032860053703189,0.7973164319992065,0.0756249949336052,0.9888577461242676,0.0015355633804574609
608,1.41170334815979,25.934232629120523,0.027363300323486328,15.138144348210508,0.05998195335268974,21.561649797213313,0.01036408543586731,2.692721146226354,0.004645952954888344,18.225735842830424,0.0015317052602767944,14.00333365298695,0.04844912886619568,0.7560744881629944,0.11357827484607697,1.2197129726409912,0.0014035163912922144,0.7972927093505859,0.07564624398946762,0.9889838099479675,0.001534643699415028
609,1.4116191864013672,25.93419518114679,0.039744019508361816,15.13810119541534,0.016495708376169205,21.560517403832378,0.010344654321670532,2.6927653225222037,-0.004045754671096802,18.225790333859248,-0.003364957869052887,14.00195882973332,0.03470486402511597,0.7560845613479614,0.11351460963487625,1.219661831855774,0.0014054107014089823,0.7972989082336426,0.07567807286977768,0.9889506697654724,0.0015350969042629004
610,1.4116055965423584,25.934156920609546,0.04175233840942383,15.138060339033919,-0.021019713953137398,21.55938530272553,0.010364919900894165,2.6928190230520883,-0.013955153524875641,18.225854276659692,-0.007690738886594772,13.999831911652088,-0.17074179649353027,0.756079375743866,0.11342860758304596,1.2197113037109375,0.001410548691637814,0.7973278760910034,0.07571104913949966,0.9887934923171997,0.0015357963275164366
611,1.4115972518920898,25.93411769438572,0.03553438186645508,15.138026049073535,0.028218334540724754,21.558253124569493,0.010327756404876709,2.6929153987118277,-0.0018602758646011353,18.22594585898128,-0.001903541386127472,14.00228841841793,0.03769320249557495,0.7561143636703491,0.11348391324281693,1.2194901704788208,0.0014053934719413519,0.79725581407547,0.0757020115852356,0.989178478717804,0.0015326300635933876
612,1.411643624305725,25.93407830170611,0.0261685848236084,15.13799176622274,0.06276912987232208,21.557121158322865,0.010305464267730713,2.6930086362250076,0.005117572844028473,18.226036790555067,0.0020475350320339203,14.003535587932587,0.049901336431503296,0.7561335563659668,0.11350197345018387,1.2193717956542969,0.001403335714712739,0.7972100377082825,0.07570324093103409,0.9894213080406189,0.0015303901163861156
613,1.411665678024292,25.93403982342095,0.028351664543151855,15.137953333122505,0.057252541184425354,21.555989503926362,0.01029503345489502,2.6930750036467006,0.0038021765649318695,18.226109654418227,0.0020951218903064728,14.003378992069488,0.04822245240211487,0.7561465501785278,0.1134769544005394,1.2192984819412231,0.0014036757638677955,0.7971935272216797,0.07571865618228912,0.9895094037055969,0.00152985577005893
614,1.4115378856658936,25.93400191638936,0.03626453876495361,15.137911816345053,0.019931606948375702,21.554858123172153,0.010270684957504272,2.693121680781445,-0.004169430583715439,18.226166018717425,-0.0025977231562137604,14.001999520980196,0.034495413303375244,0.7561569809913635,0.1134132519364357,1.2192469835281372,0.001405982649885118,0.797202467918396,0.07574929296970367,0.989460825920105,0.001530178589746356
615,1.41148841381073,25.933963615638746,0.03990912437438965,15.137872009522324,-0.01962720789015293,21.553727133166177,0.010304838418960571,2.6931781375274606,-0.01398901455104351,18.226228326476274,-0.007288869470357895,13.999869882027221,-0.17098870873451233,0.7561497092247009,0.11332763731479645,1.2193094491958618,0.0014113826910033822,0.797235906124115,0.07577881962060928,0.9892775416374207,0.0015303903492167592
616,1.4115206003189087,25.93392453843315,0.028059005737304688,15.137838511288031,0.03658019378781319,21.552596003422774,0.010253190994262695,2.69327737565487,-0.0011386964470148087,18.226316836221987,-0.001568090170621872,14.002349578644196,0.037710994482040405,0.7561855912208557,0.11338279396295547,1.2190841436386108,0.0014066096628084779,0.7971611618995667,0.07577170431613922,0.9896771311759949,0.0015273828757926822
617,1.4115713834762573,25.933886114873342,0.018400907516479492,15.137803913981934,0.07105014473199844,21.55146518982369,0.0102367103099823,2.6933707287899886,0.005818963050842285,18.22640355346485,0.002141200006008148,14.003612916487503,0.05008390545845032,0.7562065124511719,0.1133994609117508,1.218955397605896,0.0014043609844520688,0.797115683555603,0.07577303797006607,0.9899179339408875,0.0015248910058289766
618,1.411564588546753,25.933849384900117,0.0279238224029541,15.137764155802559,0.056059829890728,21.550334720843814,0.010207921266555786,2.6934346730696372,0.004010071977972984,18.226472153450526,0.0015069134533405304,14.003460549078397,0.048404186964035034,0.7562187910079956,0.11337830126285553,1.218885064125061,0.001404456445015967,0.7970938682556152,0.07579227536916733,0.9900347590446472,0.0015241742366924882
619,1.4114609956741333,25.933813084772773,0.039437174797058105,15.137721552148223,0.014160231687128544,21.549204756900753,0.010199487209320068,2.6934783739422694,-0.0045937709510326385,18.226527245996113,-0.0030602402985095978,14.002074767940595,0.03458666801452637,0.756230354309082,0.11331266164779663,1.2188254594802856,0.0014063614653423429,0.7971001863479614,0.07582716643810272,0.99000084400177,0.0015247761039063334
620,1.411417007446289,25.933775844651645,0.04883527755737305,15.137681452262893,-0.03238912299275398,21.54807522076087,0.010229915380477905,2.6935337009339384,-0.01516011357307434,18.226590533417824,-0.007559634745121002,13.999933211401812,-0.17112761735916138,0.756224513053894,0.11322569102048874,1.2188787460327148,0.001411538920365274,0.7971323728561401,0.07585769146680832,0.9898250699043274,0.0015251144068315625
621,1.4114673137664795,25.93373667096178,0.03325057029724121,15.137649250443815,0.029013635590672493,21.546945617873742,0.010179668664932251,2.6936362552606328,-0.0017021875828504562,18.226681310488523,-0.001734413206577301,14.002425001986582,0.03781118988990784,0.7562567591667175,0.11328373849391937,1.218675971031189,0.0014070594916120172,0.7970597147941589,0.07584702223539352,0.9902128577232361,0.0015219084452837706
622,1.411499261856079,25.93369754500111,0.015596151351928711,15.13761671581354,0.07564215362071991,21.545816385519117,0.010174840688705444,2.693734578205505,0.006796920672059059,18.22677085137773,0.0027641654014587402,14.003692394621323,0.05031934380531311,0.7562747001647949,0.11330260336399078,1.2185684442520142,0.001405879040248692,0.7970200181007385,0.07584341615438461,0.9904219508171082,0.0015193142462521791
623,1.4114874601364136,25.93366049450031,0.02617192268371582,15.13757821169985,0.058668456971645355,21.544687420892814,0.010151565074920654,2.6937994829149368,0.004684094339609146,18.22683915541553,0.0019037071615457535,14.003531957013367,0.048523128032684326,0.7562903165817261,0.1132759377360344,1.2184773683547974,0.0014056699583306909,0.7969979643821716,0.07586492598056793,0.9905394911766052,0.001518504461273551
624,1.4114086627960205,25.93362409073306,0.03551959991455078,15.13753638409107,0.01902257837355137,21.543558833968874,0.01014891266822815,2.6938416224680095,-0.003697199746966362,18.226892166978125,-0.002794262021780014,14.00213039463075,0.034549325704574585,0.7562980055809021,0.11321444064378738,1.2184423208236694,0.0014079827815294266,0.7970085144042969,0.07589364051818848,0.990482747554779,0.001519034500233829
625,1.4113413095474243,25.933587185798707,0.046466946601867676,15.13749638225893,-0.03039727918803692,21.54243049778354,0.010167509317398071,2.6938924982978403,-0.014713548123836517,18.22695246020591,-0.007591329514980316,13.999971717711919,-0.1713944375514984,0.7562947273254395,0.11312597244977951,1.2184792757034302,0.0014129019109532237,0.7970381379127502,0.07593000680208206,0.9903214573860168,0.001519588171504438
626,1.4113966226577759,25.93354855801915,0.03027474880218506,15.137464047416904,0.0313275121152401,21.541302064284263,0.010119140148162842,2.6939897658405925,-0.00150289386510849,18.22704086396096,-0.0016989074647426605,14.00247418442893,0.03770747780799866,0.7563287019729614,0.11318261921405792,1.2182648181915283,0.0014079699758440256,0.7969623804092407,0.07591929286718369,0.9907265901565552,0.0015166441444307566
627,1.411417841911316,25.933510248204254,0.01997697353363037,15.137431091735067,0.06889066100120544,21.540173956834742,0.01009395718574524,2.6940826596047494,0.00624777190387249,18.22712814833624,0.0025914087891578674,14.003749646118104,0.05023789405822754,0.7563497424125671,0.1131998747587204,1.2181370258331299,0.0014062408590689301,0.7969191670417786,0.07591886073350906,0.9909554719924927,0.0015140875475481153
628,1.4114360809326172,25.933473415461133,0.02422940731048584,15.13739298369617,0.05886547639966011,21.539046302433803,0.010084062814712524,2.694144468213347,0.004522496834397316,18.22719512940268,0.0016719065606594086,14.003592962823332,0.048509448766708374,0.7563601732254028,0.11317884176969528,1.2180776596069336,0.001406378229148686,0.7969004511833191,0.07593602687120438,0.9910553693771362,0.0015134986024349928
629,1.4113444089889526,25.933437417347008,0.038874030113220215,15.137351450623825,0.012417074292898178,21.537919047392666,0.01006859540939331,2.6941842966178022,-0.004541199654340744,18.22724794673669,-0.0031996816396713257,14.002189717795442,0.034487396478652954,0.7563720345497131,0.11311257630586624,1.2180155515670776,0.0014080385444685817,0.7969054579734802,0.07596973329782486,0.9910290837287903,0.0015140929026529193
630,1.4112670421600342,25.933400466129783,0.04289567470550537,15.137312510627375,-0.027816884219646454,21.536792205140898,0.010103613138198853,2.694236122206921,-0.014857392758131027,18.227309960050313,-0.00746149942278862,14.000027286693312,0.013922274112701416,0.7563689351081848,0.1130247637629509,1.2180534601211548,0.0014132816577330232,0.7969446182250977,0.07599793374538422,0.9908154606819153,0.0015146005898714066
631,1.4116796255111694,25.933362183483865,0.02940356731414795,15.137280836340606,-0.03755167871713638,21.535665229852874,0.010149896144866943,2.694335026988571,-0.02096899226307869,18.22739951031461,-0.008397649973630905,13.99771604521136,-0.19235342741012573,0.7563123106956482,0.11293479055166245,1.2184123992919922,0.0014220579760149121,0.796961784362793,0.07601509988307953,0.9907156825065613,0.0015130798565223813
632,1.4112629890441895,25.93332426748164,-0.007006287574768066,15.13725690622586,0.06601729989051819,21.53453750422636,0.010146617889404297,2.694497904365419,0.00011844933032989502,18.22751813620451,0.000607173889875412,14.000650958770315,0.020267754793167114,0.7563737034797668,0.11300428956747055,1.218056321144104,0.0014214968541637063,0.7969380021095276,0.07599956542253494,0.9908296465873718,0.0015077065909281373
633,1.41133713722229,25.933290923588316,-0.024022698402404785,15.13722723784119,0.13177408277988434,21.533409020256233,0.010124117136001587,2.694644233332283,0.014809347689151764,18.227622267040534,0.007853668183088303,14.002766192507401,0.040772974491119385,0.7563961148262024,0.11304601281881332,1.2179230451583862,0.00142046925611794,0.7968826293945312,0.0759909600019455,0.9911177754402161,0.0015028873458504677
634,1.4113117456436157,25.933263686122594,0.004889130592346191,15.137184305982007,0.10786773264408112,21.532279984067902,0.010086268186569214,2.694723859971783,0.015943052247166634,18.22768052239174,0.007666058838367462,14.003606606877595,0.04883226752281189,0.7564299702644348,0.11304671317338943,1.2177140712738037,0.0014166858745738864,0.7968247532844543,0.07601726055145264,0.9914274215698242,0.0015007304027676582
635,1.4112855195999146,25.93323857500777,0.05930650234222412,15.137132349516081,0.01757236011326313,21.53115075236277,0.009999871253967285,2.694739333741517,0.004884460940957069,18.227698258273783,0.00048730894923210144,14.003086672161414,0.04308763146400452,0.7564638257026672,0.11300529539585114,1.2175041437149048,0.0014125502202659845,0.7967721223831177,0.07607094943523407,0.9917169213294983,0.001501609804108739
636,1.411202073097229,25.933209013703333,0.0981827974319458,15.137083373799634,-0.07181766629219055,21.530022187150397,0.009956598281860352,2.69473601828009,-0.009710285812616348,18.227712026257215,-0.008704308420419693,14.001490293660042,0.027034252882003784,0.7564858794212341,0.11293483525514603,1.2173728942871094,0.0014112878125160933,0.7967562079429626,0.07612352818250656,0.9918088912963867,0.001503575942479074
637,1.4113306999206543,25.93317088331911,0.10064923763275146,15.137048107129889,-0.11231823265552521,21.528894587161297,0.009968221187591553,2.694767373824635,-0.020763736218214035,18.227763970640233,-0.013379715383052826,13.999343606834495,-0.17867490649223328,0.756464421749115,0.11285463720560074,1.2175146341323853,0.0014161390718072653,0.7967791557312012,0.07614795118570328,0.9916860461235046,0.0015047098277136683
638,1.4112228155136108,25.93312473128613,0.04458916187286377,15.137030201976456,0.007940465584397316,21.52776761095304,0.009954661130905151,2.6948691373573292,-0.0014107022434473038,18.227871613149773,-0.004063520580530167,14.002094239124874,0.03285259008407593,0.7565001249313354,0.112920843064785,1.2172985076904297,0.0014134627999737859,0.7967368364334106,0.07611346244812012,0.9919084906578064,0.0015014780219644308
639,1.4112910032272339,25.93307791806464,-0.00690913200378418,15.137013088761611,0.10881061851978302,21.5266412314956,0.009973526000976562,2.6949658214981964,0.012415253557264805,18.22798709217426,0.00532107800245285,14.003710433411229,0.04894271492958069,0.756506621837616,0.1129537895321846,1.2172620296478271,0.0014137282269075513,0.7967128157615662,0.07608257234096527,0.9920327067375183,0.001499045523814857
640,1.4112657308578491,25.933036553162644,-0.022444725036621094,15.136984206634711,0.13032330572605133,21.525515062738357,0.009957283735275269,2.6950088802121095,0.013271174393594265,18.228066884971195,0.007362408563494682,14.003881114476698,0.050508737564086914,0.7565155625343323,0.1129428967833519,1.217207670211792,0.0014131627976894379,0.796699047088623,0.07608302682638168,0.9921072125434875,0.001498761703260243
641,1.4111824035644531,25.933001924742474,-0.0023061037063598633,15.136942042321888,0.07471498101949692,21.52438914880562,0.009912818670272827,2.6950005382853877,0.0020077917724847794,18.22810518813915,0.0020600147545337677,14.002707114833104,0.038405418395996094,0.7565350532531738,0.11288692057132721,1.217090368270874,0.0014116823440417647,0.7966875433921814,0.07611792534589767,0.9921765327453613,0.0015010546194389462
642,1.411139965057373,25.932970997703702,0.034647464752197266,15.136894789759184,-0.017294129356741905,21.523263845606873,0.009903818368911743,2.6949858839284464,-0.01494545117020607,18.228130289977518,-0.006140422075986862,14.000638826997136,0.018144071102142334,0.756543755531311,0.11280546337366104,1.2170400619506836,0.001411582576110959,0.7966887354850769,0.07616738975048065,0.9921783208847046,0.0015039958525449038
643,1.4114090204238892,25.932939051031337,0.05888211727142334,15.136854364283032,-0.08558624237775803,21.522139077635053,0.009884566068649292,2.695025875616745,-0.028429614380002022,18.22818097645015,-0.011159494519233704,13.998297470599685,-0.1890966296195984,0.7565150856971741,0.1127118244767189,1.2172191143035889,0.001415155827999115,0.7966902852058411,0.07620208710432053,0.9921708106994629,0.001504638814367354
644,1.411107063293457,25.9329033225559,0.02826225757598877,15.136828578005495,0.00366988405585289,21.521014892022105,0.009866476058959961,2.6951632006867996,-0.009684523567557335,18.22827771183962,-0.004370946437120438,14.00117144958667,0.02313104271888733,0.7565743327140808,0.11277799308300018,1.2168693542480469,0.0014129856135696173,0.7966465353965759,0.07619048655033112,0.9923954010009766,0.001499831909313798
645,1.4111789464950562,25.932867795533134,-0.004095554351806641,15.136804889411268,0.08916918933391571,21.51989131864168,0.009876936674118042,2.695321465670722,0.0072070639580488205,18.228384889316796,0.003363940864801407,14.003150760129984,0.042552679777145386,0.7565897703170776,0.11281732469797134,1.2167853116989136,0.0014143043663352728,0.7966057062149048,0.07617533206939697,0.9926021695137024,0.0014944750582799315
646,1.411210536956787,25.932836271733915,-0.004047036170959473,15.136772443679542,0.1072150468826294,21.518768064050604,0.009876638650894165,2.69543832117002,0.012905079871416092,18.228466023610668,0.006206359714269638,14.0038107051227,0.04920884966850281,0.756604015827179,0.11281537264585495,1.216707468032837,0.0014154609525576234,0.7965770959854126,0.07618590444326401,0.9927483201026917,0.001491259434260428
647,1.411132574081421,25.932808349426185,0.019398808479309082,15.136729847122293,0.06138980761170387,21.517644984634455,0.009833216667175293,2.6954974756111705,0.0071371980011463165,18.22851062915704,0.0015857946127653122,14.003105055640987,0.04200947284698486,0.756626546382904,0.1127680093050003,1.2165772914886475,0.001415492151863873,0.7965567708015442,0.07622415572404861,0.9928563833236694,0.0014904460404068232
648,1.411078929901123,25.93278089490832,0.06113767623901367,15.136683809501978,-0.02618570066988468,21.516522436558027,0.00981360673904419,2.6955252335649975,-0.006591323763132095,18.228543528608217,-0.005427639931440353,14.00135826764603,0.024757325649261475,0.7566394805908203,0.11269184201955795,1.2165067195892334,0.0014162957668304443,0.796554446220398,0.07627461105585098,0.9928709864616394,0.0014914340572431684
649,1.4111825227737427,25.932748909721038,0.06795120239257812,15.136645603185833,-0.07088461518287659,21.515400473343902,0.00983777642250061,2.6955738504318867,-0.017230048775672913,18.228598138585426,-0.010185621678829193,13.99912907993778,-0.18169549107551575,0.756619930267334,0.11260347813367844,1.2166378498077393,0.0014212720561772585,0.7965741157531738,0.07630603015422821,0.9927636384963989,0.0014917819062247872
650,1.4110385179519653,25.932712026244218,0.04655587673187256,15.1366200453134,0.005687866825610399,21.51427864971599,0.009797006845474243,2.6956794298955473,-0.0013359226286411285,18.2286942462546,-0.0023393407464027405,14.001933477485169,0.03021422028541565,0.7566701769828796,0.11266676336526871,1.2163316011428833,0.0014168091583997011,0.7965115308761597,0.07629404217004776,0.9930952191352844,0.0014882541727274656
651,1.4111343622207642,25.932673263837593,0.016988754272460938,15.136596307173878,0.07726079970598221,21.5131572974055,0.009782850742340088,2.6957793458008448,0.010869069024920464,18.22879161814733,0.004468291997909546,14.003659199011295,0.047145992517471313,0.7566819787025452,0.11270465701818466,1.216260552406311,0.001415997394360602,0.796469509601593,0.07627744972705841,0.9933163523674011,0.001485266606323421
652,1.411106824874878,25.93263632021409,0.006910204887390137,15.136565239161827,0.09365348517894745,21.512036415340656,0.00977414846420288,2.695830311424332,0.012447092682123184,18.22885872383045,0.005654122680425644,14.003963070374217,0.05005672574043274,0.7566994428634644,0.1126931756734848,1.216156244277954,0.0014150675851851702,0.7964461445808411,0.07628340274095535,0.9934423565864563,0.0014846838312223554
653,1.4110428094863892,25.932602213339077,0.028339624404907227,15.136525501023762,0.03851450979709625,21.510915941162402,0.009727150201797485,2.695831459161943,0.001961728557944298,18.228893061688034,0.00022544711828231812,14.002907508997183,0.039171576499938965,0.7567166090011597,0.11264152824878693,1.2160536050796509,0.0014138633850961924,0.7964333295822144,0.07631700485944748,0.9935171008110046,0.0014864440308883786
654,1.4110075235366821,25.93256810679395,0.0466388463973999,15.136484863169072,-0.026921072974801064,21.50979625279121,0.009707450866699219,2.695825429977917,-0.011958496645092964,18.228922955405558,-0.006939101964235306,14.000915274276482,0.019707053899765015,0.7567206025123596,0.11256451159715652,1.2160342931747437,0.0014148581540212035,0.7964426279067993,0.07635769993066788,0.9934733510017395,0.0014889889862388372
655,1.4112186431884766,25.932531813351897,0.043396592140197754,15.136451634977577,-0.059905219823122025,21.508677382197508,0.009743094444274902,2.695863099607291,-0.022568879649043083,18.228982011149334,-0.010641828179359436,13.998596011625676,-0.18744441866874695,0.7566908001899719,0.1124720498919487,1.2162256240844727,0.0014199750730767846,0.7964598536491394,0.07638156414031982,0.9933801889419556,0.001489771530032158
656,1.4109489917755127,25.93249393120965,0.010192394256591797,15.136429236404764,0.0342799574136734,21.507558730303547,0.009699016809463501,2.6959784663069595,-0.004171311855316162,18.2290845323831,-0.0023173093795776367,14.001496580356045,0.02523660659790039,0.7567439079284668,0.11254227161407471,1.2159078121185303,0.001416986109688878,0.7964189648628235,0.076357901096344,0.9935929179191589,0.0014857996720820665
657,1.4110357761383057,25.932458583017144,-0.011157035827636719,15.136404738778534,0.10236413031816483,21.506440662606845,0.009694993495941162,2.696097470046134,0.00908510759472847,18.22918764731114,0.005586281418800354,14.003437522542919,0.044202715158462524,0.7567611932754517,0.11258295923471451,1.2158044576644897,0.0014160218415781856,0.7963700890541077,0.07634750753641129,0.9938486814498901,0.00148195237852633
658,1.411022424697876,25.93242807217447,-0.0035015344619750977,15.136369760689387,0.10276161879301071,21.505323053727917,0.009662717580795288,2.696171837307249,0.011211562901735306,18.229254605657726,0.0066239722073078156,14.004007489469691,0.049743860960006714,0.75678551197052,0.11257462948560715,1.2156587839126587,0.0014145171735435724,0.7963301539421082,0.07636452466249466,0.9940609931945801,0.0014802176738157868
659,1.4109634160995483,25.93240100352329,0.03435027599334717,15.136325276864609,0.03305692598223686,21.504206112573282,0.009623855352401733,2.6961982596849703,0.0016690846532583237,18.22928413851571,0.000835128128528595,14.003193335637997,0.0412786602973938,0.7568081021308899,0.11252933740615845,1.2155238389968872,0.00141308328602463,0.7963041067123413,0.07640641182661057,0.9942048788070679,0.0014809344429522753
660,1.4109230041503906,25.932372496032084,0.06466555595397949,15.136281023069103,-0.0443117581307888,21.503090103203927,0.009605586528778076,2.6962160173515173,-0.01156654767692089,18.22930685943348,-0.007236145436763763,14.001357098818211,0.023199141025543213,0.7568203806877136,0.11245174705982208,1.2154570817947388,0.0014140319544821978,0.7963034510612488,0.07645486295223236,0.9942113161087036,0.0014821768272668123
661,1.4110299348831177,25.93233904779486,0.06401050090789795,15.13624675818894,-0.07970735430717468,21.50197502941088,0.009618520736694336,2.6962739648939102,-0.021226713433861732,18.229361037029005,-0.011903472244739532,13.999082395502445,-0.183682382106781,0.7567960023880005,0.11236191540956497,1.2156198024749756,0.0014199928846210241,0.796330988407135,0.07648072391748428,0.9940592050552368,0.0014820959186181426
662,1.4109339714050293,25.93230121902823,0.027004599571228027,15.136225980095839,0.020769303664565086,21.500860538561703,0.009603828191757202,2.696403235379232,-0.0018888376653194427,18.229465353666075,-0.003036990761756897,14.00194741535258,0.02899622917175293,0.7568349838256836,0.11243174225091934,1.2153880596160889,0.0014181110309436917,0.7962812781333923,0.07646017521619797,0.9943181276321411,0.0014776262687519193
663,1.4109859466552734,25.93226388859969,-0.005976200103759766,15.136204628067443,0.10268278419971466,21.499746628599205,0.009614616632461548,2.6965265635019264,0.012329066172242165,18.229573511846056,0.005389202386140823,14.003752287278335,0.04683753848075867,0.7568503618240356,0.1124664694070816,1.2152990102767944,0.0014181847218424082,0.7962424159049988,0.07644222676753998,0.9945183992385864,0.00147360865958035
664,1.4109550714492798,25.932230976389928,-0.004574894905090332,15.136172363333358,0.10926465690135956,21.498633006308435,0.00958290696144104,2.6965928200705487,0.014239173382520676,18.22964577264865,0.007088392972946167,14.004123163711954,0.05048862099647522,0.7568691968917847,0.1124555692076683,1.215187668800354,0.0014173589879646897,0.796216607093811,0.07645232230424881,0.9946553111076355,0.0014723268104717135
665,1.4108877182006836,25.932201876491423,0.02731490135192871,15.1361294176875,0.042255181819200516,21.497519894289542,0.009542346000671387,2.696600656816092,0.003460502251982689,18.22967771851002,0.001203250139951706,14.003103064576276,0.03994211554527283,0.7568915486335754,0.1124027892947197,1.2150535583496094,0.0014157069381326437,0.7961960434913635,0.07649422436952591,0.9947720766067505,0.0014738242607563734
666,1.410835862159729,25.93217236273379,0.061139822006225586,15.136085354553355,-0.044064413756132126,21.49640759537441,0.009515881538391113,2.6965951018641037,-0.012323429808020592,18.22970086540108,-0.0069817304611206055,14.001111693221137,0.0203569233417511,0.7568991780281067,0.11232373863458633,1.2150105237960815,0.0014158579288050532,0.7961989641189575,0.07654263824224472,0.9947617650032043,0.0014760444173589349
667,1.411022663116455,25.932138385919284,0.06392300128936768,15.13605126499352,-0.08534731715917587,21.49529622147115,0.00952795147895813,2.6966350686112603,-0.02344585210084915,18.229754443237496,-0.011447723954916,13.99877053243876,-0.18714258074760437,0.7568719983100891,0.11223161220550537,1.2151857614517212,0.0014208581997081637,0.796217143535614,0.07657003402709961,0.9946638345718384,0.001476859673857689
668,1.4107918739318848,25.93210004404827,0.02557361125946045,15.136031426119107,0.016669735312461853,21.494185431061897,0.009518086910247803,2.6967567234080416,-0.004150327295064926,18.22985642480132,-0.0025566481053829193,14.001693029515488,0.02593711018562317,0.7569192051887512,0.11230412870645523,1.2149057388305664,0.0014188436325639486,0.7961763739585876,0.07654418051242828,0.9948742985725403,0.0014724755892530084
669,1.4109113216400146,25.932062404713346,-0.01492297649383545,15.13601142690412,0.10923061519861221,21.493075168578866,0.00951281189918518,2.696881501809531,0.011898939497768879,18.229960310340534,0.005410145968198776,14.00362815417962,0.0449807345867157,0.7569331526756287,0.11234419792890549,1.2148263454437256,0.0014191551599651575,0.79613196849823,0.07652593404054642,0.9951055645942688,0.0014685684582218528
670,1.4109188318252563,25.932030303183257,-0.015657901763916016,15.135979464613875,0.119930699467659,21.49196533132466,0.009488523006439209,2.6969503614108907,0.01445859856903553,18.230028467021732,0.007173426449298859,14.004160191359432,0.05016025900840759,0.756952166557312,0.11233886331319809,1.214713454246521,0.0014181778533384204,0.7960990071296692,0.07653738558292389,0.9952802658081055,0.0014668693765997887
671,1.410840392112732,25.93200328183135,0.020877838134765625,15.135935342880439,0.04951534420251846,21.490856046140784,0.009438693523406982,2.6969594186013435,0.003946635872125626,18.230056109981955,0.001354895532131195,14.003287465466471,0.041075557470321655,0.7569755911827087,0.11229132115840912,1.2145700454711914,0.0014158919220790267,0.7960736155509949,0.076579749584198,0.99542236328125,0.001468139817006886
672,1.410750150680542,25.931976402248647,0.06673645973205566,15.135889258545392,-0.05136039853096008,21.489747722671186,0.009395956993103027,2.696953102159004,-0.012721842154860497,18.230074630921393,-0.007549814879894257,14.00139302512534,0.022318989038467407,0.756992757320404,0.11221141368150711,1.2144687175750732,0.0014150628121569753,0.7960667610168457,0.07663297653198242,0.9954662919044495,0.0014705624198541045
673,1.410903811454773,25.93194407288156,0.07383859157562256,15.135854317145974,-0.09641511738300323,21.488640649191655,0.009416192770004272,2.6969941229302266,-0.023959264159202576,18.230126921798597,-0.011563073843717575,13.99908353647736,-0.18503668904304504,0.7569695115089417,0.11212114244699478,1.214619517326355,0.0014195396797731519,0.7960869073867798,0.07666533440351486,0.9953568577766418,0.0014709718525409698
674,1.4107565879821777,25.931905961170653,0.029179692268371582,15.135835196699729,0.013482269831001759,21.487534358085412,0.009398281574249268,2.697119141430908,-0.0035505909472703934,18.23022861885808,-0.0030352212488651276,14.00200233747031,0.028253555297851562,0.7570142149925232,0.11218992620706558,1.21435546875,0.0014178460696712136,0.7960401177406311,0.07663887739181519,0.9956007599830627,0.0014668464427813888
675,1.410803198814392,25.931868071088857,-0.008327722549438477,15.135816240768246,0.10230618715286255,21.48642886924366,0.00941324234008789,2.69724483631579,0.011700666509568691,18.230334582912175,0.005519289523363113,14.00386806240595,0.046697646379470825,0.7570272088050842,0.11222799122333527,1.2142828702926636,0.001418568193912506,0.7960065007209778,0.07661603391170502,0.995771586894989,0.0014625133480876684
676,1.4108332395553589,25.9318349507585,-0.011677742004394531,15.135786022238864,0.11456100642681122,21.485323820035845,0.009389787912368774,2.697314983513196,0.01401161402463913,18.230403938983006,0.0072750188410282135,14.00428517831368,0.050766706466674805,0.7570363283157349,0.1122259646654129,1.2142301797866821,0.0014184763422235847,0.7959781885147095,0.07662511616945267,0.9959216117858887,0.0014610389480367303
677,1.4107630252838135,25.93180653756113,0.015980124473571777,15.135744068016157,0.053050607442855835,21.484219329073984,0.00934290885925293,2.6973265230821206,0.004226183518767357,18.23043197381937,0.0009141191840171814,14.003285896601346,0.04047119617462158,0.7570635676383972,0.11216802895069122,1.2140674591064453,0.0014168889028951526,0.7959584593772888,0.07666675001382828,0.99603271484375,0.0014623672468587756
678,1.4106892347335815,25.931778987096497,0.05832111835479736,15.13569944282387,-0.043001215904951096,21.48311577580072,0.009316742420196533,2.697321322579471,-0.012325624004006386,18.230452897825884,-0.00709148496389389,14.001288431214117,0.020819425582885742,0.7570741772651672,0.11208779364824295,1.2140064239501953,0.0014168181223794818,0.79595947265625,0.07671649754047394,0.9960331320762634,0.0014645849587395787
679,1.4108388423919678,25.931747033084406,0.06116187572479248,15.135664779553348,-0.08519062399864197,21.482013262381553,0.009332925081253052,2.697362171119105,-0.023524897173047066,18.23050539690681,-0.011864140629768372,13.998923894582035,-0.1870346963405609,0.7570489048957825,0.11199619621038437,1.214170217514038,0.0014216162962839007,0.7959808707237244,0.0767456442117691,0.9959167838096619,0.0014650942757725716
680,1.4106615781784058,25.93171075683383,0.028258085250854492,15.13564453788882,0.012026158161461353,21.480911388668982,0.009324193000793457,2.6974859667290203,-0.004298698157072067,18.23060904521976,-0.0025697462260723114,14.001871626612564,0.026449382305145264,0.7570990324020386,0.11206433922052383,1.2138721942901611,0.0014191492227837443,0.7959292531013489,0.0767265111207962,0.9961859583854675,0.0014606146141886711
681,1.4107253551483154,25.9316746117822,-0.006592273712158203,15.135624749355232,0.09929658472537994,21.47981008399923,0.009315848350524902,2.697613408321664,0.01140234898775816,18.230714641165005,0.005974382162094116,14.003808722827136,0.04557320475578308,0.7571139931678772,0.11210416257381439,1.2137868404388428,0.0014194643590599298,0.7958899736404419,0.07670621573925018,0.9963879585266113,0.0014564612647518516
682,1.4107662439346313,25.931642857070635,-0.012421727180480957,15.13559408952334,0.11612173914909363,21.478709280395915,0.009294897317886353,2.6976859707335414,0.014828192070126534,18.230781339645088,0.007476840168237686,14.004314596076597,0.05051359534263611,0.7571266889572144,0.1121029481291771,1.2137128114700317,0.0014191399095579982,0.7958616614341736,0.07671494036912918,0.9965382814407349,0.0014549096813425422
683,1.410703420639038,25.93161577442311,0.024268627166748047,15.135551446148025,0.04358091577887535,21.47760906395461,0.009248912334442139,2.697696341851818,0.0040300153195858,18.23080580820389,0.0009217560291290283,14.003395520249258,0.040950506925582886,0.7571521401405334,0.11205200105905533,1.2135589122772217,0.0014171312795951962,0.7958340048789978,0.0767604261636734,0.9966930747032166,0.0014561440329998732
684,1.4106276035308838,25.931588391992943,0.060379862785339355,15.135507384965745,-0.04542670398950577,21.476509805223223,0.009214669466018677,2.697690721951874,-0.01171853020787239,18.23082345633739,-0.007672354578971863,14.001451970985705,0.021771490573883057,0.7571625709533691,0.11197279393672943,1.2134993076324463,0.0014172149822115898,0.7958362698554993,0.07680805027484894,0.9966860413551331,0.0014581771101802588
685,1.410728931427002,25.931556292751395,0.06810557842254639,15.135473578189318,-0.09202232211828232,21.47541170178057,0.009229212999343872,2.6977292134396973,-0.023291978985071182,18.230875981804125,-0.011769447475671768,13.99910733969312,-0.18599948287010193,0.7571405172348022,0.1118815615773201,1.2136446237564087,0.0014218505239114165,0.7958588600158691,0.07683728635311127,0.9965633153915405,0.001458850922062993
686,1.4106277227401733,25.931518984967813,0.02617931365966797,15.13545506158738,0.015756135806441307,21.47431436126712,0.009218305349349976,2.697850547750785,-0.003174576908349991,18.230979543762167,-0.0026322975754737854,14.002069184968569,0.027744412422180176,0.7571834921836853,0.11195327341556549,1.2133888006210327,0.0014197798445820808,0.795806884765625,0.0768144279718399,0.9968351721763611,0.0014544847654178739
687,1.4106849431991577,25.93148214608725,-0.013153314590454102,15.135436333391418,0.10724323987960815,21.473217728124386,0.009212255477905273,2.697971681444286,0.01240300852805376,18.23108543476141,0.005929537117481232,14.003980172594469,0.04664906859397888,0.7571985125541687,0.11199266463518143,1.213302493095398,0.0014200903242453933,0.7957691550254822,0.0767933800816536,0.9970296621322632,0.0014505881117656827
688,1.410713791847229,25.931450581235953,-0.012354850769042969,15.135405517878382,0.11435947567224503,21.472121695566237,0.009196609258651733,2.698034573516808,0.014251859858632088,18.231152440646994,0.00748838298022747,14.004427173280426,0.05096602439880371,0.7572121620178223,0.11198914051055908,1.213221549987793,0.0014193238457664847,0.7957396507263184,0.07680298388004303,0.9971869587898254,0.0014492908958345652
689,1.4106193780899048,25.931423670795773,0.019321441650390625,15.135362872699234,0.047139741480350494,21.471026280215323,0.009150832891464233,2.6980380494681655,0.0034432802349328995,18.23117691451008,0.0012724138796329498,14.003436104949785,0.04071807861328125,0.7572385668754578,0.11193350702524185,1.2130602598190308,0.0014168417546898127,0.7957149147987366,0.07684781402349472,0.997326672077179,0.0014508940512314439
690,1.4105488061904907,25.931397037444697,0.06331455707550049,15.135318312319283,-0.05248597264289856,21.469931851579194,0.009106844663619995,2.698028318737058,-0.01350526511669159,18.23119285826324,-0.007434859871864319,14.001428732738837,0.020921140909194946,0.7572507262229919,0.11185278743505478,1.2129900455474854,0.0014165786560624838,0.7957149147987366,0.07689792662858963,0.9973332285881042,0.0014532943023368716
691,1.4106816053390503,25.93136520492623,0.07081198692321777,15.135285012257642,-0.09913188219070435,21.468838722583342,0.009132951498031616,2.6980700512562263,-0.024724619463086128,18.23124292913465,-0.012064635753631592,13.999047076052506,-0.18715935945510864,0.7572265863418579,0.11176063120365143,1.2131470441818237,0.0014215114060789347,0.7957406640052795,0.07692628353834152,0.9971926808357239,0.0014537724200636148
692,1.4105268716812134,25.931327751509453,0.023229241371154785,15.135267952572555,0.01593979448080063,21.467746350584953,0.009117603302001953,2.698200191224025,-0.003664568066596985,18.23134603848137,-0.002943728119134903,14.0020315394478,0.02681601047515869,0.7572703957557678,0.11183249950408936,1.2128900289535522,0.001420124201104045,0.7956932783126831,0.07690008729696274,0.9974378943443298,0.0014490023022517562
693,1.4105924367904663,25.93129112809671,-0.01453244686126709,15.135250500660902,0.10836021602153778,21.466654734848586,0.009118109941482544,2.698331164509656,0.01263001561164856,18.231453095873203,0.006213080137968063,14.00398475574427,0.04611322283744812,0.7572854161262512,0.1118711605668068,1.2128064632415771,0.001421034219674766,0.7956547141075134,0.07687991112470627,0.9976350665092468,0.001444534515030682
694,1.4106009006500244,25.931259938606505,-0.01940333843231201,15.13522060485099,0.12365669012069702,21.465563687954756,0.0091019868850708,2.6984017901578894,0.015825167298316956,18.231519614878202,0.0076228901743888855,14.004478451839459,0.05098778009414673,0.7573009729385376,0.11186681687831879,1.2127149105072021,0.0014206120977178216,0.7956271767616272,0.07688897848129272,0.9977809190750122,0.0014429317088797688
695,1.4105554819107056,25.93123425181248,0.017150402069091797,15.13517748143478,0.050868187099695206,21.464473237496357,0.00905558466911316,2.6984060059912403,0.004724685102701187,18.231542784892202,0.0012763235718011856,14.003522243790364,0.041044920682907104,0.7573248147964478,0.11181775480508804,1.2125693559646606,0.0014182633021846414,0.7955999970436096,0.07693325728178024,0.9979339241981506,0.0014444973785430193
696,1.4105080366134644,25.93120897672832,0.06627070903778076,15.135131964823227,-0.05578463524580002,21.46338376676788,0.009013593196868896,2.6983920489339304,-0.013148801401257515,18.231557498257466,-0.007528442889451981,14.001532019668298,0.02134042978286743,0.75733882188797,0.11173546314239502,1.2124860286712646,0.0014171741204336286,0.7955960035324097,0.0769866555929184,0.9979626536369324,0.001446975744329393
697,1.410606861114502,25.931177952696114,0.06924664974212646,15.135098277451497,-0.097727932035923,21.46229556995722,0.009038805961608887,2.698428936770941,-0.02421574853360653,18.231607127466244,-0.01226644217967987,13.999151572327214,-0.18683215975761414,0.7573115229606628,0.11164694279432297,1.2126601934432983,0.0014219701988622546,0.7956196069717407,0.07701896131038666,0.9978349804878235,0.0014477920485660434
698,1.4104888439178467,25.93114137024312,0.03167569637298584,15.135080762393882,0.006154809147119522,21.461208116786892,0.009021610021591187,2.6985533517570883,-0.004088776186108589,18.23171116309793,-0.0028679482638835907,14.002152326642728,0.027370214462280273,0.7573561668395996,0.11171944439411163,1.212397813796997,0.001420535845682025,0.7955704927444458,0.07699166983366013,0.9980901479721069,0.0014432357857003808
699,1.4105437994003296,25.931104460313488,-0.010873556137084961,15.135064174088356,0.10436208546161652,21.46012143192818,0.00901174545288086,2.698680848046888,0.012308493256568909,18.231818772578002,0.006743662059307098,14.004101464472823,0.04667240381240845,0.7573693990707397,0.11175918579101562,1.212325096130371,0.0014214286347851157,0.7955353856086731,0.07696693390607834,0.9982690811157227,0.0014388529816642404
700,1.410548448562622,25.931072566654198,-0.018154501914978027,15.135035497494794,0.12191306054592133,21.45903545096646,0.008990108966827393,2.6987492696878164,0.01570187509059906,18.23188303775168,0.007888779044151306,14.00457009625217,0.051294028759002686,0.7573866844177246,0.11175359785556793,1.2122231721878052,0.00142084457911551,0.79550701379776,0.07697747647762299,0.9984188675880432,0.0014372385339811444
701,1.4104942083358765,25.93104610393348,0.01430821418762207,15.134993605304699,0.052868980914354324,21.457950255999002,0.008954286575317383,2.698751609378067,0.004919599741697311,18.231902667015806,0.0011125467717647552,14.003576272516653,0.040963828563690186,0.7574097514152527,0.1117020696401596,1.2120834589004517,0.001418917439877987,0.7954828143119812,0.07701981067657471,0.998555600643158,0.0014387170085683465
702,1.4104067087173462,25.93102047293714,0.06070733070373535,15.134948894438576,-0.05170396342873573,21.456866090247743,0.008909761905670166,2.6987351189993483,-0.012881917878985405,18.2319149487943,-0.008107796311378479,14.001549112921001,0.02095651626586914,0.757423460483551,0.11162038892507553,1.2120007276535034,0.0014178019482642412,0.7954811453819275,0.0770730972290039,0.998572826385498,0.0014415194746106863
703,1.4105453491210938,25.93098977609928,0.06715202331542969,15.134915438400714,-0.09733458608388901,21.455783277293737,0.008935540914535522,2.6987690103779114,-0.024454640224575996,18.23196542066334,-0.01235198974609375,13.999143266603955,-0.18753302097320557,0.7573972344398499,0.11152887344360352,1.2121690511703491,0.0014225199120119214,0.7955082058906555,0.07710064947605133,0.9984260201454163,0.0014422537060454488
704,1.4104183912277222,25.930953699716813,0.026004672050476074,15.134898156609472,0.010720960795879364,21.45470127169947,0.00891643762588501,2.698892175083636,-0.004196790978312492,18.232070985664556,-0.002804029732942581,14.002164591326572,0.02689346671104431,0.7574412226676941,0.11160366982221603,1.2119091749191284,0.0014205907937139273,0.7954545021057129,0.07707769423723221,0.9987067580223083,0.0014378101332113147
705,1.410494327545166,25.93091793424466,-0.014706969261169434,15.134881169904613,0.10715232044458389,21.45362011698063,0.00891616940498352,2.69901904584557,0.012212051078677177,18.232179743936708,0.006765659898519516,14.004141927730585,0.04645314812660217,0.7574554681777954,0.11164361983537674,1.2118297815322876,0.0014214565744623542,0.7954157590866089,0.0770566314458847,0.9989059567451477,0.0014334943844005466
706,1.4104896783828735,25.930887561623944,-0.013395547866821289,15.134851683299406,0.1157168373465538,21.452539627834145,0.008904218673706055,2.69908699255999,0.01495975162833929,18.232244741470016,0.008348565548658371,14.004636032333998,0.05133849382400513,0.7574743032455444,0.11163798719644547,1.2117189168930054,0.0014207118656486273,0.7953853011131287,0.07706759870052338,0.9990677237510681,0.001431928714737296
707,1.4104276895523071,25.930861884258757,0.021602511405944824,15.13480978690099,0.043315429240465164,21.451459776987644,0.008852124214172363,2.6990913704165704,0.003842594102025032,18.232262558712968,0.0014079101383686066,14.003657333362595,0.04115918278694153,0.7574968934059143,0.11158639937639236,1.2115802764892578,0.0014184033498167992,0.795361340045929,0.07710988819599152,0.9992020726203918,0.0014332648133859038
708,1.4103655815124512,25.930836031829955,0.060302734375,15.134766298072517,-0.05146355926990509,21.450381020538945,0.00882074236869812,2.699080701321735,-0.012515494599938393,18.232271733127448,-0.008122634142637253,14.00163312457972,0.021204978227615356,0.7575089335441589,0.11150623857975006,1.211511254310608,0.0014183217426761985,0.795360267162323,0.07716159522533417,0.9992146492004395,0.0014357722830027342
709,1.410475492477417,25.930805141431524,0.061543941497802734,15.134733951821483,-0.09159926325082779,21.44930352249577,0.008833259344100952,2.6991187319235794,-0.02348587103188038,18.232319712275487,-0.012842800468206406,13.999220355441304,-0.18739309906959534,0.7574824094772339,0.11141545325517654,1.2116822004318237,0.001423135632649064,0.7953900694847107,0.077189601957798,0.9990525245666504,0.0014363329391926527
710,1.4103695154190063,25.930769548344063,0.025482892990112305,15.134716984169211,0.011403827928006649,21.448226904981674,0.008822321891784668,2.699242483921674,-0.003593107685446739,18.23242579021293,-0.0029029324650764465,14.002255595376035,0.02725052833557129,0.7575265169143677,0.11148927360773087,1.2114208936691284,0.0014212398091331124,0.7953354120254517,0.07716737687587738,0.9993388056755066,0.001431930810213089
711,1.410416603088379,25.93073426498101,-0.012117624282836914,15.134700181312702,0.10519608110189438,21.447151108775248,0.008826494216918945,2.6993676749599445,0.012728378176689148,18.23253557554465,0.007008638232946396,14.004232077299584,0.04683089256286621,0.757543683052063,0.11152710765600204,1.2113239765167236,0.0014219454023987055,0.7952975034713745,0.07714443653821945,0.9995332360267639,0.0014275871217250824
712,1.4104241132736206,25.9307040105075,-0.01623058319091797,15.134671036853579,0.11878011375665665,21.446075899248953,0.008798956871032715,2.6994318618760222,0.01534076128154993,18.232600110850903,0.008549155667424202,14.00470894186406,0.051537126302719116,0.7575600743293762,0.11152230203151703,1.2112280130386353,0.0014213424874469638,0.7952682375907898,0.07715485990047455,0.9996885061264038,0.001426164759323001
713,1.4103591442108154,25.930678808432578,0.02245950698852539,15.13462894979706,0.041651323437690735,21.44500144625815,0.008752882480621338,2.6994310597439632,0.0036519989371299744,18.232616285589366,0.0016486644744873047,14.003702611493628,0.04104235768318176,0.7575820088386536,0.11147285252809525,1.211093783378601,0.0014189524808898568,0.7952445149421692,0.07719754427671432,0.9998224973678589,0.001427656039595604
714,1.4102987051010132,25.93065325968664,0.05902552604675293,15.134585477461245,-0.05297931656241417,21.443928126605933,0.008716613054275513,2.699416366754283,-0.012923289090394974,18.23262275662351,-0.00872001051902771,14.001651512958285,0.02077394723892212,0.7575944662094116,0.11139103025197983,1.211020827293396,0.0014186209300532937,0.7952446937561035,0.07724873721599579,0.9998294115066528,0.0014304259093478322
715,1.410404086112976,25.930622760022562,0.06663239002227783,15.13455338907792,-0.10117602348327637,21.442856162684397,0.008731335401535034,2.6994526153181644,-0.02487548440694809,18.232671472938957,-0.013365011662244797,13.999223850857899,-0.18800866603851318,0.7575675249099731,0.11130022257566452,1.2111930847167969,0.001423338195309043,0.7952733039855957,0.07727829366922379,0.9996737837791443,0.001431019278243184
716,1.4103102684020996,25.93058682752248,0.02281200885772705,15.134538005918245,0.014312134124338627,21.44178514067401,0.008721649646759033,2.699580616131234,-0.0032234061509370804,18.232781156561504,-0.0026434659957885742,14.002286767863975,0.0270233154296875,0.7576101422309875,0.1113741397857666,1.2109428644180298,0.0014220622833818197,0.7952221632003784,0.07725173234939575,0.9999398589134216,0.0014262956101447344
717,1.4103323221206665,25.930551558871514,-0.02050471305847168,15.13452223249414,0.11555379629135132,21.440714982095173,0.008719563484191895,2.6997082966056984,0.013547160662710667,18.232892994896844,0.007709439843893051,14.004291046902807,0.04689091444015503,0.7576271891593933,0.11141244322061539,1.210845708847046,0.0014224275946617126,0.7951854467391968,0.07722758501768112,1.0001275539398193,0.0014218984870240092
718,1.4103477001190186,25.93052239329361,-0.01585245132446289,15.134492545724553,0.11969488859176636,21.439645524630482,0.008707225322723389,2.699771294861815,0.015751972794532776,18.232955719892797,0.009276151657104492,14.00478530274954,0.051730215549468994,0.7576456665992737,0.11140722036361694,1.2107361555099487,0.0014215593691915274,0.7951520681381226,0.07724200189113617,1.000306248664856,0.0014205819461494684
719,1.4103069305419922,25.93049813629441,0.022812724113464355,15.134449754441953,0.04030316695570946,21.438576746107476,0.00864344835281372,2.6997674957948874,0.0036593973636627197,18.23296642695921,0.0015307944267988205,14.00378267627185,0.04122793674468994,0.7576687932014465,0.11135879904031754,1.2105950117111206,0.0014191499212756753,0.795124888420105,0.07728608697652817,1.0004591941833496,0.0014222251484170556
720,1.4102473258972168,25.93047337734678,0.06536734104156494,15.134405796142094,-0.061602842062711716,21.437509249670704,0.008607685565948486,2.699749992333215,-0.013752125203609467,18.23296850712485,-0.008687883615493774,14.001724503096506,0.020914316177368164,0.7576805353164673,0.11127705127000809,1.2105251550674438,0.0014184489846229553,0.7951229214668274,0.0773417204618454,1.0004777908325195,0.0014249744126573205
721,1.4103344678878784,25.93044273662396,0.06862747669219971,15.134374470128492,-0.10565755516290665,21.43644324064279,0.008630841970443726,2.699787192120448,-0.025216324254870415,18.23301336075778,-0.013945940881967545,13.999283901998371,-0.18804612755775452,0.7576565742492676,0.11118442565202713,1.2106809616088867,0.0014232087414711714,0.7951523065567017,0.07736916840076447,1.0003169775009155,0.0014254931593313813
722,1.4102166891098022,25.93040637290368,0.020766377449035645,15.13436045588581,0.01550384983420372,21.435378190030995,0.008616596460342407,2.6999179232452972,-0.0029829740524291992,18.233122827154368,-0.002941679209470749,14.002360088706123,0.027186185121536255,0.7576983571052551,0.11125887185335159,1.2104370594024658,0.0014224285259842873,0.795106053352356,0.07733934372663498,1.0005561113357544,0.0014205261832103133
723,1.4102730751037598,25.93037096034326,-0.021177291870117188,15.134345744141104,0.1158459410071373,21.434314074920827,0.008619457483291626,2.7000472073907766,0.0141063891351223,18.233236023776094,0.007361900061368942,14.004368308892097,0.047110408544540405,0.7577127814292908,0.11129932850599289,1.2103573083877563,0.0014233868569135666,0.7950695753097534,0.07731465250253677,1.0007418394088745,0.0014160046121105552
724,1.410287618637085,25.930341766590008,-0.019774675369262695,15.134316883875021,0.12316251546144485,21.433250667060783,0.008605360984802246,2.7001091847656666,0.016430692747235298,18.23330147345018,0.008744088932871819,14.004853996453171,0.05185815691947937,0.7577285170555115,0.11129582673311234,1.2102642059326172,0.0014225175837054849,0.795039176940918,0.07732473313808441,1.0009040832519531,0.0014146438334137201
725,1.4102073907852173,25.930317998289382,0.023038268089294434,15.134274275792583,0.04021034762263298,21.432187967076825,0.008546173572540283,2.7001014870226188,0.0037287715822458267,18.233317009190817,0.0019977539777755737,14.003833500467069,0.04123586416244507,0.7577547430992126,0.11124292761087418,1.210101842880249,0.001419530133716762,0.7950140237808228,0.07736999541521072,1.0010477304458618,0.0014166486216709018
726,1.4101797342300415,25.93029363382267,0.06231844425201416,15.134230463652482,-0.05819857493042946,21.43112652502191,0.008508145809173584,2.7000801205492637,-0.013582192361354828,18.233321073764998,-0.008151136338710785,14.001753792541436,0.020680904388427734,0.7577643394470215,0.1111636683344841,1.2100435495376587,0.0014185266336426139,0.7950085997581482,0.07742717117071152,1.001085638999939,0.0014195699477568269
727,1.4102474451065063,25.930263690989584,0.0688556432723999,15.134198857901296,-0.10588241368532181,21.43006657985854,0.008546590805053711,2.7001134913501534,-0.02561715431511402,18.233365295273522,-0.012941919267177582,13.99929772883741,-0.18845081329345703,0.7577404379844666,0.11107029765844345,1.2101986408233643,0.0014230877859517932,0.7950404286384583,0.07745488733053207,1.0009121894836426,0.0014201822923496366
728,1.4101529121398926,25.93022787571342,0.017731904983520508,15.134184705118814,0.017319103702902794,21.429007414582394,0.008508503437042236,2.7002428944884738,-0.0030852369964122772,18.2334695941358,-0.0030652880668640137,14.002395155305384,0.026998579502105713,0.7577842473983765,0.11114464700222015,1.2099412679672241,0.0014219839358702302,0.7949873208999634,0.07742828875780106,1.0011883974075317,0.0014153722440823913
729,1.4102306365966797,25.930193331923846,-0.019681930541992188,15.134169610732329,0.1122058629989624,21.42794931714882,0.008516967296600342,2.7003714456997643,0.013713423162698746,18.233578836209006,0.007008727639913559,14.004424354243453,0.04704642295837402,0.7577970623970032,0.11118828505277634,1.2098729610443115,0.0014233526308089495,0.7949506044387817,0.07740318775177002,1.0013761520385742,0.0014108235482126474
730,1.4102778434753418,25.930164744402706,-0.016964316368103027,15.134140808175193,0.1189970001578331,21.426891978714075,0.008501112461090088,2.700433971640814,0.015912821516394615,18.23364227254015,0.008997708559036255,14.00492479429601,0.05195024609565735,0.7578123807907104,0.11118511110544205,1.209781527519226,0.0014225234044715762,0.7949163317680359,0.07741640508174896,1.0015588998794556,0.0014094673097133636
731,1.4101977348327637,25.930141175232137,0.020520567893981934,15.13409872056908,0.04146252200007439,21.42583541845568,0.008447736501693726,2.7004284122036317,0.003937987610697746,18.233654474626476,0.0014908704906702042,14.003908447320232,0.041363805532455444,0.7578397393226624,0.11113172024488449,1.2096138000488281,0.001419676118530333,0.7948909401893616,0.07746125012636185,1.0017033815383911,0.0014112705830484629
732,1.410109043121338,25.93011729761546,0.06401586532592773,15.1340551759587,-0.0624748095870018,21.424780113643063,0.008396685123443604,2.7004080737545326,-0.013983845710754395,18.233658012656484,-0.008763588964939117,14.00182367024856,0.020773857831954956,0.7578498125076294,0.11105094850063324,1.209552526473999,0.0014186387415975332,0.7948894500732422,0.07751769572496414,1.00171959400177,0.001414136728271842
733,1.4102016687393188,25.93008752806711,0.06867563724517822,15.134024438231599,-0.10646018385887146,21.423726466980906,0.008435994386672974,2.70044424145373,-0.02539605274796486,18.233705060613808,-0.013137415051460266,13.999357815416701,-0.18848583102226257,0.7578253149986267,0.11095897108316422,1.2097123861312866,0.0014236161950975657,0.7949214577674866,0.07754500955343246,1.0015451908111572,0.0014146956382319331
734,1.4100887775421143,25.93005184098746,0.02200937271118164,15.134011229264823,0.013212401419878006,21.422673733416147,0.008418023586273193,2.7005758780594373,-0.0029605645686388016,18.233813258919223,-0.0026264823973178864,14.0024711265348,0.02718442678451538,0.7578686475753784,0.11103211343288422,1.2094593048095703,0.001422744826413691,0.7948727011680603,0.07751408964395523,1.0017975568771362,0.0014097599778324366
735,1.4101542234420776,25.93001684672844,-0.025537967681884766,15.133997530770989,0.12091253697872162,21.421621944517234,0.008424699306488037,2.700706023380943,0.014966391026973724,18.233923901560242,0.007681313902139664,14.004505964543288,0.047406524419784546,0.7578803300857544,0.1110762283205986,1.209396481513977,0.0014241095632314682,0.7948384881019592,0.07748692482709885,1.0019704103469849,0.00140504096634686
736,1.4102072715759277,25.929988625923514,-0.02079308032989502,15.133968711098671,0.12406393140554428,21.420570826061162,0.008401870727539062,2.700764779752659,0.016584817320108414,18.23398502058346,0.009398460388183594,14.004995359133687,0.05215829610824585,0.7578965425491333,0.11107342690229416,1.2093002796173096,0.0014232451794669032,0.7948034405708313,0.07750153541564941,1.0021581649780273,0.0014036843786016107
737,1.4101169109344482,25.929965895761253,0.02382051944732666,15.13392582357859,0.035936757922172546,21.41952049400745,0.008343160152435303,2.700752837470579,0.003466770052909851,18.233992861281074,0.001210806891322136,14.00395663870851,0.041287124156951904,0.7579228281974792,0.11102015525102615,1.2091368436813354,0.0014197842683643103,0.7947777509689331,0.07754679024219513,1.002305269241333,0.0014058564556762576
738,1.4100428819656372,25.929942331006494,0.06860482692718506,15.133882280565242,-0.06937938183546066,21.418471495438244,0.008308470249176025,2.7007285053612056,-0.014533668756484985,18.233993835573923,-0.008951716125011444,14.001848700004372,0.02050924301147461,0.7579358220100403,0.11093790084123611,1.2090585231781006,0.00141875387635082,0.794775128364563,0.07760278135538101,1.0023280382156372,0.0014089011820033193
739,1.41013765335083,25.929912200250488,0.06741774082183838,15.133852537258917,-0.10778794437646866,21.41742402834403,0.008336395025253296,2.7007635449433622,-0.02556128054857254,18.234039774253684,-0.013907447457313538,13.999366903869397,-0.18897923827171326,0.7579082250595093,0.11084617674350739,1.2092361450195312,0.0014237685827538371,0.7948095202445984,0.07762952148914337,1.0021405220031738,0.0014095089863985777
740,1.410035252571106,25.929876300116792,0.016588568687438965,15.133840489498048,0.018589304760098457,21.416377498968796,0.008318662643432617,2.7008953848019273,-0.0028013866394758224,18.234151232680535,-0.00232817605137825,14.002503483104094,0.026989638805389404,0.7579492330551147,0.1109219416975975,1.2089979648590088,0.0014232463436201215,0.7947617769241333,0.07759730517864227,1.0023870468139648,0.0014043878763914108
741,1.410101056098938,25.929841802442457,-0.02472865581512451,15.133827090443724,0.1196473240852356,21.41533193589313,0.00832587480545044,2.7010251541958707,0.014686305075883865,18.234263383167644,0.008198980242013931,14.004561410673455,0.047370314598083496,0.7579641342163086,0.11096413433551788,1.2089157104492188,0.001424230053089559,0.7947243452072144,0.07757260650396347,1.0025779008865356,0.0013997862115502357
742,1.4101108312606812,25.929813942871746,-0.024236559867858887,15.13379861909725,0.12839971482753754,21.414287056765335,0.008303970098495483,2.701084335297596,0.017045989632606506,18.234323024657346,0.009825654327869415,14.005066702659928,0.05232691764831543,0.7579838633537292,0.11096029728651047,1.208799123764038,0.0014233695110306144,0.7946898341178894,0.07758458703756332,1.0027625560760498,0.0013983981916680932
743,1.4100855588912964,25.929792002298004,0.02093327045440674,15.133755353210745,0.039445292204618454,21.4132429675032,0.008237004280090332,2.7010705877566665,0.0038806162774562836,18.234327103663293,0.0015328377485275269,14.004030982487988,0.04147663712501526,0.7580073475837708,0.11091013252735138,1.2086504697799683,0.0014196500414982438,0.7946602702140808,0.0776330977678299,1.002930998802185,0.0014005845878273249
744,1.4099533557891846,25.929769507645677,0.06997287273406982,15.133710959479336,-0.07321732491254807,21.412200322403013,0.008195489645004272,2.7010429217053886,-0.014965949580073357,18.2343230253687,-0.0094984732568264,14.001915194401603,0.020540982484817505,0.7580255270004272,0.11082357913255692,1.2085402011871338,0.0014179692370817065,0.7946556806564331,0.07769106328487396,1.0029650926589966,0.001403643051162362
745,1.4100607633590698,25.929740111336155,0.07435023784637451,15.133681032067985,-0.11855506151914597,21.41115939678824,0.008220016956329346,2.701076989041055,-0.026824582368135452,18.234367439271796,-0.014325898140668869,13.99942287213368,-0.18907776474952698,0.757994532585144,0.11073508113622665,1.2087377309799194,0.001423084526322782,0.7946926951408386,0.07771731168031693,1.002762794494629,0.0014042758848518133
746,1.409989356994629,25.929703917131423,0.016911029815673828,15.133670384767882,0.01658470183610916,21.410119619744894,0.008204758167266846,2.7012135125055354,-0.0027718767523765564,18.234480046512623,-0.0029070675373077393,14.00257633688831,0.027114152908325195,0.7580347657203674,0.11081206798553467,1.2085069417953491,0.001423357054591179,0.7946425676345825,0.07768454402685165,1.0030218362808228,0.0013990224106237292
747,1.410050630569458,25.92966910018003,-0.031422972679138184,15.133658508879744,0.12816479802131653,21.409080970787958,0.00823289155960083,2.7013474470631733,0.015822412446141243,18.23459623504751,0.008451241999864578,14.004642544733155,0.04768264293670654,0.7580450773239136,0.11085609346628189,1.208453893661499,0.001425157068297267,0.7946122288703918,0.07765454053878784,1.003173589706421,0.00139412481803447
748,1.4100667238235474,25.929641847721683,-0.028034210205078125,15.133630141571778,0.13337716460227966,21.408042892075855,0.008199036121368408,2.70140555821797,0.017813855782151222,18.23465799584565,0.010103926062583923,14.005140462740018,0.05255898833274841,0.7580645680427551,0.11085103452205658,1.2083370685577393,0.0014238471630960703,0.7945774793624878,0.07766836881637573,1.0033601522445679,0.0013929713750258088
749,1.4100204706192017,25.92962096976727,0.02504575252532959,15.13358618186465,0.0339374877512455,21.407005652189234,0.008137643337249756,2.7013874245864953,0.0033811479806900024,18.234662285446504,0.0017172470688819885,14.004084952482724,0.04144665598869324,0.7580922842025757,0.11079923808574677,1.208163857460022,0.001420007087290287,0.7945429682731628,0.07772181928157806,1.0035555362701416,0.0013954580063000321
750,1.4099382162094116,25.92959887761831,0.07165312767028809,15.133541893075032,-0.07613738626241684,21.4059698370478,0.008086800575256348,2.701357698101424,-0.01557072252035141,18.234657414465723,-0.00905371829867363,14.001947047158836,0.020309746265411377,0.7581037878990173,0.11071611195802689,1.2080916166305542,0.001418221858330071,0.7945421934127808,0.07777800410985947,1.0035696029663086,0.0013985539553686976
751,1.4100004434585571,25.9295695713023,0.07312095165252686,15.13351252161637,-0.1183818057179451,21.40493584431816,0.00812220573425293,2.701392643805761,-0.02694537863135338,18.234699124485164,-0.0142572782933712,13.999438887297444,-0.18948838114738464,0.758078932762146,0.11062287539243698,1.2082535028457642,0.0014233241090551019,0.7945773005485535,0.07780534029006958,1.0033771991729736,0.0013990986626595259
752,1.409899115562439,25.929533564363073,0.018894076347351074,15.133502444424273,0.014058003202080727,21.403902956551303,0.008114337921142578,2.7015310417079443,-0.0027143917977809906,18.234809360357218,-0.002785470336675644,14.00261331354125,0.02699342370033264,0.7581214308738708,0.11069764196872711,1.2080096006393433,0.001423466601409018,0.7945276498794556,0.07777174562215805,1.0036333799362183,0.0013936877949163318
753,1.4099960327148438,25.929498642896533,-0.0325092077255249,15.133491419126726,0.12937086820602417,21.402871067397363,0.00812503695487976,2.701666498334665,0.016421860083937645,18.234922875911515,0.008351733908057213,14.00469849705297,0.047756314277648926,0.7581304311752319,0.11074411869049072,1.2079648971557617,0.0014255581190809608,0.7944954633712769,0.07774142920970917,1.0037949085235596,0.0013887129025533795
754,1.4100375175476074,25.92947146285208,-0.027391672134399414,15.13346355023858,0.13242851197719574,21.40183984896639,0.00810357928276062,2.7017232406655087,0.01818588748574257,18.234982491854403,0.009941410273313522,14.005205481672492,0.05268588662147522,0.7581443786621094,0.11074379831552505,1.2078815698623657,0.0014246910577639937,0.7944650650024414,0.07775231450796127,1.0039575099945068,0.0013874833239242435
755,1.40992271900177,25.929450586509724,0.020810961723327637,15.1334200665405,0.03813181072473526,21.400809408260262,0.00804165005683899,2.7017019921090544,0.004170350730419159,18.23498538729784,0.0012709461152553558,14.004147987779893,0.041559576988220215,0.7581771016120911,0.11068817228078842,1.2076777219772339,0.001420362270437181,0.7944334745407104,0.07780502736568451,1.0041371583938599,0.001389850047416985
756,1.4098784923553467,25.92942903568102,0.07284688949584961,15.13337559747862,-0.07966103404760361,21.399780349403116,0.00798708200454712,2.701666240139058,-0.015841826796531677,18.234981493845588,-0.009701337665319443,14.001999928133657,0.020309776067733765,0.7581905126571655,0.11060533672571182,1.207593321800232,0.0014181904261931777,0.7944283485412598,0.07786289602518082,1.0041760206222534,0.0013934914022684097
757,1.4099464416503906,25.92940000609845,0.07179749011993408,15.133346613562171,-0.11773896217346191,21.398753125727485,0.008017152547836304,2.7016971894341806,-0.027197331190109253,18.235027662590863,-0.013980187475681305,13.999480119314944,-0.18964380025863647,0.7581606507301331,0.11051540821790695,1.2077842950820923,0.0014233544934540987,0.7944663166999817,0.07788821309804916,1.003969669342041,0.001394311897456646
758,1.4098871946334839,25.929364368904167,0.01987278461456299,15.13333688916431,0.012206601910293102,21.397727084113377,0.008013278245925903,2.701833599342472,-0.00355374813079834,18.23514090721501,-0.0019765831530094147,14.002671922525705,0.02703985571861267,0.7582014799118042,0.11059097200632095,1.2075480222702026,0.0014230419183149934,0.7944163084030151,0.07785354554653168,1.0042273998260498,0.001388950040563941
759,1.4099576473236084,25.929329637160624,-0.03500771522521973,15.133326428581771,0.13114811480045319,21.3967020621159,0.008024990558624268,2.7019706781611252,0.016172612085938454,18.235253063545798,0.008538063615560532,14.004768080063378,0.04786071181297302,0.758212685585022,0.11063698679208755,1.207491159439087,0.0014253592817112803,0.7943823933601379,0.07782695442438126,1.0043978691101074,0.0013837318401783705
760,1.4099639654159546,25.92930298316232,-0.030219554901123047,15.133298719005646,0.13533446192741394,21.395677717394413,0.007992804050445557,2.70202950778026,0.01835792139172554,18.23531025605393,0.01018725149333477,14.005276045286891,0.05284777283668518,0.758230984210968,0.11063264310359955,1.2073829174041748,0.0014243865152820945,0.7943487167358398,0.07783954590559006,1.004577875137329,0.0013824383495375514
761,1.409895896911621,25.929282975940634,0.01885199546813965,15.133254869322897,0.03949159011244774,21.394654294047605,0.007931023836135864,2.702009041173808,0.00395188108086586,18.235309416823434,0.001596076413989067,14.00420827194009,0.04164794087409973,0.7582559585571289,0.110581174492836,1.2072242498397827,0.0014202974271029234,0.7943201065063477,0.07788898050785065,1.0047420263290405,0.0013849422102794051
762,1.4098092317581177,25.929262452417163,0.07322847843170166,15.133209850841807,-0.08135158568620682,21.39363238571983,0.007883995771408081,2.701974774831416,-0.015766043215990067,18.235300449530218,-0.010046403855085373,14.00204328939822,0.020223677158355713,0.7582730650901794,0.11049646884202957,1.2071183919906616,0.0014181069564074278,0.7943145632743835,0.07794945687055588,1.0047820806503296,0.0013883080100640655
763,1.4098602533340454,25.929234243368207,0.07577598094940186,15.133180671169503,-0.12511061131954193,21.392612342532072,0.0079212486743927,2.7020071156978838,-0.027575263753533363,18.23534410523592,-0.0149671770632267,13.999508235474854,-0.18993261456489563,0.7582473158836365,0.11040361225605011,1.2072845697402954,0.0014229409862309694,0.7943490147590637,0.07797978818416595,1.0045946836471558,0.001389037468470633
764,1.409850001335144,25.929198763292906,0.022798657417297363,15.133171894796389,0.007712419144809246,21.391593416723026,0.00790262222290039,2.702146908495859,-0.0033756401389837265,18.235460577676083,-0.0025659948587417603,14.002717965783027,0.02696552872657776,0.7582816481590271,0.11048480123281479,1.2070890665054321,0.00142346799839288,0.7942986488342285,0.07794493436813354,1.0048543214797974,0.0013835307909175754
765,1.409881353378296,25.92916376930166,-0.03367292881011963,15.133162908258852,0.13192123174667358,21.390575640069255,0.007922649383544922,2.7022863988259442,0.016909148544073105,18.23557873932474,0.009424876421689987,14.004829092250144,0.04802829027175903,0.7582939267158508,0.1105276420712471,1.2070270776748657,0.0014258597511798143,0.7942723035812378,0.07791151851415634,1.004982590675354,0.0013782543828710914
766,1.4098910093307495,25.929136727656292,-0.03550899028778076,15.133136315116948,0.14329445362091064,21.38955855261099,0.007905423641204834,2.70234407454757,0.019425667822360992,18.235636514562394,0.010991014540195465,14.005339809100482,0.05304655432701111,0.7583138346672058,0.1105230525135994,1.2069091796875,0.0014250808162614703,0.7942387461662292,0.07792270183563232,1.0051616430282593,0.0013769352808594704
767,1.4098623991012573,25.929117098662907,0.01898813247680664,15.133092247725346,0.03916012495756149,21.388542211250122,0.007830440998077393,2.7023178576182336,0.004244981333613396,18.235631750643698,0.0016105994582176208,14.00426227371714,0.04166078567504883,0.7583389282226562,0.11047494411468506,1.2067495584487915,0.0014207789208739996,0.7942044138908386,0.07797550410032272,1.005358099937439,0.0013796768616884947
768,1.4097524881362915,25.929096883725048,0.07310092449188232,15.133047048834358,-0.08275038003921509,21.387527399705196,0.007783472537994385,2.7022771415703315,-0.015964023768901825,18.235619126493805,-0.01022985577583313,14.002083027824836,0.020095854997634888,0.7583551406860352,0.11038924008607864,1.206647276878357,0.0014183035818859935,0.7942008972167969,0.07803396135568619,1.0053876638412476,0.001383181312121451
769,1.4097943305969238,25.929068915122734,0.07893061637878418,15.133017967483807,-0.13126584887504578,21.386514470336024,0.007802814245223999,2.702304825996748,-0.0285156462341547,18.23566072885376,-0.015229322016239166,13.999536368990391,-0.19025495648384094,0.7583318948745728,0.11029422283172607,1.206797480583191,0.0014226529747247696,0.7942363619804382,0.07806386798620224,1.0051953792572021,0.0013841494219377637
770,1.4097751379013062,25.92903317371046,0.019614815711975098,15.13301024447913,0.00987654086202383,21.38550289962101,0.007809430360794067,2.702444840430014,-0.0033538229763507843,18.235777143490054,-0.002765849232673645,14.002768233490492,0.026916176080703735,0.7583646178245544,0.11037720739841461,1.2066129446029663,0.0014235671842470765,0.7941875457763672,0.07802658528089523,1.0054463148117065,0.001378580927848816
771,1.4098396301269531,25.928998353233904,-0.035179853439331055,15.133001895963828,0.13330957293510437,21.384492377230476,0.007831543684005737,2.702584517774331,0.016888238489627838,18.23589636372067,0.009719083085656166,14.004897427297236,0.04817229509353638,0.7583751082420349,0.11042376607656479,1.206560730934143,0.0014259748859331012,0.7941619157791138,0.07799164205789566,1.0055702924728394,0.001373278209939599
772,1.409859538078308,25.92897169490836,-0.03434312343597412,15.132975578116163,0.14168795943260193,21.383482426283354,0.007794827222824097,2.7026420647097114,0.01935402676463127,18.235953291340515,0.011189233511686325,14.005414360091555,0.05326688289642334,0.7583938837051392,0.11041845381259918,1.2064497470855713,0.0014251591637730598,0.7941260933876038,0.07800552994012833,1.0057623386383057,0.0013719970593228936
773,1.4097665548324585,25.928952281640672,0.02033364772796631,15.13293187287941,0.037402231246232986,21.38247336579243,0.007734715938568115,2.7026155834821375,0.004134932532906532,18.235946415019384,0.0018912218511104584,14.004329539098768,0.04182392358779907,0.7584222555160522,0.11036624759435654,1.2062712907791138,0.0014207015046849847,0.794094979763031,0.07805823534727097,1.0059410333633423,0.0013747301418334246
774,1.409753441810608,25.92893206649506,0.0717005729675293,15.1328872179544,-0.08307736366987228,21.381465782180264,0.0076773762702941895,2.702574979507089,-0.015999844297766685,18.235930381357473,-0.010765813291072845,14.002133904781367,0.02005910873413086,0.7584337592124939,0.11028403788805008,1.206196665763855,0.0014184272149577737,0.7940849661827087,0.07812003791332245,1.0060070753097534,0.0013784408802166581
775,1.409751057624817,25.928904231186486,0.07598578929901123,15.132858738142684,-0.12927387654781342,21.38046016976889,0.007698714733123779,2.702603270252326,-0.028132019564509392,18.235971999602466,-0.015714887529611588,13.999571114725505,-0.19044259190559387,0.7584088444709778,0.11019037663936615,1.2063572406768799,0.0014231024542823434,0.7941288352012634,0.07814432680606842,1.0057671070098877,0.0013789950171485543
776,1.4097267389297485,25.928868946697353,0.015337467193603516,15.13285137848051,0.014613743871450424,21.379455970528632,0.0076996684074401855,2.702742916994994,-0.0029544569551944733,18.236091400371798,-0.0025171637535095215,14.002817080788954,0.0269184410572052,0.7584459185600281,0.11026959866285324,1.2061455249786377,0.001423594425432384,0.7940760850906372,0.07811053842306137,1.0060397386550903,0.0013735441025346518
777,1.4097506999969482,25.928835098576624,-0.038752198219299316,15.132842678469991,0.13690811395645142,21.378452941795462,0.007718801498413086,2.7028807159888095,0.01699254848062992,18.236212092824573,0.010043742135167122,14.004955626953706,0.04825657606124878,0.7584601640701294,0.11031395196914673,1.206071138381958,0.0014257949078455567,0.7940483093261719,0.07807719707489014,1.006176233291626,0.001368234516121447
778,1.409840703010559,25.928809823476062,-0.03300976753234863,15.132815428905941,0.13939940929412842,21.377450632365168,0.007697314023971558,2.7029357652862704,0.018859591335058212,18.236268369267762,0.011572524905204773,14.005472662051947,0.053305208683013916,0.7584723234176636,0.11031484603881836,1.2059987783432007,0.0014249739469960332,0.7940112352371216,0.07809052616357803,1.0063759088516235,0.0013672240311279893
779,1.409772276878357,25.928791502379273,0.022652029991149902,15.132771097783563,0.03284774348139763,21.376449155459536,0.00763210654258728,2.702908609365426,0.003451807424426079,18.236258578575004,0.0017391405999660492,14.004380343891885,0.04175746440887451,0.7585020065307617,0.11026201397180557,1.2058109045028687,0.0014202635502442718,0.7939773797988892,0.07814574241638184,1.006569266319275,0.001369909499771893
780,1.4096754789352417,25.92877194333681,0.07654666900634766,15.13272649677777,-0.09043251723051071,21.37544917391992,0.007577270269393921,2.702870086887532,-0.016703741624951363,18.236240660408555,-0.010982070118188858,14.002174828935159,0.019923537969589233,0.7585179209709167,0.11017654836177826,1.2057112455368042,0.0014179308200255036,0.793972373008728,0.07820634543895721,1.0066070556640625,0.0013733020750805736
781,1.4096779823303223,25.92874399145021,0.07849574089050293,15.132699176886002,-0.1327916979789734,21.374451153338434,0.007615178823471069,2.7029034834973236,-0.02828175574541092,18.236282025454138,-0.0156874917447567,13.999604682787474,-0.19063887000083923,0.7584947943687439,0.11007998883724213,1.205863118171692,0.001422976260073483,0.7940158247947693,0.07823161780834198,1.0063698291778564,0.001373960985802114
782,1.4096497297286987,25.92870820618162,0.01623702049255371,15.132693464605232,0.013506265357136726,21.37345432353694,0.007604837417602539,2.703048975296909,-0.0024224799126386642,18.23640150975832,-0.0027744509279727936,14.002872845114558,0.02701970934867859,0.7585286498069763,0.11016136407852173,1.205672025680542,0.0014241428580135107,0.7939695715904236,0.07819072157144547,1.0066059827804565,0.0013681816635653377
783,1.4097590446472168,25.928673773985565,-0.04317152500152588,15.132686394891564,0.14435435831546783,21.37245860992928,0.007630139589309692,2.7031899329592544,0.018634162843227386,18.236523699643904,0.010451575741171837,14.005025147898953,0.048517853021621704,0.7585335373878479,0.11021331697702408,1.205655813217163,0.0014273632550612092,0.793938934803009,0.0781579539179802,1.0067576169967651,0.0013627838343381882
784,1.4097721576690674,25.92864860001609,-0.04261326789855957,15.132659444560081,0.15187638998031616,21.371463487037694,0.007596820592880249,2.703240732534165,0.020692162215709686,18.23657889193258,0.011678528040647507,14.005541066943598,0.05354222655296326,0.758552610874176,0.11020966619253159,1.2055402994155884,0.0014257276197895408,0.7939037680625916,0.07817380130290985,1.0069465637207031,0.0013616622891277075
785,1.4096823930740356,25.928631695887116,0.02559840679168701,15.13261349280902,0.028654301539063454,21.370469235690113,0.007531344890594482,2.703201823848306,0.0033963825553655624,18.236567231817887,0.0015442054718732834,14.004434343195797,0.04183498024940491,0.7585870027542114,0.11015396565198898,1.2053228616714478,0.001420227694325149,0.7938675880432129,0.07822851091623306,1.007155179977417,0.0013649167958647013
786,1.4096158742904663,25.928612996891548,0.08285510540008545,15.132568005217621,-0.09967900067567825,21.369476524070617,0.007477551698684692,2.7031528633774093,-0.017993729561567307,18.236548604716404,-0.010843222960829735,14.002208535872963,0.019740521907806396,0.7586010694503784,0.11007094383239746,1.205230712890625,0.0014170320937409997,0.79385906457901,0.07829371839761734,1.0072133541107178,0.0013689184561371803
787,1.4096670150756836,25.928584906385495,0.08372020721435547,15.132541280027505,-0.14146961271762848,21.36848580493652,0.007497847080230713,2.703182522509635,-0.029765622690320015,18.23658891849137,-0.015616433694958687,13.999623093590465,-0.19103330373764038,0.7585740685462952,0.10997718572616577,1.2054048776626587,0.0014221746241673827,0.7939006090164185,0.07832108438014984,1.0069869756698608,0.0013696186942979693
788,1.4096136093139648,25.928548227922104,0.012738347053527832,15.132537449963573,0.016004379838705063,21.367496530814844,0.007503420114517212,2.7033313742451863,-0.0026119910180568695,18.236707535928424,-0.0027216821908950806,14.002912062761041,0.026908129453659058,0.7586091160774231,0.1100575178861618,1.2052091360092163,0.001423878245986998,0.7938558459281921,0.07827670872211456,1.007213830947876,0.0013636350631713867
789,1.409679651260376,25.92851345487318,-0.05082523822784424,15.132531707373376,0.15166166424751282,21.366508398296965,0.007519572973251343,2.7034761910098646,0.01918465830385685,18.236828746506564,0.010011069476604462,14.005083126460441,0.04857444763183594,0.7586170434951782,0.1101062074303627,1.2051764726638794,0.001427356735803187,0.7938311696052551,0.0782393142580986,1.0073325634002686,0.0013580861268565059
790,1.4097037315368652,25.92848904797281,-0.04188048839569092,15.132504791294695,0.15036636590957642,21.365520997070583,0.007501542568206787,2.703527782810934,0.020489132031798363,18.236885078860645,0.011758638545870781,14.00560843205026,0.053713709115982056,0.7586349844932556,0.11010424047708511,1.2050666809082031,0.00142567022703588,0.7937968969345093,0.07825134694576263,1.007516860961914,0.0013569080037996173
791,1.4096393585205078,25.928472766975034,0.0221254825592041,15.132458967592553,0.03239789605140686,21.364534399692747,0.0074288249015808105,2.703489955810441,0.003569461405277252,18.236873683491076,0.0018579810857772827,14.004498669662894,0.04196688532829285,0.7586681246757507,0.11004948616027832,1.2048567533493042,0.001420180662535131,0.7937579154968262,0.07831163704395294,1.0077400207519531,0.001360116177238524
792,1.4095803499221802,25.928455083786098,0.08208727836608887,15.132413035289119,-0.09980060160160065,21.363549380622374,0.007364332675933838,2.703441180447134,-0.018102159723639488,18.236853590414484,-0.010859765112400055,14.00226121188678,0.01976427435874939,0.7586808800697327,0.1099671795964241,1.204772710800171,0.0014171337243169546,0.7937478423118591,0.07837627828121185,1.0078067779541016,0.001364086871035397
793,1.4096086025238037,25.92842795125621,0.08772122859954834,15.132386005670503,-0.14754512906074524,21.362566532531407,0.007394641637802124,2.7034718597554654,-0.030308842658996582,18.236892985757013,-0.01582035794854164,13.999662210898427,-0.19118720293045044,0.7586548924446106,0.10987257957458496,1.2049399614334106,0.0014220306184142828,0.7937902808189392,0.07840323448181152,1.0075757503509521,0.0013649098109453917
794,1.4095659255981445,25.928391526717636,0.013683199882507324,15.1323828871235,0.015558027662336826,21.361585160071947,0.007399916648864746,2.703624543689856,-0.00235714390873909,18.23701230929397,-0.0023326240479946136,14.002966437266037,0.026982277631759644,0.7586892247200012,0.10995329916477203,1.2047498226165771,0.0014239568263292313,0.7937471270561218,0.07835882902145386,1.0077930688858032,0.0013585456181317568
795,1.4096421003341675,25.928356843845986,-0.049324631690979004,15.132377837175468,0.15037846565246582,21.360604961429395,0.007431358098983765,2.703771818556437,0.019630521535873413,18.237132170827557,0.010058974847197533,14.005145816746792,0.048741549253463745,0.7586947083473206,0.11000341922044754,1.2047322988510132,0.001427871873602271,0.7937235236167908,0.07832003384828568,1.0079047679901123,0.0013527817791327834
796,1.4096449613571167,25.92833235097397,-0.04422318935394287,15.132351610560324,0.15339164435863495,21.359625324261316,0.007399141788482666,2.703823347912614,0.021345345303416252,18.23718674268252,0.011694077402353287,14.005667845758252,0.05383297801017761,0.7587167024612427,0.10999875515699387,1.204600214958191,0.0014263121411204338,0.7936871647834778,0.07833515107631683,1.0080997943878174,0.0013514269376173615
797,1.4095754623413086,25.92831634485274,0.020289063453674316,15.132305853076673,0.034401096403598785,21.358646524900013,0.007329851388931274,2.7037814594658864,0.004139425233006477,18.23717376308873,0.001745268702507019,14.004545171788145,0.04196485877037048,0.7587485909461975,0.10994525998830795,1.2043955326080322,0.0014203835744410753,0.7936481237411499,0.07839471846818924,1.008325219154358,0.0013550829607993364
798,1.4095182418823242,25.928299144568516,0.08164346218109131,15.132259665788133,-0.10106831043958664,21.357669296094258,0.007261902093887329,2.703726584874323,-0.018260300159454346,18.237152788513765,-0.011248547583818436,14.002291127087625,0.01958557963371277,0.7587628960609436,0.10986039787530899,1.2043012380599976,0.0014170511858537793,0.7936380505561829,0.07845865190029144,1.0083932876586914,0.0013593817129731178
799,1.4095704555511475,25.92827244661105,0.08547449111938477,15.132232668550518,-0.14611586928367615,21.35669428205803,0.007304728031158447,2.703752834442601,-0.03030843660235405,18.237193774646236,-0.01575835421681404,13.9996801255273,-0.1915791630744934,0.7587333917617798,0.10977031290531158,1.204488754272461,0.0014218316646292806,0.7936804890632629,0.07848832756280899,1.0081617832183838,0.0013600928941741586
800,1.4095271825790405,25.92823665661136,0.012747049331665039,15.132229488780347,0.015443339943885803,21.35572061869645,0.007312983274459839,2.7039022109239457,-0.0026120059192180634,18.237314659794627,-0.0021816324442625046,14.003007991987705,0.026824265718460083,0.7587684392929077,0.10985174030065536,1.2042938470840454,0.0014236295828595757,0.7936340570449829,0.07844482362270355,1.0083972215652466,0.0013539014616981149
801,1.4095920324325562,25.9282026639494,-0.03907895088195801,15.132224388039404,0.13822227716445923,21.35474797827158,0.00734063982963562,2.70404761724212,0.018206637352705002,18.237435190027735,0.010918103158473969,14.005210124110146,0.048838526010513306,0.758776068687439,0.10990108549594879,1.2042624950408936,0.0014271460240706801,0.7936108708381653,0.07840517908334732,1.0085076093673706,0.0013482419308274984
802,1.409618616104126,25.92817742007082,-0.04569351673126221,15.13219975908749,0.1548236906528473,21.353775811628374,0.007304161787033081,2.7041029367292553,0.02132776565849781,18.23748548585065,0.012006983160972595,14.00574395168207,0.054069727659225464,0.758794367313385,0.10989771783351898,1.204153299331665,0.0014261880423873663,0.7935791015625,0.07841750234365463,1.0086772441864014,0.001346927136182785
803,1.4095486402511597,25.928160973126875,0.017434239387512207,15.132155112236545,0.03717488422989845,21.35280446287866,0.00722736120223999,2.704064053038941,0.004703095182776451,18.237466642874786,0.001468367874622345,14.004618458660516,0.042200297117233276,0.7588261365890503,0.10984400659799576,1.2039521932601929,0.0014209101209416986,0.7935414910316467,0.07847465574741364,1.0088927745819092,0.0013500492786988616
804,1.4094995260238647,25.92814375415827,0.07700836658477783,15.132109495718753,-0.09686440974473953,21.351834771122487,0.007171064615249634,2.704009444990215,-0.017471911385655403,18.2374418166095,-0.011916453018784523,14.002349884721331,0.01968073844909668,0.7588386535644531,0.10976187139749527,1.2038687467575073,0.0014176296535879374,0.7935305833816528,0.07853995263576508,1.0089654922485352,0.001354282721877098
805,1.4094929695129395,25.92811761785064,0.08327746391296387,15.132082481536887,-0.14522744715213776,21.350867225177165,0.007205367088317871,2.704033062239818,-0.030124513432383537,18.237483234677153,-0.016313524916768074,13.999720641973944,-0.19165891408920288,0.7588127851486206,0.10966736078262329,1.2040330171585083,0.0014218671713024378,0.7935761213302612,0.07856635004281998,1.0087177753448486,0.001355285756289959
806,1.4094464778900146,25.928082573320292,0.016925811767578125,15.132079272593192,0.009163790382444859,21.349901077613612,0.007204025983810425,2.7041799853683286,-0.0031691640615463257,18.237607940528733,-0.0024373680353164673,14.003057228924602,0.026857435703277588,0.7588492631912231,0.10974813997745514,1.203827977180481,0.0014232982648536563,0.7935293316841125,0.07852458953857422,1.0089563131332397,0.0013492715079337358
807,1.4095780849456787,25.92804866517898,-0.04463791847229004,15.132075047699265,0.14535142481327057,21.348936122545776,0.00722929835319519,2.7043255661192376,0.0188012532889843,18.23773334665862,0.011519273743033409,14.005263032025125,0.04891484975814819,0.7588534951210022,0.1098003163933754,1.20381760597229,0.0014271473046392202,0.793501079082489,0.07848918437957764,1.009093999862671,0.0013436747249215841
808,1.4095689058303833,25.92802429591121,-0.04842257499694824,15.13205005979573,0.15841363370418549,21.347971824604127,0.00720667839050293,2.7043781459182497,0.021478451788425446,18.23778449073113,0.012731915339827538,14.005792088837865,0.05408811569213867,0.7588724493980408,0.10979695618152618,1.203704833984375,0.001426048926077783,0.7934697270393372,0.07849741727113724,1.0092617273330688,0.001342335599474609
809,1.4095346927642822,25.928009049047027,0.018948078155517578,15.13200444393921,0.03389140963554382,21.34700833118673,0.007124841213226318,2.7043356816081805,0.004055649042129517,18.237762168739827,0.001558961346745491,14.00465533680775,0.042035311460494995,0.7589060068130493,0.1097433939576149,1.2034913301467896,0.001420233049429953,0.7934283018112183,0.07855882495641708,1.0094996690750122,0.0013457874301820993
810,1.409430742263794,25.927992688315953,0.08395063877105713,15.13195840474492,-0.10802964121103287,21.34604655561384,0.007062137126922607,2.704280452135951,-0.019048895686864853,18.237733678870704,-0.012215342372655869,14.00237654772705,0.019445806741714478,0.7589252591133118,0.10965441912412643,1.2033668756484985,0.0014163580490276217,0.7934187650680542,0.07862574607133865,1.009564757347107,0.001350128441117704
811,1.4094661474227905,25.92796630445072,0.08499276638031006,15.131932717923602,-0.14965112507343292,21.3450870702932,0.007100909948348999,2.7043105122278344,-0.03049561008810997,18.23777375147165,-0.017016692087054253,13.999742798221833,-0.19197335839271545,0.758893609046936,0.10956389456987381,1.2035688161849976,0.001421815948560834,0.793467104434967,0.07864980399608612,1.0092999935150146,0.001350640901364386
812,1.4094375371932983,25.927930736474288,0.010077714920043945,15.131931466359962,0.018758030608296394,21.344129053255443,0.007109224796295166,2.7044654766077763,-0.001692105084657669,18.2379015065989,-0.001987827941775322,14.00310739449518,0.02695077657699585,0.7589231729507446,0.10964886099100113,1.2034075260162354,0.001424244255758822,0.7934238314628601,0.0786023885011673,1.0095174312591553,0.001344159129075706
813,1.409513235092163,25.92789729596877,-0.05233001708984375,15.131927592996194,0.15575580298900604,21.343172165410767,0.007145583629608154,2.7046121723621477,0.020472818985581398,18.2380273063354,0.011705031618475914,14.005332451575672,0.049162089824676514,0.7589308619499207,0.10969823598861694,1.2033766508102417,0.0014279948081821203,0.793398916721344,0.07856512069702148,1.0096361637115479,0.001338298199698329
814,1.4095155000686646,25.92787445148433,-0.04612159729003906,15.131901282624403,0.15642325580120087,21.34221573036497,0.007110089063644409,2.7046583082093982,0.02188253030180931,18.23807746738987,0.01283988356590271,14.00586566849843,0.05436146259307861,0.7589508891105652,0.10969666391611099,1.2032546997070312,0.0014260526513680816,0.7933617830276489,0.07858221232891083,1.009837031364441,0.0013373466208577156
815,1.4094369411468506,25.92786029418424,0.023702621459960938,15.131854642439079,0.027163352817296982,21.341260088667603,0.007025599479675293,2.7046078538899705,0.0034360792487859726,18.23805330655101,0.0014660730957984924,14.004718094268911,0.04214063286781311,0.7589853405952454,0.10964209586381912,1.2030335664749146,0.001419576583430171,0.7933225035667419,0.07864117622375488,1.0100640058517456,0.001341060851700604
816,1.4093619585037231,25.92784423826418,0.09424316883087158,15.131808641507208,-0.12129095941781998,21.34030619677651,0.0069564878940582275,2.7045479429232353,-0.020340552553534508,18.238023617135067,-0.012141900137066841,14.002421447919188,0.019357383251190186,0.7590017914772034,0.10955553501844406,1.2029253244400024,0.0014156728284433484,0.7933048605918884,0.07871151715517044,1.0101748704910278,0.0013457729946821928
817,1.4093903303146362,25.927816630592194,0.08310651779174805,15.131785022881854,-0.1489272117614746,21.33935471443071,0.0069946348667144775,2.704579658193045,-0.03062063455581665,18.238062567000803,-0.017175836488604546,13.999771980784514,-0.19219088554382324,0.7589721083641052,0.10946290194988251,1.2031173706054688,0.0014215242117643356,0.7933606505393982,0.07873242348432541,1.00986909866333,0.0013461906928569078
818,1.4094020128250122,25.927780159919095,0.008556485176086426,15.131785646159416,0.01940140128135681,21.338404814548447,0.007002800703048706,2.7047373307237397,-0.0016823634505271912,18.238190667129018,-0.0021298080682754517,14.003151552478567,0.026901662349700928,0.7590017318725586,0.10954850167036057,1.2029569149017334,0.0014242297038435936,0.7933154106140137,0.07868605107069016,1.0100971460342407,0.0013395922724157572
819,1.4094723463058472,25.927746111392874,-0.05711567401885986,15.131783352167906,0.16198180615901947,21.33745614928899,0.0070397257804870605,2.7048864625878797,0.02116471342742443,18.23831760451327,0.012108318507671356,14.00538839268949,0.04930499196052551,0.7590055465698242,0.10960143059492111,1.2029492855072021,0.0014282987685874104,0.7932969331741333,0.07864214479923248,1.010180115699768,0.0013335755793377757
820,1.4095293283462524,25.92772342782276,-0.05197298526763916,15.13175742438067,0.163858562707901,21.336508022875947,0.007007211446762085,2.7049314065175634,0.022550811991095543,18.238366261669327,0.013392282649874687,14.005922144800685,0.05448809266090393,0.7590250968933105,0.10959918051958084,1.2028316259384155,0.00142680446151644,0.7932576537132263,0.07865843921899796,1.0103927850723267,0.0013327219057828188
821,1.4094175100326538,25.92771026917771,0.02055370807647705,15.131709909133189,0.02936081402003765,21.335560731393244,0.006917744874954224,2.7048765577785234,0.003586089238524437,18.23833737304623,0.0011158473789691925,14.004764859799801,0.04213497042655945,0.7590646743774414,0.10954087227582932,1.2025775909423828,0.0014193836832419038,0.7932161092758179,0.07872071117162704,1.0106323957443237,0.0013365233317017555
822,1.4093338251113892,25.927695536287718,0.09432840347290039,15.131662774382088,-0.12343598902225494,21.334615300609368,0.006858617067337036,2.704811975962071,-0.02082902565598488,18.238305285679218,-0.012394722551107407,14.002454694246014,0.01921170949935913,0.7590786218643188,0.10945712774991989,1.2024823427200317,0.001415237202309072,0.7931974530220032,0.07879458367824554,1.0107492208480835,0.0013413269771263003
823,1.4093434810638428,25.927669037842076,0.0900113582611084,15.131638547219987,-0.15960919857025146,21.333672252344808,0.00688934326171875,2.704842013233385,-0.03191683441400528,18.238343803998003,-0.01749262399971485,13.999795172284191,-0.19249743223190308,0.7590514421463013,0.10936225950717926,1.2026578187942505,0.0014205692568793893,0.7932508587837219,0.07881597429513931,1.0104570388793945,0.0013418899616226554
824,1.4093395471572876,25.92763253505898,0.009782552719116211,15.131640319242186,0.01761428266763687,21.332730859546672,0.006906241178512573,2.7050043619036974,-0.0017763860523700714,18.238473739612907,-0.001983504742383957,14.003197438179612,0.026916205883026123,0.7590817213058472,0.1094469279050827,1.2024959325790405,0.0014237611321732402,0.793210506439209,0.07876431196928024,1.010657548904419,0.0013351086527109146
825,1.4094277620315552,25.927598279098774,-0.06245863437652588,15.131639309146296,0.16856113076210022,21.33179065115166,0.006945192813873291,2.7051581424505806,0.022120829671621323,18.23860159462787,0.012180950492620468,14.005451123113742,0.049481332302093506,0.7590840458869934,0.10950177907943726,1.2024993896484375,0.0014285169309005141,0.7931901216506958,0.07872198522090912,1.0107498168945312,0.0013288251357153058
826,1.409470558166504,25.92757620285538,-0.05189716815948486,15.131613435521611,0.16469606757164001,21.33085090772801,0.006903737783432007,2.705202733917073,0.023144003003835678,18.238650329462406,0.013612968847155571,14.005988956000822,0.05474448204040527,0.7591038942337036,0.10949869453907013,1.202378273010254,0.0014265441568568349,0.7931510806083679,0.07873911410570145,1.010961890220642,0.001328137470409274
827,1.4093372821807861,25.92756361969799,0.020328879356384277,15.1315657155308,0.0296980869024992,21.329912055629748,0.0068142712116241455,2.705144535517801,0.003696620464324951,18.238619916199674,0.001437406986951828,14.004821240112317,0.042261481285095215,0.759142279624939,0.10944279283285141,1.2021325826644897,0.001419524778611958,0.7931060791015625,0.07880496978759766,1.0112208127975464,0.0013320104917511344
828,1.4092888832092285,25.927549421501972,0.09386467933654785,15.131518323282318,-0.12490779161453247,21.328975122565414,0.006748288869857788,2.705076385097006,-0.02092433162033558,18.238584666108476,-0.01297932118177414,14.002492941579396,0.01910310983657837,0.759161114692688,0.10935468226671219,1.202006459236145,0.0014146252069622278,0.7930904626846313,0.07887358963489532,1.0113213062286377,0.001336964895017445
829,1.409326434135437,25.92752339935366,0.0921781063079834,15.131494180462528,-0.16402429342269897,21.328040721772766,0.006791532039642334,2.7051040857219637,-0.03255618363618851,18.238623893330573,-0.017679549753665924,13.99981813372612,-0.19278308749198914,0.7591268420219421,0.10926550626754761,1.2022244930267334,0.0014203231548890471,0.7931433320045471,0.07889783382415771,1.011031985282898,0.0013375247363001108
830,1.4092884063720703,25.927486952442045,0.012937784194946289,15.131496810919309,0.012159737758338451,21.32710794253789,0.006811469793319702,2.7052677772405875,-0.0024523958563804626,18.23875599971055,-0.0021430831402540207,14.00323771225782,0.02683413028717041,0.7591587901115417,0.10934935510158539,1.2020517587661743,0.001423340872861445,0.793103039264679,0.07884746789932251,1.0112324953079224,0.0013305933680385351
831,1.4094181060791016,25.927452294011296,-0.06320524215698242,15.13149737157372,0.17013350129127502,21.326176276244027,0.006845623254776001,2.705425690457427,0.022400926798582077,18.238886741645324,0.01270635612308979,14.0055063298392,0.04958730936050415,0.7591582536697388,0.10940490663051605,1.2020751237869263,0.0014289520913735032,0.7930846810340881,0.07880190759897232,1.0113131999969482,0.0013242296408861876
832,1.4093729257583618,25.927430007766723,-0.05702805519104004,15.131472545494082,0.17161373794078827,21.325245073278786,0.006808608770370483,2.7054723069415023,0.023933712393045425,18.238934840936274,0.014151716604828835,14.006048639445348,0.05488109588623047,0.7591828107833862,0.10939888656139374,1.2019271850585938,0.0014269037637859583,0.7930513620376587,0.07881384342908859,1.0114920139312744,0.0013231018092483282
833,1.4093327522277832,25.927418000369954,0.018942952156066895,15.13142460810753,0.03204445540904999,21.324314704523044,0.006721585988998413,2.705412033593586,0.004199402406811714,18.238900501890427,0.00181565061211586,14.0048744496381,0.04236513376235962,0.7592176198959351,0.10934503376483917,1.201701045036316,0.0014196521369740367,0.7930020093917847,0.07888416200876236,1.0117764472961426,0.0013274127850309014
834,1.4092602729797363,25.927404501846485,0.09378838539123535,15.131376646750857,-0.1267518848180771,21.323386177904226,0.00665128231048584,2.70533978026711,-0.021042475476861,18.23885959602825,-0.013578394427895546,14.002532269925302,0.019059181213378906,0.759236216545105,0.10925694555044174,1.2015764713287354,0.0014146947069093585,0.7929863929748535,0.07895465195178986,1.0118772983551025,0.0013324208557605743
835,1.4092158079147339,25.927379050342847,0.09523594379425049,15.13135236554674,-0.16912753880023956,21.322460178225462,0.006674855947494507,2.7053647653614736,-0.0328269898891449,18.238897400321385,-0.018167514353990555,13.99984407993095,-0.1930105984210968,0.7592078447341919,0.1091642826795578,1.2017576694488525,0.0014196940464898944,0.7930375337600708,0.0789806991815567,1.0115985870361328,0.0013332497328519821
836,1.4092592000961304,25.927342614584273,0.010276436805725098,15.131355763697483,0.01436004601418972,21.32153605845552,0.006698638200759888,2.705527909017779,-0.00220559723675251,18.239031424879645,-0.0023280493915081024,14.00328087883765,0.026798874139785767,0.7592357397079468,0.10924919694662094,1.2016111612319946,0.001423375098966062,0.7929970622062683,0.07892731577157974,1.0117992162704468,0.0013263223227113485
837,1.4093480110168457,25.927308334460808,-0.05986976623535156,15.131356677203005,0.1659911870956421,21.320613232363137,0.006749898195266724,2.7056843254683356,0.021935544908046722,18.239164975358328,0.013127563521265984,14.005562958045074,0.04967460036277771,0.7592374682426453,0.10930534452199936,1.2016189098358154,0.001428410061635077,0.792981743812561,0.07888071238994598,1.011862874031067,0.0013197397347539663
838,1.4093639850616455,25.92728596262613,-0.058408141136169434,15.131332654379538,0.17294929921627045,21.31969080021577,0.006714463233947754,2.705731082360392,0.024053584784269333,18.23921291202262,0.014351999387145042,14.006108989973779,0.05508354306221008,0.7592544555664062,0.1093049868941307,1.2015162706375122,0.0014271157560870051,0.7929494976997375,0.07889115065336227,1.0120371580123901,0.0013188623124733567
839,1.4092719554901123,25.927274117336754,0.019616127014160156,15.131285104767105,0.030644001439213753,21.318769122135272,0.006628602743148804,2.7056698775340977,0.004072654992341995,18.239176908944227,0.0018885917961597443,14.004925643393996,0.04240769147872925,0.7592912912368774,0.10924966633319855,1.2012790441513062,0.0014199378201738,0.7929028868675232,0.07895716279745102,1.0123051404953003,0.0013228453462943435
840,1.4091702699661255,25.927260654822998,0.09186351299285889,15.131237677519703,-0.12468714267015457,21.317849205533367,0.006552934646606445,2.7055972350232684,-0.020778240635991096,18.239134048557283,-0.013428712263703346,14.002569024550697,0.019006073474884033,0.7593125104904175,0.10916066914796829,1.201139211654663,0.0014148373156785965,0.7928879857063293,0.0790286511182785,1.0124022960662842,0.0013279232662171125
841,1.4092262983322144,25.92723543957858,0.0855402946472168,15.131213668065815,-0.16026242077350616,21.316931821899868,0.006589055061340332,2.705621210179271,-0.032281048595905304,18.239169660819666,-0.01885678991675377,13.999867250057296,-0.19327056407928467,0.7592775225639343,0.10907185077667236,1.201358437538147,0.0014199126744642854,0.7929366827011108,0.07905711978673935,1.012136697769165,0.0013287868350744247
842,1.409212589263916,25.927200527770847,0.011284351348876953,15.13121611335797,0.012415473349392414,21.316016152974463,0.006600081920623779,2.705781837552571,-0.0024843402206897736,18.2393060531977,-0.002143304795026779,14.003322020614041,0.026731133460998535,0.7593096494674683,0.10915626585483551,1.2011854648590088,0.001422953442670405,0.7928960919380188,0.07900457829236984,1.0123387575149536,0.0013219636166468263
843,1.4093257188796997,25.92716746896041,-0.05579543113708496,15.131216449504505,0.16072554886341095,21.315101801178272,0.006644725799560547,2.705937238389048,0.021373599767684937,18.239440781087907,0.013351839035749435,14.005619251672739,0.049765557050704956,0.7593103051185608,0.10921188443899155,1.201198697090149,0.0014278969028964639,0.7928755879402161,0.07896126806735992,1.0124319791793823,0.0013157054781913757
844,1.4093210697174072,25.927145660374563,-0.05389738082885742,15.13119256750338,0.16791783273220062,21.314187951709982,0.0066054463386535645,2.705985006503266,0.02367383800446987,18.23948815229814,0.014800738543272018,14.006170424219867,0.05519440770149231,0.7593328356742859,0.10920880734920502,1.2010639905929565,0.0014263286720961332,0.7928410172462463,0.07897414267063141,1.012617826461792,0.0013145190896466374
845,1.4092732667922974,25.92713372150995,0.01949155330657959,15.131145765635448,0.029925210401415825,21.313275009887647,0.006524145603179932,2.7059258062594798,0.004079069942235947,18.239448732306712,0.0017379745841026306,14.004981977776357,0.04249951243400574,0.7593664526939392,0.10915420949459076,1.2008466720581055,0.0014195123221725225,0.7927950620651245,0.0790395587682724,1.0128830671310425,0.0013186547439545393
846,1.4092042446136475,25.927120177825042,0.09325695037841797,15.131099096197564,-0.1278323084115982,21.31236391323016,0.006450057029724121,2.7058548494936194,-0.02096990868449211,18.23940357517898,-0.013784263283014297,14.002613082800663,0.018961697816848755,0.7593840956687927,0.10906664282083511,1.2007280588150024,0.0014147398760542274,0.7927793264389038,0.07911288738250732,1.0129839181900024,0.0013234885409474373
847,1.409158706665039,25.927094620853495,0.0873955488204956,15.1310763428086,-0.16230081021785736,21.311455409996206,0.006482630968093872,2.7058816442816784,-0.03205987066030502,18.23943948587134,-0.01876194402575493,13.999899427973551,-0.1933838129043579,0.7593550682067871,0.10897277295589447,1.2009146213531494,0.0014200943987816572,0.7928391098976135,0.0791327953338623,1.012656569480896,0.001324184238910675
848,1.4092202186584473,25.927059071024235,0.005409598350524902,15.131080354388803,0.01994933746755123,21.310548722808036,0.006520390510559082,2.706044586853397,-0.0014556869864463806,18.239576169533702,-0.0019420161843299866,14.003369177710862,0.026827692985534668,0.7593804597854614,0.10906250029802322,1.2007817029953003,0.0014236856950446963,0.7927931547164917,0.07908233255147934,1.0128885507583618,0.0013173455372452736
849,1.4092596769332886,25.927026272029433,-0.06367301940917969,15.131080952967688,0.1700170636177063,21.309643079914395,0.0065437257289886475,2.7061976714932623,0.022506671026349068,18.23971010149731,0.013266900554299355,14.005673866943267,0.0499362051486969,0.7593888640403748,0.10911258310079575,1.200749158859253,0.0014281406765803695,0.7927740216255188,0.07903746515512466,1.012973427772522,0.0013109877472743392
850,1.4092532396316528,25.9270058708238,-0.052376747131347656,15.131055774525512,0.16526852548122406,21.308737982077666,0.006513684988021851,2.7062379528862035,0.02330682799220085,18.23975683888642,0.014854088425636292,14.00622081452755,0.05526655912399292,0.7594107389450073,0.10911045223474503,1.200615644454956,0.0014259625459089875,0.792738139629364,0.07905220985412598,1.0131677389144897,0.0013101036893203855
851,1.4092038869857788,25.92699502177473,0.021500825881958008,15.131008072953762,0.025950325652956963,21.30783370811594,0.0064103007316589355,2.7061730639545516,0.0034354012459516525,18.239716118449508,0.0017000511288642883,14.005020021629369,0.042432427406311035,0.759445071220398,0.10905680805444717,1.200392484664917,0.0014186959015205503,0.7926915884017944,0.07911963760852814,1.0134369134902954,0.0013145852135494351
852,1.4091218709945679,25.926982156112505,0.09716987609863281,15.130961171834757,-0.13416147232055664,21.3069315126035,0.006341516971588135,2.7060996870150116,-0.021842433139681816,18.239669950950194,-0.013896331191062927,14.002637195790815,0.018740832805633545,0.7594655752182007,0.10896795988082886,1.2002567052841187,0.001413731137290597,0.7926743626594543,0.07919427007436752,1.0135467052459717,0.0013196381041780114
853,1.4091476202011108,25.926956576378505,0.09256196022033691,15.130939271134586,-0.1703273206949234,21.30603205464072,0.006392836570739746,2.7061285726551065,-0.033026888966560364,18.239705979936076,-0.01891460083425045,13.999915605930244,-0.19371211528778076,0.7594297528266907,0.10887836664915085,1.2004833221435547,0.0014194383984431624,0.7927311658859253,0.0792151615023613,1.0132354497909546,0.0013200911926105618
854,1.4091554880142212,25.926920195849398,0.0018705129623413086,15.130945397923952,0.02415395900607109,21.305134284705396,0.006414562463760376,2.7062983358240498,-0.0006704945117235184,18.23984417108878,-0.002034151926636696,14.003410404340293,0.026824772357940674,0.759455680847168,0.10896746069192886,1.2003507614135742,0.0014239136362448335,0.7926952242851257,0.07915709912776947,1.013411045074463,0.0013128801947459579
855,1.4092378616333008,25.92688715507296,-0.06866192817687988,15.130947247227104,0.17809398472309113,21.304237661816053,0.006457537412643433,2.7064541764764787,0.023661304265260696,18.239980032699336,0.014205694198608398,14.00573467046962,0.0501386821269989,0.7594584226608276,0.10902179777622223,1.200352668762207,0.001428696676157415,0.7926773428916931,0.07911163568496704,1.0134886503219604,0.0013063795631751418
856,1.409271001815796,25.926867304306203,-0.058287858963012695,15.130921832434574,0.17262272536754608,21.30334140661511,0.006423234939575195,2.7064913942556004,0.024472465738654137,18.240022863236806,0.014796717092394829,14.006287319649509,0.05548065900802612,0.7594811320304871,0.10901932418346405,1.2002133131027222,0.0014263471821323037,0.7926346659660339,0.07913089543581009,1.0137207508087158,0.001305754529312253
857,1.4091904163360596,25.926857844640228,0.024688363075256348,15.130872667742622,0.021137824282050133,21.30244587713806,0.006322145462036133,2.7064181292443226,0.003032587468624115,18.239978511203695,0.001575283706188202,14.005078771115429,0.04251199960708618,0.7595176696777344,0.10896646976470947,1.1999742984771729,0.0014182362938299775,0.792587399482727,0.07919913530349731,1.0139946937561035,0.0013103127712383866
858,1.4091013669967651,25.92684575341399,0.1031423807144165,15.130825161306138,-0.144241601228714,21.301552314559043,0.00623929500579834,2.7063388886844275,-0.02318059653043747,18.239929722825966,-0.014475658535957336,14.002681676571873,0.01871231198310852,0.7595397233963013,0.10887473821640015,1.1998274326324463,0.001412661513313651,0.7925691604614258,0.07927282154560089,1.0141113996505737,0.0013158151414245367
859,1.4090954065322876,25.926819933721625,0.09415388107299805,15.1308043587015,-0.17422287166118622,21.30066158842642,0.006288796663284302,2.706368838862653,-0.033707767724990845,18.239967049708532,-0.019168589264154434,13.999945984239067,-0.19393378496170044,0.759505569934845,0.10878397524356842,1.2000459432601929,0.0014186607440933585,0.7926292419433594,0.07929474860429764,1.0137823820114136,0.0013162214308977127
860,1.4090955257415771,25.926783036808338,-0.0017321109771728516,15.13081220425615,0.028261147439479828,21.299772661897777,0.006313025951385498,2.7065432907809197,-0.000429665669798851,18.240108389680525,-0.0016908422112464905,14.003456961135077,0.02686712145805359,0.7595291137695312,0.1088734045624733,1.199928879737854,0.0014236895367503166,0.7925977110862732,0.07923176139593124,1.0139317512512207,0.001308570383116603
861,1.409163236618042,25.92675005192454,-0.07078719139099121,15.130814955355211,0.1815713495016098,21.298884948034345,0.006363362073898315,2.7067023150755936,0.02429281920194626,18.240245215760133,0.014593690633773804,14.00579143461684,0.050299882888793945,0.7595354914665222,0.10892529040575027,1.199910044670105,0.0014286532532423735,0.7925781607627869,0.07918713986873627,1.0140184164047241,0.0013019705656915903
862,1.409216046333313,25.926730611746752,-0.059815168380737305,15.130789680020195,0.1752886176109314,21.297997557509156,0.006322264671325684,2.70673909415695,0.024900361895561218,18.240286315399892,0.015331698581576347,14.00634260168115,0.055655092000961304,0.7595552206039429,0.10892625898122787,1.1997891664505005,0.0014264809433370829,0.7925359606742859,0.07920444756746292,1.0142481327056885,0.0013012683484703302
863,1.4091507196426392,25.926721787739723,0.02450394630432129,15.130740096186411,0.020008500665426254,21.297110950050442,0.006230294704437256,2.7066630001732856,0.0030939429998397827,18.240236957523585,0.0010863244533538818,14.005121033963807,0.042516738176345825,0.7595930695533752,0.10887248069047928,1.1995421648025513,0.0014182578306645155,0.7924861907958984,0.07927639782428741,1.0145361423492432,0.0013061658246442676
864,1.409063458442688,25.926710277335477,0.10025060176849365,15.130692368503102,-0.14254266023635864,21.296226243526416,0.006140559911727905,2.706580873223281,-0.023080337792634964,18.240186371303032,-0.014876173809170723,14.002707246665913,0.01851135492324829,0.7596128582954407,0.10878150910139084,1.199407696723938,0.0014124696608632803,0.7924694418907166,0.07934869080781937,1.0146453380584717,0.0013116456102579832
865,1.4090344905853271,25.92668532385244,0.09483802318572998,15.130671220922098,-0.1769738793373108,21.295344416166333,0.0061820149421691895,2.70660831062524,-0.03424996882677078,18.240224762479258,-0.019402382895350456,13.999960616240289,-0.19423583149909973,0.7595815658569336,0.10868901759386063,1.1996077299118042,0.0014180280268192291,0.7925283312797546,0.07937271147966385,1.014322280883789,0.0013121915981173515
866,1.4090497493743896,25.92664903669445,0.006752729415893555,15.130679316090122,0.017373207956552505,21.294464535793274,0.006228417158126831,2.706783650627947,-0.001656627282500267,18.24036894205246,-0.0013452544808387756,14.00349304392003,0.02678006887435913,0.7596057057380676,0.10877802222967148,1.1994860172271729,0.0014226759085431695,0.79249507188797,0.0793125107884407,1.0144816637039185,0.0013045615050941706
867,1.409134030342102,25.926615365928487,-0.07515907287597656,15.130683941010105,0.18709906935691833,21.293585693198903,0.006268322467803955,2.70694888468198,0.024956976994872093,18.240506421141596,0.014848548918962479,14.005846483197463,0.050462156534194946,0.7596064805984497,0.1088336855173111,1.1995038986206055,0.0014288239181041718,0.7924805879592896,0.07926099747419357,1.0145399570465088,0.0012976896250620484
868,1.4091823101043701,25.926595999112312,-0.06307768821716309,15.130659360037194,0.1797536164522171,21.292707158331147,0.006221860647201538,2.7069877779214,0.02555006369948387,18.240546239657142,0.015609083697199821,14.006404015784495,0.05587610602378845,0.7596268057823181,0.10883449763059616,1.1993792057037354,0.0014266668586060405,0.7924383878707886,0.07927902787923813,1.0147689580917358,0.001296880654990673
869,1.4091171026229858,25.926587762656617,0.02422773838043213,15.130609575893919,0.020527241751551628,21.291829470898755,0.006125837564468384,2.7069101566073672,0.0034943409264087677,18.24049370830094,0.001122504472732544,14.00517504637997,0.042657166719436646,0.7596660256385803,0.10877887904644012,1.1991230249404907,0.0014181033475324512,0.7923852205276489,0.07935353368520737,1.0150760412216187,0.0013017695164307952
870,1.4090067148208618,25.92657680341056,0.1019279956817627,15.130561572208782,-0.14549647271633148,21.290953806378138,0.006053835153579712,2.7068248167264604,-0.023011621087789536,18.240440026803448,-0.015287861227989197,14.002745443156723,0.01849466562271118,0.7596902847290039,0.10868682712316513,1.1989620923995972,0.001412056153640151,0.7923699617385864,0.07942579686641693,1.015177607536316,0.0013074983144178987
871,1.4090560674667358,25.926552025508755,0.09364044666290283,15.130540744447663,-0.1770416647195816,21.29008089204493,0.006110876798629761,2.7068495823989887,-0.034106843173503876,18.24047840074512,-0.019834518432617188,13.999983003051693,-0.19444525241851807,0.7596492767333984,0.1086004227399826,1.199219822883606,0.0014181496808305383,0.7924289107322693,0.07944852858781815,1.0148553848266602,0.001308182836510241
872,1.4090256690979004,25.92651600033008,0.003313302993774414,15.130549278860151,0.02080066129565239,21.289209589688696,0.0061272382736206055,2.7070226630960907,-0.001284988597035408,18.240625586009518,-0.0013961773365736008,14.003529582721749,0.026735007762908936,0.7596778869628906,0.10868680477142334,1.1990717649459839,0.0014226455241441727,0.7923935055732727,0.07938826084136963,1.0150260925292969,0.0013006131630390882
873,1.4091306924819946,25.926483064426517,-0.07320570945739746,15.130553756720596,0.18482281267642975,21.28833943901763,0.00617825984954834,2.7071842549019856,0.02452109381556511,18.24076610081403,0.015464461408555508,14.005894144087,0.050519078969955444,0.7596753239631653,0.1087462455034256,1.1991077661514282,0.0014284169301390648,0.7923808097839355,0.07933752238750458,1.0150744915008545,0.0012937564169988036
874,1.4091365337371826,25.92646412998638,-0.06234884262084961,15.130529246086867,0.17881092429161072,21.287469542051724,0.006135284900665283,2.707221228322298,0.02528538554906845,18.240804715651574,0.01607060432434082,14.006454242451186,0.05594778060913086,0.7596983909606934,0.10874392092227936,1.1989667415618896,0.0014261293690651655,0.7923420667648315,0.07935298979282379,1.0152852535247803,0.0012930191587656736
875,1.409027099609375,25.926456223721956,0.02456831932067871,15.130479528194291,0.01873791590332985,21.286600399564012,0.006030470132827759,2.7071424684113903,0.0029929354786872864,18.24074801577673,0.0011164713650941849,14.005219072629938,0.04267963767051697,0.7597435116767883,0.1086844727396965,1.1986762285232544,0.0014173454837873578,0.7922882437705994,0.07942770421504974,1.0155961513519287,0.0012980131432414055
876,1.4090077877044678,25.926445493620438,0.10109996795654297,15.130431844849321,-0.14689156413078308,21.28573332681334,0.005953073501586914,2.7070582476666667,-0.023323748260736465,18.24069058108085,-0.0158732570707798,14.002778396333346,0.018362700939178467,0.7597589492797852,0.10859928280115128,1.198567509651184,0.0014117982937023044,0.792265772819519,0.0795065388083458,1.0157363414764404,0.001303530647419393
877,1.4089568853378296,25.92642096692629,0.09584450721740723,15.130411637518819,-0.18117815256118774,21.284869128010115,0.006000906229019165,2.70708593192875,-0.03464075177907944,18.240729360180595,-0.02004861831665039,14.000008021939866,-0.006634116172790527,0.7597242593765259,0.108506940305233,1.1987876892089844,0.0014176171971485019,0.7923340201377869,0.07952257245779037,1.0153619050979614,0.0013040233170613647
878,1.4094289541244507,25.926384773138103,0.0010840892791748047,15.130421512711873,-0.05752569064497948,21.28400677845154,0.006172090768814087,2.707264791385773,-0.02384944260120392,18.2408787130215,-0.009528473019599915,13.997719349992208,-0.21332675218582153,0.7596188187599182,0.10843045264482498,1.1994562149047852,0.0014350811252370477,0.7924195528030396,0.07947944104671478,1.0148698091506958,0.001297277514822781
879,1.408976435661316,25.92635201122074,-0.11744260787963867,15.130439330437046,0.20692867040634155,21.28314362778467,0.006225764751434326,2.7075319655804932,0.022826503962278366,18.241067673181632,0.01430756226181984,14.002306291135207,0.016581356525421143,0.7596801519393921,0.10854899883270264,1.1991416215896606,0.0014452663017436862,0.7924240827560425,0.07940968126058578,1.0148085355758667,0.0012855393579229712
880,1.4091273546218872,25.926339808275003,-0.11792993545532227,15.130423257261775,0.28417542576789856,21.282278930380798,0.006177306175231934,2.70767102735322,0.04407989978790283,18.2411560866436,0.02720455452799797,14.005921064059239,0.051579058170318604,0.7597259879112244,0.1086328774690628,1.1988674402236938,0.0014422883978113532,0.7923197746276855,0.0794036015868187,1.0153628587722778,0.0012795558432117105
881,1.409173846244812,25.92634621090646,0.0121079683303833,15.130364627002736,0.11338218301534653,21.281413444982228,0.0059812068939208984,2.707599923098867,0.02867388352751732,18.241080065945287,0.01616577059030533,14.007567508803588,0.06679412722587585,0.7598122358322144,0.10865265876054764,1.1983073949813843,0.0014242613688111305,0.7921585440635681,0.07948950678110123,1.0162607431411743,0.0012832714710384607
882,1.4091190099716187,25.926350190745037,0.17044973373413086,15.130294183591259,-0.157920703291893,21.280549927558347,0.005761146545410156,2.707408029543995,-0.006408192217350006,18.240919011605627,-0.009707577526569366,14.006964808171375,0.058676570653915405,0.7599007487297058,0.10860832780599594,1.1977272033691406,0.0014043402625247836,0.7920225858688354,0.0796041488647461,1.017038345336914,0.0012927975039929152
883,1.4090195894241333,25.9263285913724,0.22221672534942627,15.130255308302424,-0.3047548532485962,21.2796912017361,0.005658835172653198,2.7072637738521776,-0.03339318931102753,18.240829579307434,-0.029763465747237206,14.004588535794326,0.034064024686813354,0.7599207758903503,0.10852868109941483,1.197589635848999,0.0013980602379888296,0.7920131683349609,0.07966021448373795,1.017114520072937,0.0013005392393097281
884,1.4089442491531372,25.92627627440212,0.10791528224945068,15.130267761473892,-0.20169873535633087,21.27883816138677,0.005793869495391846,2.7072829736938986,-0.03441210463643074,18.24091976031337,-0.028001694008708,14.001382899386016,0.0047193169593811035,0.7598499655723572,0.10843666642904282,1.198043704032898,0.001411191769875586,0.7921529412269592,0.07961659133434296,1.0163475275039673,0.001301234937272966
885,1.4092597961425781,25.926213177111233,-0.09432744979858398,15.130310423670595,0.06244088336825371,21.27798827567551,0.00605010986328125,2.707454090376765,-0.014991924166679382,18.241161761264166,-0.0067184604704380035,13.99834766197079,-0.2082493007183075,0.7596973776817322,0.10835550725460052,1.1990121603012085,0.0014367100084200501,0.7923441529273987,0.07950844615697861,1.0152770280838013,0.0012951468816027045
886,1.4089258909225464,25.92617031391724,-0.23446321487426758,15.130339109534692,0.35325145721435547,21.27713755536036,0.006201267242431641,2.707675297480423,0.027683433145284653,18.24141835380958,0.02554362453520298,14.002131615480028,0.014767080545425415,0.7597178220748901,0.10846085101366043,1.1989332437515259,0.00144739740062505,0.7923871278762817,0.07941407710313797,1.015011191368103,0.0012856085086241364
887,1.4090310335159302,25.92616646481225,-0.18947100639343262,15.130309783151219,0.3561916947364807,21.27628388150274,0.006127804517745972,2.707750597547579,0.03737298771739006,18.241502577579617,0.03587338328361511,14.00507774259182,0.04268774390220642,0.7597740292549133,0.10852386802434921,1.1985822916030884,0.0014395741745829582,0.7922725081443787,0.07943757623434067,1.0156338214874268,0.0012831410858780146
888,1.4090447425842285,25.92619111178778,0.015313982963562012,15.130227694873541,0.07299099117517471,21.275428509317678,0.005876451730728149,2.70765094132569,0.010378014296293259,18.241371954038545,0.016846921294927597,14.006393894972609,0.05387607216835022,0.7598873376846313,0.10852520912885666,1.1978461742401123,0.0014159412821754813,0.7920721769332886,0.07957081496715546,1.0167514085769653,0.0012884745374321938
889,1.4090403318405151,25.926211038663688,0.21901965141296387,15.130142334591264,-0.25818172097206116,21.274575081882475,0.005603760480880737,2.707514626808854,-0.02583562210202217,18.24115723874629,-0.015870992094278336,14.005890054419492,0.046758443117141724,0.7599924802780151,0.10847540199756622,1.197172999382019,0.001396441599354148,0.791901171207428,0.07971930503845215,1.0177133083343506,0.0012955352431163192
890,1.4089938402175903,25.926196434235575,0.25544440746307373,15.130105867005035,-0.36814945936203003,21.273727188181446,0.005517631769180298,2.7075078164829347,-0.040547408163547516,18.241055340512506,-0.03729598969221115,14.00396900995649,0.027490884065628052,0.7600116729736328,0.10840024054050446,1.1970641613006592,0.0013967398554086685,0.7918868660926819,0.07977630198001862,1.0177948474884033,0.0012966737849637866
891,1.4088960886001587,25.92614527906181,0.10062861442565918,15.13013070610389,-0.18210332095623016,21.27288543001635,0.0056979358196258545,2.707683854764191,-0.024204440414905548,18.24117877923357,-0.03072410449385643,14.001375298080335,0.004880249500274658,0.7599287629127502,0.10832207649946213,1.197620153427124,0.0014189248904585838,0.7920526266098022,0.07970951497554779,1.0168612003326416,0.0012900084257125854
892,1.4091130495071411,25.926084218106052,-0.12350106239318848,15.130181639422757,0.1371868997812271,21.2720465816027,0.006024211645126343,2.7079512622190918,0.00615626759827137,18.241467418630673,-0.002829134464263916,13.998885586068758,-0.20293426513671875,0.7597772479057312,0.1082550659775734,1.1986033916473389,0.0014503741404041648,0.7922675013542175,0.07958781719207764,1.015644907951355,0.001279074465855956
893,1.4089106321334839,25.926047619915895,-0.24242162704467773,15.130205985070843,0.411614328622818,21.271205665746702,0.0061393678188323975,2.7081644268833993,0.04800805449485779,18.241743768057,0.03224154934287071,14.00302117880258,0.02369523048400879,0.7598008513450623,0.1083654835820198,1.1984965801239014,0.001458144630305469,0.7922778725624084,0.07950147241353989,1.0155612230300903,0.0012703510001301765
894,1.4090162515640259,25.926050808170977,-0.14544892311096191,15.130163252028646,0.3363754153251648,21.270361183661965,0.0060243308544158936,2.7081401966382677,0.04480237513780594,18.24180616283243,0.04077966511249542,14.006001296420306,0.051802992820739746,0.7598709464073181,0.10842985659837723,1.1980321407318115,0.0014411823358386755,0.7921274900436401,0.07954950630664825,1.0163944959640503,0.0012723571853712201
895,1.4090478420257568,25.92607539049284,0.09632039070129395,15.130071872034135,-0.018049849197268486,21.26951504794364,0.00571557879447937,2.7079163990875004,0.004822771996259689,18.24162623993504,0.016185671091079712,14.007055469448247,0.05981793999671936,0.7599979639053345,0.10842978209257126,1.1971919536590576,0.0014104280853644013,0.7918985486030579,0.07970159500837326,1.0176883935928345,0.0012834296794608235
896,1.4090244770050049,25.926083143850537,0.2680445909500122,15.129992400833862,-0.3348648250102997,21.268671734410535,0.005431413650512695,2.707693051214689,-0.03514016792178154,18.241370373661912,-0.022011345252394676,14.006121399014752,0.0480419397354126,0.7600999474525452,0.10837511718273163,1.196529507637024,0.001389001845382154,0.7917407155036926,0.07983820140361786,1.018589973449707,0.0012940188171342015
897,1.4089245796203613,25.926050050362754,0.24902117252349854,15.129973555573542,-0.38556376099586487,21.267834932730004,0.005360931158065796,2.707650550316132,-0.047481417655944824,18.241267566825936,-0.043187402188777924,14.003766210606392,0.024708211421966553,0.7601016759872437,0.10829300433397293,1.1965312957763672,0.0013921502977609634,0.7917685508728027,0.07985891401767731,1.0184440612792969,0.0012964558554813266
898,1.4088683128356934,25.925982976560203,0.02783036231994629,15.130017355838609,-0.11432568728923798,21.26700493431305,0.0056018829345703125,2.7078268590821866,-0.025193853303790092,18.24142566360118,-0.03183124214410782,14.000865556872949,-0.0002047419548034668,0.75998455286026,0.1082184687256813,1.197302222251892,0.0014195159310474992,0.7919846773147583,0.07975219190120697,1.0172330141067505,0.0012895670952275395
899,1.4092069864273071,25.92591839103204,-0.20642685890197754,15.130074845387083,0.22534511983394623,21.266177570512326,0.005949914455413818,2.708099630243983,0.006520483642816544,18.24175300523489,0.0006088949739933014,13.99825922784451,-0.20864230394363403,0.7598157525062561,0.10814809799194336,1.1983894109725952,0.0014520160621032119,0.7922059297561646,0.0796150341629982,1.0159815549850464,0.0012787125306203961
900,1.408868432044983,25.925891157709398,-0.2979445457458496,15.130091049145795,0.4704441726207733,21.265347555174262,0.006071358919143677,2.7083158123281987,0.045898035168647766,18.242044320597106,0.03723955899477005,14.002496539155967,0.018391698598861694,0.7598540186882019,0.10826065391302109,1.1981908082962036,0.0014579013222828507,0.7922126054763794,0.0795491486787796,1.0159176588058472,0.001269984757527709
901,1.408970832824707,25.925911325558744,-0.1408557891845703,15.130031302278171,0.32278600335121155,21.2645133489595,0.0059242844581604,2.7083025792845246,0.03809509798884392,18.24209000424664,0.04350564256310463,14.005732647242237,0.04851195216178894,0.7599464058876038,0.10832636058330536,1.1975840330123901,0.0014368969714269042,0.7920230031013489,0.07963191717863083,1.0169665813446045,0.0012718122452497482
902,1.4090250730514526,25.925950641296076,0.14553165435791016,15.129926433190425,-0.08516129106283188,21.263677394013023,0.0055731236934661865,2.7081179082504057,-0.003351327031850815,18.241877754320345,0.01492192130535841,14.007114631452144,0.05966314673423767,0.7600959539413452,0.10832365602254868,1.1966092586517334,0.0014045779826119542,0.7917560935020447,0.07981562614440918,1.0184632539749146,0.0012811949709430337
903,1.4089992046356201,25.925964185385403,0.32512688636779785,15.129845451966906,-0.4040371775627136,21.262844808305857,0.005277186632156372,2.7079667746173373,-0.03829086571931839,18.24159958241505,-0.02561265043914318,14.006472896636467,0.05092862248420715,0.7602033615112305,0.10827154666185379,1.1959282159805298,0.0013864851789548993,0.791590690612793,0.07995758950710297,1.0193943977355957,0.001288173021748662
904,1.4089024066925049,25.92592748559531,0.2625774145126343,15.129836517397688,-0.3904179334640503,21.262019420964258,0.005227416753768921,2.708004571242827,-0.0398627370595932,18.241498449857797,-0.04655198007822037,14.00428343440347,0.029528766870498657,0.7601924538612366,0.10819639265537262,1.196024775505066,0.0013959321659058332,0.7916426062583923,0.07995659112930298,1.019105076789856,0.0012869323836639524
905,1.4088282585144043,25.925854902675585,0.01155233383178711,15.12989037369071,-0.07365796715021133,21.26120116662745,0.005508363246917725,2.708219839922402,-0.011420385912060738,18.241679181276815,-0.032601699233055115,14.001376223389842,0.004606783390045166,0.7600703835487366,0.1081187054514885,1.1968382596969604,0.0014270824613049626,0.7918804883956909,0.07983192056417465,1.0177679061889648,0.0012781183468177915
906,1.4091124534606934,25.92578778276593,-0.2362041473388672,15.12995057398713,0.2834692895412445,21.26038525253785,0.005870848894119263,2.708465707172842,0.019429806619882584,18.242032503950963,0.003226920962333679,13.99861153083213,-0.2054402232170105,0.7598942518234253,0.10805130749940872,1.19796621799469,0.001459498074837029,0.7921168208122253,0.07969139516353607,1.016437292098999,0.001268449006602168
907,1.4088449478149414,25.925762939301446,-0.29221248626708984,15.129959777696651,0.47498568892478943,21.259566186404125,0.005979984998703003,2.7085986936175455,0.04847216606140137,18.24233188694341,0.04069375991821289,14.002632162474969,0.01949024200439453,0.7599301934242249,0.10816129297018051,1.197757363319397,0.001458790386095643,0.792102038860321,0.07963793724775314,1.0165044069290161,0.0012638128828257322
908,1.4089187383651733,25.925784658546384,-0.10382795333862305,15.129892565083338,0.27272120118141174,21.258742645737513,0.005799233913421631,2.708497563527749,0.030423518270254135,18.242363339443237,0.04476016014814377,14.005635848333963,0.04689750075340271,0.760034441947937,0.10821983963251114,1.1970609426498413,0.001431835233233869,0.7918980717658997,0.07973600924015045,1.017646074295044,0.0012699024518951774
909,1.4089813232421875,25.925819903823133,0.1727917194366455,15.129788635408163,-0.13511398434638977,21.257917597601985,0.0054340660572052,2.708267695008189,-0.013449616730213165,18.24212942929422,0.013487918302416801,14.00685337021016,0.05614227056503296,0.7601823210716248,0.10821850597858429,1.1960915327072144,0.0013983420794829726,0.7916331887245178,0.07991538941860199,1.0191380977630615,0.0012811798369511962
910,1.4089460372924805,25.925825531823723,0.3207535743713379,15.12971653384149,-0.4167277216911316,21.257096368194823,0.0051441192626953125,2.70812204114143,-0.04468543827533722,18.241839644599555,-0.02782767079770565,14.006167480206896,0.04717296361923218,0.7602863311767578,0.10816329717636108,1.1954401731491089,0.0013830551179125905,0.791482150554657,0.08003939688205719,1.019989252090454,0.0012877335539087653
911,1.408881664276123,25.92578207534403,0.2205904722213745,15.129717997022556,-0.3513025939464569,21.256282682369843,0.00513535737991333,2.708195014475355,-0.03945022076368332,18.24174193017181,-0.04808839038014412,14.0040508733769,0.026851296424865723,0.7602625489234924,0.10809455811977386,1.195624589920044,0.0013962809462100267,0.7915554046630859,0.08001895993947983,1.0195749998092651,0.001284371712245047
912,1.4087817668914795,25.925709531359583,-0.03688383102416992,15.1297753446948,-0.01746612787246704,21.255475856087756,0.005414515733718872,2.7084411471648058,-0.007588263601064682,18.2419363614198,-0.031998418271541595,14.001290535949027,0.0036316215991973877,0.7601348757743835,0.10802213102579117,1.1964768171310425,0.001429315540008247,0.7917965650558472,0.07989104092121124,1.0182161331176758,0.0012742065591737628
913,1.409054160118103,25.92564977658302,-0.25667691230773926,15.129829788770323,0.31134477257728577,21.25467112684095,0.005782485008239746,2.7086975811171046,0.021598003804683685,18.242299595487967,0.005185969173908234,13.998688578195916,-0.20500785112380981,0.7599660754203796,0.10795708745718002,1.197556734085083,0.0014600399881601334,0.7920243144035339,0.07975978404283524,1.016931176185608,0.0012641981011256576
914,1.4088218212127686,25.925634881762594,-0.2815742492675781,15.129829089560733,0.4657289683818817,21.25386291796281,0.005854129791259766,2.708829633835406,0.0477781742811203,18.242596268513157,0.042068589478731155,14.002868855931572,0.021275579929351807,0.7600162625312805,0.10806546360254288,1.1972572803497314,0.001456970232538879,0.7919839024543762,0.07972563803195953,1.01714026927948,0.0012598123867064714
915,1.40888249874115,25.925664206389396,-0.06655144691467285,15.129753993732171,0.2305034101009369,21.253050472113102,0.005664467811584473,2.7087295480171276,0.027188114821910858,18.242615787415048,0.04512573033571243,14.005956923967236,0.04951474070549011,0.7601297497749329,0.10812406986951828,1.1965010166168213,0.001428095856681466,0.7917616963386536,0.07984012365341187,1.0183814764022827,0.0012658729683607817
916,1.4089775085449219,25.9257007310805,0.21583831310272217,15.129649464865109,-0.18643757700920105,21.252236878082904,0.005293130874633789,2.7085146516839993,-0.016329949721693993,18.242367437686077,0.011673115193843842,14.007160887071207,0.05869981646537781,0.760277271270752,0.10812033712863922,1.1955381631851196,0.0013958570780232549,0.7914984822273254,0.08002036809921265,1.0198630094528198,0.0012764669954776764
917,1.4089542627334595,25.925700813173094,0.33570146560668945,15.129585169943688,-0.4330836832523346,21.25142754783306,0.005031585693359375,2.7083960709908763,-0.043264344334602356,18.242074888201508,-0.030048830434679985,14.006373895835033,0.04887819290161133,0.7603694200515747,0.10806683450937271,1.1949671506881714,0.0013837484875693917,0.7913646697998047,0.08013002574443817,1.0206153392791748,0.001281695207580924
918,1.4088190793991089,25.925649802246465,0.19902539253234863,15.12959667595487,-0.31891024112701416,21.250625777316316,0.005044907331466675,2.708488094960738,-0.03302359953522682,18.24198875102874,-0.048294395208358765,14.004105674821513,0.027332276105880737,0.7603347897529602,0.10799447447061539,1.1952266693115234,0.0014004993718117476,0.7914641499519348,0.08009207248687744,1.020053505897522,0.0012772463960573077
919,1.408742904663086,25.92557354257922,-0.0744779109954834,15.129658201152077,0.03341054543852806,21.24983056323621,0.0053452253341674805,2.7087228823757634,-0.0007991455495357513,18.24219647876464,-0.030975831672549248,14.001189922762162,0.0027085840702056885,0.7602006196975708,0.10792011022567749,1.196118950843811,0.001434484263882041,0.7917187809944153,0.07995329797267914,1.018621802330017,0.0012675930047407746
920,1.4090327024459839,25.92551620421091,-0.2742922306060791,15.129708255557675,0.33363449573516846,21.249036844114144,0.005699217319488525,2.70893804571889,0.023324064910411835,18.242566741378486,0.006839726120233536,13.998477007472596,-0.2070654332637787,0.7600342035293579,0.10785012692213058,1.1971715688705444,0.0014614731771871448,0.7919303774833679,0.07983260601758957,1.017431616783142,0.0012595709413290024
921,1.4087845087051392,25.925506401059145,-0.26718854904174805,15.129699729601066,0.4424372613430023,21.24823927541851,0.005747467279434204,2.709024392669624,0.04275570809841156,18.242859779597858,0.04312014952301979,14.002649770623043,0.0187036395072937,0.7600932717323303,0.10796068608760834,1.196805715560913,0.001454197452403605,0.7918751835823059,0.07981567829847336,1.0177301168441772,0.0012575166765600443
922,1.4088739156723022,25.925538365353844,-0.03541851043701172,15.129620894694474,0.1834171563386917,21.247437470870224,0.005544215440750122,2.7089050175183207,0.019338104873895645,18.242868350506903,0.045005667954683304,14.005810522766376,0.047367483377456665,0.7602157592773438,0.10801932960748672,1.195990800857544,0.0014234568225219846,0.7916398048400879,0.07993768155574799,1.0190470218658447,0.0012646394316107035
923,1.4089080095291138,25.925572569312344,0.22660982608795166,15.129520361720264,-0.206246480345726,21.24663473369234,0.0051659345626831055,2.7087082462632748,-0.02027253247797489,18.24260930081147,0.011004528030753136,14.007142231012176,0.05792105197906494,0.7603635787963867,0.10801833122968674,1.1950322389602661,0.0013926188694313169,0.7913780212402344,0.08011304587125778,1.020517110824585,0.0012741194805130363
924,1.408927321434021,25.925568722068224,0.32011282444000244,15.12946303173489,-0.4160102903842926,21.24583658803892,0.004914671182632446,2.708624639601123,-0.04146699234843254,18.242310679469313,-0.03108166716992855,14.006487615660655,0.04961037635803223,0.7604465484619141,0.10797332972288132,1.1945257186889648,0.0013839064631611109,0.7912569642066956,0.0802101343870163,1.0211931467056274,0.0012774765491485596
925,1.4087705612182617,25.925516259939393,0.1714038848876953,15.129478463697518,-0.2836216688156128,21.245046171253406,0.004937857389450073,2.7087410168396486,-0.02791493944823742,18.242226239007934,-0.04949549585580826,14.004308846597171,0.02903050184249878,0.7604115605354309,0.10790111124515533,1.194793939590454,0.0014025300042703748,0.791365921497345,0.08016030490398407,1.0205754041671753,0.001271814457140863
926,1.4087327718734741,25.92544274792785,-0.08991432189941406,15.129538129094323,0.058037836104631424,21.244262319816215,0.005250334739685059,2.7089749897280804,0.003438308835029602,18.242444292380863,-0.030310126021504402,14.001415703514828,0.004544496536254883,0.7602736353874207,0.1078309565782547,1.1957054138183594,0.0014358736807480454,0.7916162610054016,0.08002680540084839,1.0191677808761597,0.001262305537238717
927,1.409021258354187,25.92539031749634,-0.26683664321899414,15.129582499699595,0.3277018070220947,21.243479770052375,0.005592435598373413,2.70916981944805,0.023235449567437172,18.24282096081064,0.007779218256473541,13.99866390848041,-0.20587557554244995,0.7601137757301331,0.1077592596411705,1.196712851524353,0.001460755243897438,0.7918192148208618,0.07992083579301834,1.0180281400680542,0.0012553574051707983
928,1.4087448120117188,25.925384034856236,-0.2399613857269287,15.129569500819633,0.4109576344490051,21.242693341203683,0.005644023418426514,2.7092376359481274,0.039412468671798706,18.24311394070055,0.04435114562511444,14.002790329924,0.01953110098838806,0.7601776719093323,0.10786664485931396,1.1963106393814087,0.0014511441113427281,0.7917556762695312,0.07990791648626328,1.018375039100647,0.0012541665928438306
929,1.4088302850723267,25.9254152262811,-0.01789259910583496,15.129491315354631,0.15979504585266113,21.241902598341277,0.0054228901863098145,2.709115929165925,0.016377542167901993,18.243113642315688,0.04488010331988335,14.0058803475515,0.047549813985824585,0.7602968811988831,0.10792511701583862,1.1955164670944214,0.0014208818320184946,0.7915225028991699,0.08002965152263641,1.0196807384490967,0.0012614215957000852
930,1.4088772535324097,25.92544607177682,0.22943222522735596,15.129395020345765,-0.21434146165847778,21.241111131948372,0.00506708025932312,2.708930281963833,-0.021430712193250656,18.242845804428363,0.009586866945028305,14.007136352100515,0.05742165446281433,0.7604435086250305,0.107920341193676,1.1945724487304688,0.001392085338011384,0.7912715077400208,0.08019675314426422,1.0210901498794556,0.0012702638050541282
931,1.4088584184646606,25.925438563870163,0.3038771152496338,15.129343012599268,-0.39949503540992737,21.240324150232478,0.004802078008651733,2.7088626198203967,-0.039565715938806534,18.24254734841229,-0.032405268400907516,14.006422110001008,0.04864978790283203,0.760521411895752,0.10787311941385269,1.1941014528274536,0.0013851631665602326,0.7911652326583862,0.08028212934732437,1.0216823816299438,0.001272893394343555
932,1.408767819404602,25.92538501952609,0.14976441860198975,15.129360949861107,-0.25701916217803955,21.23954502445038,0.00484234094619751,2.7089856313216694,-0.02487395703792572,18.24247203137527,-0.049303509294986725,14.00421411187256,0.02789074182510376,0.7604800462722778,0.10780303925275803,1.1944100856781006,0.0014048133743926883,0.7912750840187073,0.08023387938737869,1.021058201789856,0.0012668682029470801
933,1.4086806774139404,25.925313714721682,-0.10484647750854492,15.12941881980853,0.07641682773828506,21.238772327711697,0.005155503749847412,2.7092121777945586,0.0050948988646268845,18.24269885851999,-0.02953486330807209,14.00132757320565,0.0035092830657958984,0.7603433728218079,0.10773108899593353,1.1953119039535522,0.001437378115952015,0.7915253639221191,0.08010070770978928,1.0196512937545776,0.0012575536966323853
934,1.4089726209640503,25.92526565515877,-0.2612025737762451,15.129458533356999,0.3224095404148102,21.23800077448477,0.005484431982040405,2.709392510314515,0.022252114489674568,18.243079834976466,0.009524520486593246,13.998614496929127,-0.20664358139038086,0.7601904273033142,0.10766065120697021,1.1962699890136719,0.0014597043627873063,0.7917155623435974,0.0800030305981636,1.018584966659546,0.001251533511094749
935,1.4087210893630981,25.925262677392425,-0.224900484085083,15.129441893043783,0.39252614974975586,21.23722536506837,0.005532592535018921,2.709451227797998,0.037049662321805954,18.24336597803699,0.045248761773109436,14.002827024074165,0.019444972276687622,0.7602559924125671,0.1077706441283226,1.1958526372909546,0.0014486695872619748,0.7916401624679565,0.0800006166100502,1.0189985036849976,0.001250831293873489
936,1.4088108539581299,25.92529473273693,0.0022194385528564453,15.129363041561025,0.13364118337631226,21.236445709434083,0.005306839942932129,2.70933128925523,0.01355636678636074,18.243352615638898,0.04455597326159477,14.005994846653477,0.04817923903465271,0.7603814005851746,0.10782857984304428,1.1950232982635498,0.0014184146421030164,0.7914025187492371,0.08012394607067108,1.020328402519226,0.001257939962670207
937,1.4088441133499146,25.92532326319576,0.23789739608764648,15.129270255905816,-0.22543087601661682,21.235665479146345,0.00494500994682312,2.7091599665479973,-0.0214756578207016,18.243073408756235,0.008196448907256126,14.007294498645512,0.05855739116668701,0.7605254054069519,0.10782821476459503,1.194100022315979,0.001391298254020512,0.791159451007843,0.08028136193752289,1.0216914415359497,0.0012658810010179877
938,1.4088108539581299,25.92531215623696,0.2906172275543213,15.129223417465322,-0.3829439878463745,21.23488998752729,0.0047019124031066895,2.7091059929660632,-0.03628472983837128,18.24277272718404,-0.03398203104734421,14.00657553429286,0.049854427576065063,0.7605992555618286,0.1077786460518837,1.1936591863632202,0.0013861627085134387,0.7910612225532532,0.08035826683044434,1.0222373008728027,0.0012676769401878119
939,1.4087190628051758,25.9252571529573,0.13145017623901367,15.129243685931687,-0.23379835486412048,21.234122282061247,0.0047505199909210205,2.709227054051001,-0.021586118265986443,18.242705992967736,-0.049863725900650024,14.004318148168048,0.02864179015159607,0.7605544328689575,0.10770940780639648,1.1939901113510132,0.001406604191288352,0.7911790609359741,0.0803036019206047,1.0215699672698975,0.0012619070475921035
940,1.4086624383926392,25.925187239056452,-0.11553621292114258,15.129300106075801,0.09007148444652557,21.23336081758737,0.0050591230392456055,2.709437123852691,0.006163507699966431,18.242945617187203,-0.02874397300183773,14.00135928812739,0.003514021635055542,0.7604165077209473,0.10763769596815109,1.19489324092865,0.0014375051250681281,0.7914272546768188,0.08017561584711075,1.020176887512207,0.0012536015128716826
941,1.4089850187301636,25.925142183769694,-0.2589447498321533,15.12933621120004,0.3190303444862366,21.232600368973873,0.005397796630859375,2.7095974722826517,0.020426135510206223,18.243334379348358,0.011212119832634926,13.998580475693304,-0.2073897123336792,0.7602611780166626,0.10756666958332062,1.1958587169647217,0.0014581246068701148,0.7916133999824524,0.08008275926113129,1.0191360712051392,0.001248350366950035
942,1.408693552017212,25.925141794231426,-0.20491671562194824,15.129316570781672,0.3657023012638092,21.231835778688982,0.005431711673736572,2.709646150757296,0.032792117446660995,18.24361704486551,0.0463109165430069,14.002784389702759,0.018540024757385254,0.7603341937065125,0.10767617076635361,1.19539475440979,0.001445953850634396,0.7915331125259399,0.08008743077516556,1.0195773839950562,0.0012481888988986611
943,1.4087364673614502,25.925173276661987,0.015864133834838867,15.129239038335326,0.11382302641868591,21.23106689224735,0.0051889121532440186,2.709536148805741,0.010766996070742607,18.24359258918658,0.044430796056985855,14.005971238000612,0.04746139049530029,0.7604631781578064,0.10773032158613205,1.1945476531982422,0.001416397630237043,0.7912954092025757,0.08020956814289093,1.0209070444107056,0.0012548258528113365
944,1.4088125228881836,25.925199167587746,0.2331688404083252,15.129150561319614,-0.22146357595920563,21.2302976582844,0.004845738410949707,2.7093865098272496,-0.020683465525507927,18.24330260919706,0.007311919704079628,14.007305113427462,0.05829352140426636,0.7605992555618286,0.10773396492004395,1.1936780214309692,0.0013915507588535547,0.7910589575767517,0.08035933971405029,1.022229790687561,0.0012615361483767629
945,1.4088315963745117,25.925186206947526,0.27360403537750244,15.12910716531931,-0.3634425401687622,21.22953312364418,0.004592031240463257,2.7093489226481386,-0.03302348405122757,18.242997280966318,-0.03571520000696182,14.006618046803563,0.049975186586380005,0.760668933391571,0.10768817365169525,1.1932690143585205,0.0013886319939047098,0.7909660935401917,0.08043073862791061,1.0227428674697876,0.0012624893570318818
946,1.4086943864822388,25.925131924652597,0.11874425411224365,15.129127694948261,-0.21613024175167084,21.228776518407077,0.0046509504318237305,2.70947038112313,-0.01829715259373188,18.242938003655997,-0.050233080983161926,14.004379120766231,0.028999269008636475,0.7606257200241089,0.10761676728725433,1.193588137626648,0.001408287207596004,0.7910856008529663,0.08037616312503815,1.0220668315887451,0.001256832736544311
947,1.4086483716964722,25.925064523559957,-0.1181342601776123,15.129181669035665,0.09620407968759537,21.228026127564686,0.0049724280834198,2.709665907796067,0.007362976670265198,18.243188297526647,-0.02771415375173092,14.001421648111519,0.003810971975326538,0.7604867815971375,0.10754740983247757,1.1944912672042847,0.0014377884799614549,0.7913287878036499,0.08025209605693817,1.0207031965255737,0.0012489957734942436
948,1.4089380502700806,25.925022240067356,-0.24378371238708496,15.129214478582176,0.3016991913318634,21.227276512747572,0.005298316478729248,2.7098073397356277,0.018377063795924187,18.243581430088053,0.012408344075083733,13.998634005309839,-0.2073427438735962,0.7603378295898438,0.10747425258159637,1.1954123973846436,0.0014562455471605062,0.7915045619010925,0.08017056435346603,1.01972234249115,0.0012449234491214156
949,1.408674955368042,25.925022211263023,-0.18932819366455078,15.129194420084486,0.3467574715614319,21.226522702193776,0.005317270755767822,2.709848090205981,0.03012355975806713,18.243860400392798,0.0474252849817276,14.002854833734958,0.018748939037322998,0.7604130506515503,0.10758356750011444,1.194933533668518,0.0014433235628530383,0.791419506072998,0.08017671853303909,1.0201917886734009,0.0012451503425836563
950,1.4087481498718262,25.92505176572327,0.021744728088378906,15.129119285628313,0.10515487194061279,21.2257647671755,0.005073189735412598,2.7097426564368323,0.009706946089863777,18.24382426380469,0.044110700488090515,14.006047761751063,0.047766417264938354,0.7605355978012085,0.10764367878437042,1.194128155708313,0.0014151254436001182,0.7911887764930725,0.08029182255268097,1.0214813947677612,0.0012513358378782868
951,1.4087897539138794,25.925074986290003,0.2261871099472046,15.129034289654722,-0.21606487035751343,21.22500668019827,0.004726886749267578,2.709601848737793,-0.01994691975414753,18.243524170512348,0.0058050137013196945,14.00737115750534,0.05853274464607239,0.7606728672981262,0.1076439842581749,1.193258285522461,0.0013918575132265687,0.7909559607505798,0.08043618500232697,1.0227829217910767,0.0012577103916555643
952,1.408779263496399,25.925060504989062,0.25763392448425293,15.128993347481346,-0.34639787673950195,21.22425354561636,0.004493892192840576,2.709569292315506,-0.03106541559100151,18.24321862867974,-0.0369880236685276,14.006659466699729,0.05006006360054016,0.7607411742210388,0.10759731382131577,1.1928584575653076,0.001389457960613072,0.7908748984336853,0.08049923181533813,1.023230791091919,0.001258285716176033
953,1.4086482524871826,25.925007110295212,0.09874570369720459,15.12901361690985,-0.1938774734735489,21.22350828292657,0.00455966591835022,2.709686909519334,-0.016292722895741463,18.24316812570914,-0.05082501471042633,14.004389261138098,0.028785139322280884,0.7606953978538513,0.10752657800912857,1.1931917667388916,0.0014089923352003098,0.7909939885139465,0.08044540137052536,1.0225566625595093,0.001252659480087459
954,1.4086257219314575,25.924943537703655,-0.11665892601013184,15.129063885442743,0.09377902001142502,21.22276907680679,0.004850149154663086,2.709869979714026,0.0062312837690114975,18.24343165672796,-0.02669946849346161,14.00140691594026,0.0033160746097564697,0.7605589032173157,0.10745619982481003,1.1940748691558838,0.0014367556432262063,0.7912282943725586,0.08033071458339691,1.021244764328003,0.0012457713019102812
955,1.408900260925293,25.92490457682435,-0.23319196701049805,15.129093667433539,0.2895530164241791,21.222030940393328,0.005194872617721558,2.7100053544809795,0.015867678448557854,18.24383149442109,0.01456027664244175,13.998612527657558,-0.20795854926109314,0.7604113221168518,0.10738120973110199,1.1949822902679443,0.0014538280665874481,0.791401743888855,0.08025125414133072,1.0202782154083252,0.0012421045685186982
956,1.4086039066314697,25.92490609551353,-0.17523980140686035,15.129072606995873,0.32942989468574524,21.221288565496227,0.005217611789703369,2.7100520521573257,0.027787959203124046,18.244102969103185,0.048393964767456055,14.00287356638154,0.018536776304244995,0.7604913115501404,0.10748942941427231,1.194476842880249,0.001441043452359736,0.7913166880607605,0.08026113361120224,1.020746111869812,0.0012419336708262563
957,1.4087028503417969,25.924934999083938,0.030560970306396484,15.128999112122198,0.09375398606061935,21.220541970676546,0.004966437816619873,2.709962247015146,0.009192630648612976,18.244052537514307,0.04351285845041275,14.006107250104078,0.047956883907318115,0.7606171369552612,0.10754818469285965,1.1936582326889038,0.0014141733990982175,0.7910831570625305,0.08037489652633667,1.0220482349395752,0.0012471545487642288
958,1.4087586402893066,25.9249562274386,0.2186053991317749,15.128917382880877,-0.20724046230316162,21.21979526574804,0.0046205222606658936,2.7098376979099057,-0.01755007542669773,18.243741690849788,0.004196004942059517,14.007455099213304,0.05907687544822693,0.7607504725456238,0.10755018144845963,1.192815899848938,0.0013926103711128235,0.7908564805984497,0.08051379770040512,1.023314118385315,0.001252829097211361
959,1.4087603092193604,25.92494094294601,0.24718689918518066,15.128878123670386,-0.3332739472389221,21.219053575695597,0.004393458366394043,2.7098089315300236,-0.027897221967577934,18.243436086107362,-0.03853733092546463,14.006740281088405,0.05057394504547119,0.7608168721199036,0.10750498622655869,1.1924294233322144,0.0013906564563512802,0.7907719612121582,0.08057916164398193,1.0237798690795898,0.0012531541287899017
960,1.4086294174194336,25.924888240345393,0.0998694896697998,15.128898057441777,-0.19429129362106323,21.218319745991764,0.004455208778381348,2.7099157289186437,-0.015393268316984177,18.243396271960165,-0.05108707398176193,14.004444167449664,0.029012590646743774,0.760766863822937,0.10743650048971176,1.1927849054336548,0.0014096508966758847,0.7908973693847656,0.08052145689725876,1.0230730772018433,0.0012481200974434614
961,1.4085808992385864,25.924825025968506,-0.11508822441101074,15.128948274670359,0.0943840891122818,21.217592018264302,0.004755795001983643,2.71008521013164,0.006216514855623245,18.243672790504675,-0.025118593126535416,14.001427433235957,0.0032410621643066406,0.7606340050697327,0.10736270248889923,1.1936426162719727,0.0014363141963258386,0.7911300659179688,0.0804087445139885,1.0217719078063965,0.0012418953701853752
962,1.4089045524597168,25.924786244344123,-0.22986149787902832,15.128977821501056,0.28671056032180786,21.21686522617026,0.005105882883071899,2.7102082466429263,0.014947058632969856,18.244075574580812,0.016198528930544853,13.99860411632411,-0.2084200084209442,0.7604780793190002,0.10729483515024185,1.1945968866348267,0.0014530570479109883,0.7913051247596741,0.08032924681901932,1.0207979679107666,0.0012386946473270655
963,1.4086263179779053,25.92478760708642,-0.17096376419067383,15.128956749424386,0.32350245118141174,21.216133966120108,0.005118995904922485,2.7102477925219843,0.026240019127726555,18.244339164676507,0.0493733286857605,14.002880330468521,0.01819610595703125,0.760558545589447,0.10740292072296143,1.1940869092941284,0.0014397714985534549,0.791214644908905,0.08033914119005203,1.0212969779968262,0.001238837605342269
964,1.4086979627609253,25.92481585106063,0.029810667037963867,15.128883920712259,0.09227508306503296,21.215398423087564,0.004880696535110474,2.710158183175672,0.008463429287075996,18.244273953230746,0.04325654357671738,14.00613649661686,0.04784753918647766,0.7606887817382812,0.1074608787894249,1.1932443380355835,0.001413281774148345,0.7909812331199646,0.08045103400945663,1.0225982666015625,0.001244065584614873
965,1.4087300300598145,25.92483657655527,0.21719098091125488,15.128802949841058,-0.21080990135669708,21.2146625420877,0.004501402378082275,2.7100370455450413,-0.017967520281672478,18.243949860941008,0.0019726287573575974,14.007502156063094,0.05907946825027466,0.7608266472816467,0.10746022313833237,1.1923779249191284,0.001391968340612948,0.7907553315162659,0.08058937638998032,1.0238579511642456,0.0012491923989728093
966,1.4087066650390625,25.924820867510284,0.2380063533782959,15.128765164221077,-0.3267141580581665,21.21393200314502,0.004296362400054932,2.7100138215063807,-0.0273014884442091,18.243645831459105,-0.040503956377506256,14.006795887742342,0.050741761922836304,0.7608897089958191,0.1074167862534523,1.192012071609497,0.0013906188542023301,0.7906798124313354,0.08064808696508408,1.024274468421936,0.0012493835529312491
967,1.4086050987243652,25.92476901581223,0.08655202388763428,15.128785644732254,-0.17889289557933807,21.213209308333255,0.004350721836090088,2.7101235142070377,-0.014043383300304413,18.2436208546704,-0.05115113779902458,14.00449564057858,0.02921384572982788,0.7608397603034973,0.10734720528125763,1.1923667192459106,0.0014093784848228097,0.7908006906509399,0.08059477061033249,1.0235927104949951,0.0012444721069186926
968,1.4085615873336792,25.924708590016614,-0.1102602481842041,15.128833965949443,0.09117364138364792,21.212492808071264,0.004684090614318848,2.710289555496669,0.0056274570524692535,18.243912900180746,-0.023338468745350838,14.001464953964437,0.003233015537261963,0.7607030868530273,0.10727443546056747,1.1932438611984253,0.0014353817095980048,0.7910340428352356,0.0804840698838234,1.0222891569137573,0.0012385390000417829
969,1.408811092376709,25.924671657253835,-0.2228097915649414,15.128862252468135,0.2807987630367279,21.21177680813061,0.005013912916183472,2.7104121477863736,0.013786494731903076,18.24431958337926,0.018334662541747093,13.998628937843762,-0.20851749181747437,0.7605523467063904,0.10720336437225342,1.1941652297973633,0.0014512265333905816,0.7912052273750305,0.0804118886590004,1.0213356018066406,0.0012352651683613658
970,1.4085783958435059,25.924673771322503,-0.1619551181793213,15.12884076375169,0.313567191362381,21.21105622497974,0.005012571811676025,2.7104564550396533,0.025216154754161835,18.24457296638166,0.05027452111244202,14.002922958824206,0.01824602484703064,0.7606325149536133,0.10731357336044312,1.193658471107483,0.0014384434325620532,0.7911143898963928,0.08041884005069733,1.0218348503112793,0.0012350128963589668
971,1.40864896774292,25.924701413359458,0.03646993637084961,15.128768918058556,0.08316060900688171,21.210331473255934,0.004774689674377441,2.7103753393513825,0.008319959044456482,18.244491295104698,0.04230045527219772,14.006191240342487,0.04801324009895325,0.7607629895210266,0.10737045854330063,1.1928179264068604,0.001412879559211433,0.7908800840377808,0.08053208887577057,1.023140788078308,0.0012398080434650183
972,1.4087567329406738,25.924720510766285,0.20999622344970703,15.128690272822139,-0.2043638825416565,21.209606501787306,0.004405230283737183,2.710262312883211,-0.01606621965765953,18.244156776871083,-0.00011716969311237335,14.007556385188646,0.05929824709892273,0.760892927646637,0.10737661272287369,1.1920017004013062,0.0013930246932432055,0.7906585335731506,0.08066271245479584,1.0243759155273438,0.001244704588316381
973,1.4087071418762207,25.924704286009227,0.233007550239563,15.128653700193052,-0.32156258821487427,21.20888686354998,0.004179835319519043,2.7102377408121248,-0.025520334020256996,18.243856191657265,-0.04195432364940643,14.006835087516645,0.05081096291542053,0.7609592080116272,0.10732971131801605,1.191618800163269,0.0013918669428676367,0.7905834913253784,0.08072168380022049,1.0247890949249268,0.0012447687331587076
974,1.4086030721664429,25.924652553079007,0.08425772190093994,15.128674717060107,-0.17589817941188812,21.208175388167625,0.004269003868103027,2.7103383881696073,-0.013425732031464577,18.243844683729264,-0.051068611443042755,14.004512707074063,0.029063642024993896,0.7609034180641174,0.10726340860128403,1.1920045614242554,0.0014101543929427862,0.7907098531723022,0.0806654840707779,1.0240782499313354,0.001240248093381524
975,1.4085558652877808,25.924592522697115,-0.11394500732421875,15.128723187139936,0.09708024561405182,21.207469863691365,0.0045919716358184814,2.7104936875332544,0.005682913586497307,18.24415012371614,-0.021794697269797325,14.001463401185843,0.0029791295528411865,0.7607678174972534,0.10718909651041031,1.192872166633606,0.0014350736746564507,0.7909411787986755,0.08055781573057175,1.02278733253479,0.0012349144089967012
976,1.408804178237915,25.924556632974888,-0.215592622756958,15.128750528847442,0.2743690311908722,21.206764750319042,0.004915714263916016,2.710606184393073,0.012360166758298874,18.244560125635132,0.020623911172151566,13.99861859212951,-0.20896363258361816,0.7606194615364075,0.10711638629436493,1.1937767267227173,0.0014502275735139847,0.7911144495010376,0.08048112690448761,1.021823525428772,0.0012320569949224591
977,1.4085264205932617,25.924558733760016,-0.16024351119995117,15.128729005586026,0.3122278153896332,21.2060550385957,0.004913777112960815,2.710647903882972,0.024492837488651276,18.244801681498743,0.05147907882928848,14.00294529598182,0.018136650323867798,0.7607065439224243,0.10722409933805466,1.1932300329208374,0.0014373179292306304,0.7910175919532776,0.08049339801073074,1.0223578214645386,0.0012320926180109382
978,1.408653736114502,25.924586235400827,0.032495975494384766,15.128657058370747,0.08360159397125244,21.2053411549438,0.004659146070480347,2.71056726610836,0.007952561601996422,18.244700146017397,0.04087389260530472,14.006244347175793,0.04810789227485657,0.7608302235603333,0.10728993266820908,1.192430853843689,0.0014122386928647757,0.7907844185829163,0.08060546219348907,1.0236560106277466,0.0012366751907393336
979,1.4087063074111938,25.924605809190655,0.21535205841064453,15.128578169113574,-0.21610257029533386,21.204627324490268,0.004295706748962402,2.710456219895124,-0.017165452241897583,18.244355118631873,-0.0024766474962234497,14.007628119180044,0.059560686349868774,0.7609716057777405,0.10728741437196732,1.1915481090545654,0.0013920193305239081,0.7905575037002563,0.08074038475751877,1.024919867515564,0.0012412340147420764
980,1.4086387157440186,25.924588967907493,0.228185772895813,15.128543549156296,-0.31905093789100647,21.203919014319865,0.00406000018119812,2.710439180646589,-0.02507741004228592,18.24405972208829,-0.043622180819511414,14.006907580824855,0.051151126623153687,0.7610341906547546,0.10724114626646042,1.191187858581543,0.0013914614683017135,0.7904881238937378,0.08079405874013901,1.025301218032837,0.0012409649789333344
981,1.4085801839828491,25.924537243252068,0.07759809494018555,15.128566204786523,-0.16684852540493011,21.203219212910557,0.004164665937423706,2.710545160964597,-0.012136468663811684,18.244064708123133,-0.05082603916525841,14.00456835734309,0.029297322034835815,0.7609743475914001,0.1071777269244194,1.19159996509552,0.0014104516012594104,0.790615439414978,0.08073960244655609,1.0245850086212158,0.0012364557478576899
982,1.4085016250610352,25.924478212649646,-0.1206521987915039,15.128614788699812,0.10861268639564514,21.202525431600673,0.004498660564422607,2.710699384421251,0.006695915013551712,18.244385268598695,-0.01983889378607273,14.001492564941024,0.00298503041267395,0.7608354687690735,0.10710328072309494,1.192484736442566,0.0014350631972774863,0.7908540368080139,0.08062655478715897,1.023254156112671,0.0012311650207266212
983,1.4087848663330078,25.924444402042376,-0.21180438995361328,15.128640191910215,0.27250126004219055,21.201831929215633,0.004822492599487305,2.710805848934875,0.01178610697388649,18.244797473379684,0.02269206941127777,13.998623344319892,-0.2092580795288086,0.7606889009475708,0.10702916234731674,1.1933749914169312,0.0014491166220977902,0.7910178303718567,0.08055832237005234,1.0223438739776611,0.0012287175050005317
984,1.408522367477417,25.924447960711046,-0.15032672882080078,15.128616979201606,0.3010168671607971,21.201133681509322,0.004830271005630493,2.710844583884769,0.023073147982358932,18.24502741429075,0.05265131592750549,14.002963614089861,0.01794680953025818,0.760773777961731,0.10714032500982285,1.1928404569625854,0.001435973565094173,0.7909201383590698,0.08057213574647903,1.0228825807571411,0.001228673616424203
985,1.4086172580718994,25.924475325516894,0.0400388240814209,15.128545113101227,0.07146172225475311,21.20043098232815,0.004555046558380127,2.7107674848224903,0.007073121145367622,18.244906321304658,0.03945791721343994,14.00627892058797,0.04803630709648132,0.7609055638313293,0.10720086842775345,1.1919955015182495,0.0014112808275967836,0.7906829714775085,0.08068465441465378,1.024202585220337,0.0012331345351412892
986,1.4086830615997314,25.9244935336093,0.21051359176635742,15.128468274846055,-0.21381887793540955,21.199728421983995,0.004177838563919067,2.7106636826167407,-0.015981385484337807,18.24455109223308,-0.0048994217067956924,14.007673767198597,0.059643059968948364,0.7610430121421814,0.10720285028219223,1.1911401748657227,0.0013920849887654185,0.7904587388038635,0.08081613481044769,1.0254501104354858,0.0012372444616630673
987,1.4086380004882812,25.92447604769592,0.22365784645080566,15.128435319610045,-0.3163698613643646,21.19903170186694,0.003979861736297607,2.710647877562074,-0.02398977428674698,18.244261720496645,-0.04555581137537956,14.00695313283598,0.05129614472389221,0.7611027956008911,0.10715729743242264,1.1907979249954224,0.0013921497156843543,0.7903942465782166,0.0808657631278038,1.0258047580718994,0.0012370041804388165
988,1.4085570573806763,25.924424267030393,0.07097458839416504,15.128459321553912,-0.15702572464942932,21.198343222497883,0.004079639911651611,2.71075035780215,-0.010996446013450623,18.24428573209158,-0.04994933307170868,14.004602719279237,0.029360532760620117,0.7610403299331665,0.10709287226200104,1.1912238597869873,0.0014109518378973007,0.79052734375,0.08080793917179108,1.0250569581985474,0.0012326136929914355
989,1.4084794521331787,25.924366184333287,-0.12527847290039062,15.128507607690745,0.11748187988996506,21.197660588653278,0.0044183433055877686,2.7108962065308946,0.007100926712155342,18.244619713228754,-0.01756288856267929,14.001511151789595,0.0029161274433135986,0.7608991861343384,0.10702098906040192,1.1921193599700928,0.001434903359040618,0.790768027305603,0.08069373667240143,1.023715853691101,0.0012277420610189438
990,1.4087921380996704,25.924334082535516,-0.2076585292816162,15.128531132362141,0.26968568563461304,21.19697797671761,0.004738301038742065,2.710992972109674,0.01040055975317955,18.24503045083326,0.025243442505598068,13.998629653059897,-0.20959463715553284,0.7607510685920715,0.10694832354784012,1.1930150985717773,0.0014479618985205889,0.7909266352653503,0.08063153177499771,1.0228354930877686,0.0012257324997335672
991,1.4084887504577637,25.924338701249827,-0.13762736320495605,15.12850644861107,0.28395864367485046,21.196290420667143,0.004721105098724365,2.7110294081914135,0.02079370617866516,18.245242299792263,0.05280502513051033,14.002995727056513,0.01786094903945923,0.7608467936515808,0.1070549339056015,1.192415475845337,0.001434197649359703,0.7908209562301636,0.08064848184585571,1.0234183073043823,0.001225910265929997
992,1.408600926399231,25.92436510355831,0.04175138473510742,15.128435876554484,0.06545373052358627,21.19559861794259,0.004439055919647217,2.7109607377726057,0.0068664830178022385,18.24510211597316,0.03748195618391037,14.006334916495108,0.048186808824539185,0.7609772682189941,0.10711809247732162,1.1915836334228516,0.0014108471805229783,0.7905853390693665,0.08075977116823196,1.0247281789779663,0.0012295936467126012
993,1.4086716175079346,25.92438213165937,0.20360779762268066,15.128361159997857,-0.2106008678674698,21.194907268180653,0.004081279039382935,2.710865345012122,-0.015155654400587082,18.244740715149927,-0.007704595103859901,14.007740374538104,0.059912651777267456,0.7611122131347656,0.10712076723575592,1.1907460689544678,0.001392749254591763,0.7903671264648438,0.0808866024017334,1.0259417295455933,0.0012333182385191321
994,1.4086273908615112,25.9243645114514,0.21064984798431396,15.128329769807245,-0.3015334904193878,21.194221776219297,0.0038761496543884277,2.710853511958088,-0.02172189950942993,18.244463567602008,-0.04672513157129288,14.007013022468747,0.051544785499572754,0.7611705660820007,0.10707587003707886,1.190413236618042,0.001392910024151206,0.7903066873550415,0.08093452453613281,1.0262724161148071,0.0012328211450949311
995,1.4085239171981812,25.924314516040738,0.06732773780822754,15.12835294946435,-0.15082642436027527,21.19354466894388,0.003980547189712524,2.71094912583775,-0.010429471731185913,18.244507522884263,-0.04888131096959114,14.004642009345492,0.02947753667831421,0.7611047029495239,0.10701020807027817,1.1908541917800903,0.001410644268617034,0.790440559387207,0.08087541162967682,1.025521993637085,0.0012289145961403847
996,1.4084621667861938,25.92425856892169,-0.11518740653991699,15.128399584945653,0.10945397615432739,21.19287345830381,0.004335284233093262,2.711086312175993,0.005736831575632095,18.244854489966873,-0.014599233865737915,14.00152440685056,0.002721458673477173,0.7609648108482361,0.1069377064704895,1.1917387247085571,0.0014335338491946459,0.7906752228736877,0.08076965808868408,1.0242159366607666,0.001224620034918189
997,1.4087353944778442,25.92422686620773,-0.19777894020080566,15.128422883445571,0.25920623540878296,21.192202040537353,0.004647612571716309,2.7111817664136075,0.008945450186729431,18.245258883777858,0.026792068034410477,13.998625601080098,-0.20994555950164795,0.7608199715614319,0.10686193406581879,1.1926137208938599,0.0014461766695603728,0.7908344268798828,0.08070651441812515,1.0233319997787476,0.0012225884711369872
998,1.4084889888763428,25.92423042702467,-0.13709330558776855,15.128399532805302,0.2834847867488861,21.19152556367263,0.004632711410522461,2.711223874450239,0.020961930975317955,18.24545438508985,0.05300724506378174,14.003013355731385,0.017716199159622192,0.7609122395515442,0.10697446763515472,1.1920396089553833,0.00143367238342762,0.7907277941703796,0.08072394132614136,1.0239189863204956,0.0012223636731505394
999,1.4085718393325806,25.924255913511015,0.038097381591796875,15.128329973543957,0.06748959422111511,21.190844703625814,0.004339277744293213,2.711158922099093,0.007737509906291962,18.24529636257677,0.035934049636125565,14.00637471264421,0.048236310482025146,0.761048436164856,0.10703431069850922,1.191176414489746,0.0014109171461313963,0.7904893755912781,0.08083232492208481,1.0252434015274048,0.0012258210917934775
1000,1.408632516860962,25.92427267335159,0.19903135299682617,15.128255758604082,-0.20883579552173615,21.190164374672218,0.003972440958023071,2.711062413521449,-0.014167867600917816,18.244927353407775,-0.010136857628822327,14.007792608050845,0.06006839871406555,0.761186420917511,0.10703431814908981,1.1903215646743774,0.0013927790569141507,0.7902702689170837,0.08095930516719818,1.0264618396759033,0.0012294166954234242
